gender,SeniorCitizen,Partner,Dependents,tenure,PhoneService,PaperlessBilling,MonthlyCharges,TotalCharges,MultipleLines_Yes,InternetService_Fiber optic,InternetService_No,OnlineSecurity_Yes,OnlineBackup_Yes,DeviceProtection_Yes,TechSupport_Yes,StreamingTV_Yes,StreamingMovies_Yes,Contract_One year,Contract_Two year,PaymentMethod_Credit card (automatic),PaymentMethod_Electronic check,PaymentMethod_Mailed check
1,0,1,0,0.3098591549295775,1,0,0.36000000000000004,0.13881837064389568,0,0,0,0,0,1,1,0,0,0,0,0,1,0
0,0,0,1,0.014084507042253521,1,1,0.37000000000000005,0.010385414262635588,0,0,0,0,0,0,0,0,1,0,0,0,1,0
0,0,0,0,0.5492957746478874,0,0,0.18,0.1573967228248327,0,0,0,0,1,0,1,0,0,1,0,1,0,0
1,1,1,0,0.014084507042253521,1,0,0.6100000000000001,0.017770597738287562,1,1,0,0,0,1,0,0,0,0,0,0,1,0
0,0,0,0,0.014084507042253521,1,1,0.6799999999999999,0.016962843295638123,1,1,0,0,0,0,0,0,1,0,0,0,1,0
1,0,0,0,0.6338028169014085,1,0,0.78,0.5055388876067389,1,1,0,0,0,0,0,1,1,0,0,0,0,0
1,0,0,0,0.5774647887323944,0,1,0.36000000000000004,0.2688668359104547,0,0,0,1,1,1,1,0,1,1,0,0,1,0
0,0,0,0,0.02816901408450704,1,1,0.020000000000000018,0.006692822524809601,0,0,1,0,0,0,0,0,0,0,0,0,1,0
0,0,1,1,0.943661971830986,1,1,0.9600000000000002,0.9036464343411031,1,1,0,1,1,1,1,1,1,0,1,0,0,0
1,0,1,0,0.6338028169014085,0,0,0.27,0.23586429725363492,0,0,0,1,1,0,0,1,0,0,0,0,1,0
1,0,1,1,0.04225352112676056,1,0,0.6200000000000001,0.03277175167320563,0,1,0,0,0,0,0,0,1,0,0,0,1,0
0,0,0,0,0.2112676056338028,1,1,0.53,0.13777982921763213,1,0,0,0,1,1,0,0,1,0,0,0,0,0
0,0,0,0,0.8591549295774649,1,1,0.6200000000000001,0.5726978998384491,0,0,0,0,1,1,1,1,1,0,0,0,0,0
0,0,0,0,0.0,1,1,0.6200000000000001,0.00715439649203785,0,1,0,0,0,0,0,0,1,0,0,0,1,0
0,0,0,0,0.19718309859154928,1,0,0.77,0.16535887375951996,1,1,0,0,1,0,1,0,1,0,0,0,1,0
0,0,1,1,0.23943661971830985,1,0,0.39000000000000007,0.11216247403646436,0,0,0,0,0,1,0,0,1,0,0,0,1,0
1,0,0,0,0.0,1,0,0.27,0.0031156242787906763,0,0,0,0,0,0,0,0,0,0,0,0,1,0
1,1,0,0,0.04225352112676056,1,1,0.6599999999999999,0.03946457419801523,1,1,0,0,0,0,0,0,1,0,0,0,1,0
0,0,0,0,0.26760563380281693,1,1,0.6699999999999999,0.19801523194091855,1,1,0,0,0,0,0,1,0,0,0,0,1,0
0,0,0,1,0.647887323943662,1,0,0.020000000000000018,0.11481652434802678,0,0,1,0,0,0,0,0,0,1,0,1,0,0
1,0,0,0,0.0,1,1,0.6699999999999999,0.007731363951073159,1,1,0,0,0,0,0,0,1,0,0,0,1,0
0,0,0,0,0.47887323943661975,1,0,0.5700000000000001,0.30210016155088854,1,1,0,0,0,0,0,0,0,0,0,1,0,0
1,0,0,1,0.33802816901408456,1,1,0.36000000000000004,0.1440110777752135,0,0,0,0,1,0,1,0,0,1,0,1,0,0
1,0,0,0,0.22535211267605634,1,0,0.06,0.05273482575582737,1,0,1,0,0,0,0,0,0,0,0,0,0,1
0,0,0,0,0.0,1,0,0.020000000000000018,0.00023078698361412436,0,0,1,0,0,0,0,0,0,0,0,0,0,0
1,1,1,0,0.16901408450704225,1,1,0.52,0.10362335564274176,0,1,0,0,0,0,0,0,0,0,0,0,1,0
1,0,1,0,0.16901408450704225,1,1,0.5800000000000001,0.1111239326102008,1,0,0,1,1,0,1,1,0,0,0,0,1,0
0,0,0,0,0.014084507042253521,1,1,0.28,0.007962150934687284,0,0,0,0,0,0,0,0,0,0,0,0,0,0
0,0,1,1,0.9859154929577465,1,1,0.8600000000000001,0.8389106854373414,0,1,0,1,1,1,0,1,1,1,0,0,0,0
1,0,0,0,0.9859154929577465,1,0,0.5900000000000001,0.6383567966766674,0,0,0,1,1,1,1,1,0,0,1,1,0,0
1,0,1,0,0.7323943661971831,1,1,0.9300000000000002,0.6682437110546965,1,1,0,0,1,1,1,1,1,1,0,0,0,0
0,0,1,0,0.9154929577464789,1,0,0.9700000000000002,0.9143780290791599,1,1,0,1,1,1,1,1,1,1,0,0,0,0
1,0,1,1,0.11267605633802817,1,1,0.5700000000000001,0.07258250634664205,0,1,0,0,0,0,1,0,0,0,0,0,1,0
1,1,0,0,0.14084507042253522,1,1,0.77,0.11297022847911378,1,1,0,0,0,0,0,1,1,0,0,0,0,0
0,0,1,0,0.647887323943662,1,0,0.07,0.1293561043157166,1,0,1,0,0,0,0,0,0,0,0,0,1,0
0,1,0,0,0.0,1,1,0.5700000000000001,0.006577429033002539,1,1,0,0,0,0,0,0,0,0,0,0,1,0
0,0,1,1,0.09859154929577466,1,0,0.06,0.021347795984306486,1,0,1,0,0,0,0,0,0,1,0,0,0,1
1,0,1,0,0.8732394366197184,1,1,0.8900000000000001,0.7910223863374105,1,1,0,0,1,1,0,1,1,1,0,0,1,0
0,0,1,1,0.943661971830986,1,0,0.8700000000000001,0.8428340641587815,0,1,0,0,1,1,1,1,1,1,0,1,0,0
0,0,0,0,0.23943661971830985,1,0,0.020000000000000018,0.04419570736210478,0,0,1,0,0,0,0,0,0,1,0,0,0,1
0,0,1,0,0.22535211267605634,0,0,0.36000000000000004,0.10570043849526888,0,0,0,0,0,1,1,1,1,1,0,0,1,0
0,0,1,1,0.647887323943662,1,1,0.81,0.5459266097392107,1,1,0,0,1,0,0,1,1,0,0,0,1,0
1,0,1,0,0.25352112676056343,1,1,0.41,0.12831756288945304,0,0,0,0,1,0,0,0,1,0,0,0,0,1
1,0,1,1,0.23943661971830985,1,1,0.36000000000000004,0.10835448880683131,0,0,0,0,0,1,1,0,0,1,0,1,0,0
0,0,0,0,0.3943661971830986,1,1,0.010000000000000009,0.0639279944611124,0,0,1,0,0,0,0,0,0,1,0,0,0,1
0,0,0,0,0.35211267605633806,1,1,0.6599999999999999,0.2611354719593815,1,1,0,0,0,1,1,0,0,0,0,0,0,1
0,0,1,1,0.19718309859154928,1,0,0.5700000000000001,0.13074082621740135,0,1,0,1,0,0,0,0,0,0,0,0,0,1
1,0,1,0,0.0,1,0,0.37000000000000005,0.004269559196861297,0,0,0,0,0,0,0,1,0,0,0,0,0,1
0,0,0,0,0.07042253521126761,1,1,0.69,0.05815831987075929,1,1,0,0,0,0,1,0,1,0,0,0,0,0
1,1,1,0,0.7464788732394366,1,1,0.8300000000000001,0.6179321486268174,1,1,0,0,1,0,0,1,1,1,0,1,0,0
1,0,1,0,0.014084507042253521,1,0,0.51,0.01488576044311101,0,0,0,0,0,1,0,1,1,0,0,1,0,0
0,0,0,1,0.0,1,1,0.020000000000000018,0.00023078698361412436,0,0,1,0,0,0,0,0,0,0,0,0,0,1
0,1,1,0,0.22535211267605634,1,0,0.6300000000000001,0.1512808677590584,0,1,0,0,0,0,0,0,1,0,0,0,0,0
0,0,0,0,0.014084507042253521,1,1,0.36000000000000004,0.007962150934687284,0,0,0,1,0,0,1,0,0,0,0,0,0,1
0,0,0,0,0.0,1,1,0.6100000000000001,0.007039003000230788,0,1,0,0,0,0,0,1,0,0,0,0,1,0
0,1,1,0,0.6056338028169015,0,1,0.12,0.15474267251327026,0,0,0,0,1,0,0,0,0,0,0,0,1,0
0,0,0,0,0.619718309859155,1,1,0.8500000000000001,0.5456958227555966,1,1,0,0,0,1,1,1,1,0,0,0,0,0
0,0,0,0,0.15492957746478872,0,1,0.32,0.06773597969074545,0,0,0,1,1,0,1,1,0,0,0,0,0,0
0,0,0,0,0.02816901408450704,1,1,0.020000000000000018,0.0049619201477036695,0,0,1,0,0,0,0,0,0,0,0,0,1,0
1,0,1,1,0.5352112676056339,1,1,0.6300000000000001,0.3564504961920148,0,1,0,0,0,1,1,0,0,0,0,0,0,0
1,0,1,0,0.7042253521126761,1,1,0.6000000000000001,0.4537272097853681,1,0,0,0,1,0,1,1,1,1,0,1,0,0
1,0,1,1,0.5211267605633804,1,1,0.020000000000000018,0.0840064620355412,0,0,1,0,0,0,0,0,0,0,1,0,0,1
1,0,0,0,0.2112676056338028,0,1,0.2,0.07454419570736211,0,0,0,1,0,0,0,1,0,0,0,0,1,0
1,1,0,0,0.056338028169014086,1,1,0.6599999999999999,0.04581121624740365,0,1,0,0,0,1,0,1,0,0,0,0,0,1
0,0,1,1,0.36619718309859156,0,1,0.27,0.14170320793907223,0,0,0,0,1,1,0,0,1,1,0,1,0,0
0,1,1,0,0.323943661971831,0,0,0.16000000000000003,0.09346872836372029,0,0,0,0,0,1,1,0,0,0,0,0,0,1
1,0,0,0,0.16901408450704225,1,0,0.49000000000000005,0.09508423724901917,0,0,0,1,1,0,1,0,1,0,0,0,0,0
1,0,0,0,0.0,0,0,0.17000000000000004,0.0019616893607200554,0,0,0,0,0,0,0,0,1,0,0,0,0,1
0,0,0,0,0.8873239436619719,1,1,0.8700000000000001,0.7944841910916224,1,1,0,0,1,0,1,1,1,1,0,1,0,0
0,1,1,0,0.0,0,0,0.22000000000000003,0.0025386568197553663,0,0,0,0,1,0,0,1,0,0,0,0,1,0
0,1,1,1,0.5633802816901409,1,1,0.9300000000000002,0.5211170090006924,1,1,0,0,1,1,1,1,1,1,0,0,1,0
0,0,1,1,0.8309859154929577,1,1,0.020000000000000018,0.14447265174244173,0,0,1,0,0,0,0,0,0,0,1,0,0,0
0,1,1,0,0.8169014084507042,1,1,0.75,0.6411262404800369,1,1,0,0,0,0,0,1,1,0,0,0,0,0
1,0,0,1,0.5070422535211268,1,0,0.020000000000000018,0.08504500346180477,0,0,1,0,0,0,0,0,0,1,0,0,0,0
1,0,0,1,0.5633802816901409,1,1,0.7,0.4185321947842142,1,1,0,0,1,0,0,1,0,0,0,0,0,0
1,1,1,1,0.9014084507042254,1,1,0.8500000000000001,0.778790676205862,1,1,0,0,0,1,1,1,1,1,0,0,0,0
0,0,1,1,0.7746478873239437,1,1,0.06,0.16305100392337873,1,0,1,0,0,0,0,0,0,1,0,0,0,1
0,0,1,1,0.18309859154929578,1,0,0.51,0.1068543734133395,1,0,0,1,1,0,0,0,1,0,0,0,0,1
0,0,1,1,0.7183098591549296,1,0,0.06,0.15151165474267253,1,0,1,0,0,0,0,0,0,0,1,0,0,1
1,0,1,0,0.5774647887323944,1,1,0.6699999999999999,0.4282252480960074,1,1,0,0,0,1,1,0,0,0,0,1,0,0
0,0,1,1,0.7042253521126761,1,1,0.05000000000000002,0.1382414031848604,1,0,1,0,0,0,0,0,0,1,0,0,0,1
1,0,1,0,0.23943661971830985,1,1,0.77,0.19928456035079622,0,1,0,0,0,1,0,1,1,0,0,1,0,0
1,1,0,1,0.0,1,1,0.53,0.00611585506577429,0,1,0,0,0,0,0,0,0,0,0,0,1,0
0,0,0,0,0.0,1,1,0.71,0.008192937918301408,0,1,0,0,0,0,0,1,1,0,0,0,1,0
1,0,0,0,0.0,1,1,0.27,0.0031156242787906763,0,0,0,0,0,0,0,0,0,0,0,0,1,0
1,0,0,0,0.0,1,0,0.020000000000000018,0.00023078698361412436,0,0,1,0,0,0,0,0,0,0,0,0,0,1
0,0,1,0,0.0,1,1,0.56,0.006462035541195477,1,1,0,0,0,0,0,0,0,0,0,0,0,0
0,1,1,0,0.47887323943661975,1,1,0.8200000000000001,0.3945303484883453,1,1,0,0,0,1,0,1,1,0,0,0,1,0
1,0,1,1,0.943661971830986,0,0,0.42,0.472074774982691,0,0,0,0,1,1,1,1,1,0,1,1,0,0
1,0,1,0,0.7605633802816901,1,0,0.010000000000000009,0.12947149780752368,0,0,1,0,0,0,0,0,0,1,0,0,1,0
1,0,0,0,0.971830985915493,0,1,0.39999999999999997,0.4841910916224325,0,0,0,1,0,1,1,1,1,0,1,0,0,0
1,0,0,0,0.04225352112676056,1,1,0.5800000000000001,0.036348949919224556,0,1,0,0,1,0,0,0,0,0,0,0,0,0
1,0,1,0,0.35211267605633806,0,0,0.29000000000000004,0.13524117239787678,0,0,0,1,1,1,0,1,0,1,0,0,0,0
0,0,0,0,0.295774647887324,1,0,0.41,0.14262635587352873,1,0,0,1,1,0,0,0,0,0,0,0,1,0
0,0,1,1,0.323943661971831,1,0,0.6300000000000001,0.2198246018924533,1,0,0,1,0,0,1,1,1,0,0,0,0,0
0,0,1,1,0.943661971830986,1,1,0.7,0.7055158089083775,1,0,0,1,1,1,1,1,1,0,1,1,0,0
0,0,0,0,0.9859154929577465,1,1,0.6799999999999999,0.7101315485806601,1,1,0,0,0,1,1,0,0,0,1,1,0,0
0,0,0,0,1.0,1,1,0.5700000000000001,0.6136625894299561,0,0,0,1,1,1,1,1,0,0,1,0,0,0
1,0,1,1,0.9577464788732395,1,0,0.41,0.47495961227786754,0,0,0,0,1,1,1,0,0,1,0,0,0,0
1,0,0,0,1.0,1,0,0.6799999999999999,0.7306715901223171,1,0,0,0,1,1,1,1,1,0,1,0,0,0
1,1,0,0,0.6338028169014085,1,1,0.9200000000000002,0.5603507962150934,1,1,0,1,1,1,0,1,1,1,0,0,1,0
0,0,0,0,0.04225352112676056,1,0,0.6000000000000001,0.036002769443803366,1,1,0,0,1,0,0,0,0,0,0,0,1,0
1,1,0,0,0.056338028169014086,1,1,0.6599999999999999,0.04315716593584122,0,1,0,0,1,0,0,1,0,0,0,0,1,0
1,0,0,0,0.19718309859154928,1,1,0.37000000000000005,0.10166166628202171,1,0,0,1,0,0,0,0,0,0,0,0,0,1
0,0,1,1,0.5492957746478874,1,0,0.010000000000000009,0.09116085852757905,0,0,1,0,0,0,0,0,0,0,1,0,0,1
0,0,0,0,0.971830985915493,1,1,0.8600000000000001,0.8345257327486729,1,1,0,1,0,0,1,1,1,0,1,1,0,0
1,0,0,0,0.4225352112676057,1,0,0.020000000000000018,0.07673667205169629,0,0,1,0,0,0,0,0,0,1,0,0,0,1
1,0,1,0,0.6338028169014085,1,1,0.9000000000000001,0.5580429263789523,1,1,0,0,1,1,1,1,1,0,1,1,0,0
0,0,0,0,0.6901408450704226,1,0,0.9600000000000002,0.6661666282021694,1,1,0,1,1,1,1,1,1,1,0,1,0,0
0,0,0,0,0.4084507042253521,1,1,0.76,0.3070620816985922,1,1,0,1,1,0,0,0,1,0,0,1,0,0
1,0,0,0,0.04225352112676056,0,1,0.06,0.007846757442880221,0,0,0,0,0,0,0,0,0,0,0,0,1,0
0,0,0,0,0.9577464788732395,1,0,0.72,0.7274405723517193,1,0,0,1,1,1,1,1,1,0,1,0,0,1
0,0,1,0,0.8450704225352113,0,1,0.44,0.43387952919455347,0,0,0,1,0,1,1,1,1,0,1,0,0,1
1,0,1,1,0.07042253521126761,1,0,0.37000000000000005,0.040041541657050546,0,0,0,1,1,0,0,0,0,0,0,1,0,0
0,0,1,0,0.33802816901408456,1,1,0.77,0.26771290099238404,0,1,0,0,0,0,1,1,1,0,0,1,0,0
0,0,0,0,0.9859154929577465,1,0,0.07,0.21693976459727674,1,0,1,0,0,0,0,0,0,0,1,0,0,0
0,0,1,1,0.16901408450704225,1,0,0.020000000000000018,0.023078698361412416,0,0,1,0,0,0,0,0,0,1,0,0,0,1
0,0,1,1,0.09859154929577466,1,1,0.5800000000000001,0.07235171936302794,1,0,0,1,1,0,1,0,1,0,1,1,0,0
0,0,1,0,0.5492957746478874,0,1,0.24,0.19593814908839144,0,0,0,1,1,1,0,0,0,1,0,0,1,0
1,0,1,0,0.5492957746478874,1,0,0.010000000000000009,0.08792984075698132,0,0,1,0,0,0,0,0,0,0,1,0,0,1
0,0,0,1,0.8873239436619719,1,1,0.81,0.710016155088853,0,1,0,0,1,0,1,1,1,0,0,1,0,0
1,0,1,1,0.7042253521126761,1,0,0.6699999999999999,0.5080775444264943,0,0,0,1,1,1,1,1,1,0,1,1,0,0
0,0,0,0,1.0,1,0,0.010000000000000009,0.1633971843987999,0,0,1,0,0,0,0,0,0,0,1,0,0,0
0,1,1,0,0.3943661971830986,1,1,0.76,0.3040618509116086,1,1,0,0,0,0,0,1,1,0,0,0,1,0
1,1,0,0,0.7746478873239437,1,0,0.8600000000000001,0.6719363027925225,1,1,0,0,1,1,0,1,1,0,0,0,1,0
1,0,1,0,0.09859154929577466,1,1,0.6699999999999999,0.07027463651050081,1,1,0,0,0,0,0,0,1,0,0,1,0,0
0,0,0,0,0.9859154929577465,1,0,0.79,0.769559196861297,1,1,0,1,0,0,1,0,1,1,0,1,0,0
1,1,1,1,0.295774647887324,1,0,0.6699999999999999,0.22420955458112163,1,1,0,0,0,0,0,1,0,0,0,0,0,0
0,0,0,0,0.7464788732394366,0,0,0.27,0.28179090699284565,0,0,0,1,0,0,1,1,0,0,1,1,0,0
0,0,0,0,0.0,1,1,0.010000000000000009,0.00011539349180706218,0,0,1,0,0,0,0,0,0,0,0,0,0,0
1,0,1,1,0.2112676056338028,1,0,0.5,0.12647126702054004,0,0,0,1,1,0,1,0,1,0,1,0,0,0
0,0,1,0,0.9014084507042254,1,1,0.72,0.6823217170551581,1,1,0,0,1,0,0,0,1,0,0,0,1,0
0,0,1,1,1.0,1,1,0.79,0.8046388183706439,1,1,0,1,1,0,1,0,1,0,1,1,0,0
1,0,0,1,0.14084507042253522,0,1,0.18,0.04431110085391184,0,0,0,1,0,0,1,0,0,1,0,0,0,1
1,0,0,0,0.9154929577464789,0,1,0.29000000000000004,0.36452804061850913,0,0,0,1,1,1,1,0,0,0,1,0,0,1
1,0,0,0,0.35211267605633806,1,1,0.8200000000000001,0.29783060235402725,1,1,0,0,0,1,0,1,1,0,0,0,0,0
0,0,1,1,0.23943661971830985,1,0,0.010000000000000009,0.03738749134548811,0,0,1,0,0,0,0,0,0,1,0,0,0,0
1,0,0,0,0.0,1,1,0.8200000000000001,0.009462266328179092,1,1,0,0,1,0,0,1,1,0,0,1,0,0
1,0,0,0,0.3802816901408451,1,1,0.36000000000000004,0.17159012231710133,1,0,0,0,0,0,1,0,0,0,0,1,0,0
0,0,0,1,0.04225352112676056,1,1,0.31,0.01915531963997231,0,0,0,1,0,0,0,0,0,0,0,0,1,0
0,0,1,0,0.1267605633802817,1,1,0.52,0.0739672282483268,0,1,0,0,0,0,0,0,0,0,0,0,1,0
0,0,1,1,0.9154929577464789,1,1,0.5700000000000001,0.5763904915762751,0,0,0,1,1,1,1,1,0,1,0,0,1,0
0,0,1,1,0.33802816901408456,1,1,0.72,0.2492499423032541,0,1,0,0,0,0,0,1,1,1,0,0,1,0
0,0,0,1,0.18309859154929578,1,0,0.5800000000000001,0.11954765751211632,0,0,0,1,1,1,1,0,1,0,1,0,0,0
1,0,1,1,0.04225352112676056,1,0,0.020000000000000018,0.005077313639510732,0,0,1,0,0,0,0,0,0,0,0,0,0,1
0,0,1,1,0.0,1,1,0.53,0.00611585506577429,0,1,0,0,0,0,0,0,0,0,0,0,1,0
0,1,1,0,0.7183098591549296,1,1,0.8600000000000001,0.6404338795291945,1,1,0,1,0,1,0,1,1,0,0,0,1,0
0,0,0,0,0.6901408450704226,0,1,0.17000000000000004,0.20355411954765754,0,0,0,1,1,0,0,0,0,0,0,0,0,1
0,0,0,0,0.0,1,1,0.7,0.008077544426494346,0,1,0,0,0,0,0,1,1,0,0,0,1,0
0,0,1,1,0.647887323943662,1,0,0.06,0.1317793676436649,1,0,1,0,0,0,0,0,0,0,1,0,0,1
1,0,0,0,0.323943661971831,1,1,0.7,0.23701823217170553,1,1,0,0,0,1,0,1,0,0,0,1,0,0
1,1,1,1,0.943661971830986,0,1,0.35000000000000003,0.41980152319409186,0,0,0,0,1,1,0,1,1,0,1,0,1,0
0,1,1,0,0.49295774647887325,1,0,0.36000000000000004,0.22778675282714056,0,0,0,0,0,1,1,0,0,1,0,1,0,0
0,0,1,0,0.9014084507042254,1,1,0.020000000000000018,0.16108931456265868,0,0,1,0,0,0,0,0,0,0,1,1,0,0
1,1,0,0,0.7746478873239437,1,0,0.9200000000000002,0.706323563351027,1,1,0,1,1,1,0,1,1,1,0,0,1,0
1,0,1,1,0.18309859154929578,1,1,0.69,0.143087929840757,1,1,0,0,0,1,0,0,1,0,0,0,1,0
0,0,1,0,0.19718309859154928,1,1,0.8300000000000001,0.17147472882529427,1,1,0,0,0,1,0,1,1,0,0,0,1,0
1,1,1,0,0.04225352112676056,1,1,0.81,0.03796445880452343,1,1,0,1,0,0,0,1,1,0,0,0,1,0
1,1,1,0,0.9295774647887325,1,1,0.8900000000000001,0.8220632356335102,1,1,0,1,0,1,0,1,1,1,0,1,0,0
0,1,1,0,0.7746478873239437,1,1,0.6699999999999999,0.5545811216247404,0,0,0,1,1,1,1,1,1,0,1,0,0,0
1,0,1,1,0.295774647887324,1,1,0.51,0.1707823678744519,0,0,0,0,1,0,0,1,1,1,0,0,0,0
1,1,1,0,1.0,1,1,0.07,0.22144011077775216,1,0,1,0,0,0,0,0,0,0,1,1,0,0
1,0,1,1,0.014084507042253521,1,0,0.47000000000000003,0.013385645049619203,0,0,0,0,0,0,0,1,1,0,0,0,0,1
0,0,1,1,0.19718309859154928,1,1,0.51,0.12150934687283638,0,0,0,0,1,1,1,0,1,0,0,0,0,1
1,1,0,0,0.014084507042253521,1,1,0.38000000000000006,0.01153934918070621,1,0,0,0,1,0,0,0,0,0,0,1,0,0
1,0,0,0,0.7605633802816901,1,1,0.6300000000000001,0.5182321717055158,0,1,0,0,1,1,0,0,0,0,0,0,1,0
1,0,1,0,0.15492957746478872,1,0,0.27,0.05619663051003924,0,0,0,0,0,0,0,0,0,0,0,0,0,0
1,0,1,1,0.3802816901408451,1,1,0.6300000000000001,0.25490422340180013,0,1,0,0,0,0,0,0,1,0,0,0,1,0
1,1,1,0,0.22535211267605634,1,1,0.6699999999999999,0.16674359566120472,1,1,0,1,0,1,0,0,0,0,0,0,0,0
1,0,1,1,0.9859154929577465,1,1,0.77,0.7791368566812832,1,1,0,1,1,1,1,0,0,1,0,1,0,0
1,0,1,0,1.0,1,0,0.6200000000000001,0.659935379644588,1,1,0,1,0,0,0,0,0,0,1,0,0,0
1,0,0,0,0.0,1,1,0.010000000000000009,0.00011539349180706218,0,0,1,0,0,0,0,0,0,0,0,0,0,1
0,0,0,0,0.8028169014084507,1,1,0.8500000000000001,0.6922455573505654,1,1,0,0,1,1,0,1,1,1,0,0,0,0
0,0,1,0,0.4084507042253521,1,0,0.31,0.16420493884144935,1,0,0,0,0,0,0,0,0,0,0,0,1,0
1,0,1,0,0.8169014084507042,1,1,0.6200000000000001,0.5394645741980152,1,0,0,0,1,0,1,1,1,1,0,0,1,0
0,0,1,1,0.0,1,0,0.26,0.003000230786983614,0,0,0,0,0,0,0,0,0,0,0,0,1,0
1,1,0,0,0.4366197183098592,1,0,0.72,0.33221786291253175,0,1,0,0,0,0,0,1,1,0,0,0,1,0
0,0,0,0,0.15492957746478872,1,1,0.31,0.0663512577890607,0,0,0,0,1,0,0,0,0,0,0,0,0,0
1,0,1,1,0.9577464788732395,1,1,0.07,0.19097622894068775,1,0,1,0,0,0,0,0,0,0,1,0,0,0
1,0,1,0,0.5774647887323944,1,0,0.07,0.1257789060696977,1,0,1,0,0,0,0,0,0,0,1,0,1,0
1,0,1,1,0.35211267605633806,1,0,0.6300000000000001,0.23678744518809142,0,1,0,1,1,0,0,0,0,0,0,0,1,0
0,0,1,1,0.8591549295774649,1,0,0.53,0.5156935148857604,0,0,0,1,0,1,1,0,1,1,0,1,0,0
0,0,0,0,0.09859154929577466,1,1,0.6799999999999999,0.07281329333025618,1,1,0,0,0,0,0,0,1,0,0,0,1,0
1,0,0,0,0.09859154929577466,1,0,0.6599999999999999,0.07500576967459036,0,1,0,1,0,0,0,1,0,0,0,0,1,0
1,0,1,1,0.33802816901408456,1,1,0.71,0.2711747057465959,1,1,0,0,0,1,0,0,1,0,0,0,1,0
0,0,1,0,0.9014084507042254,1,1,0.73,0.6833602584814217,1,1,0,0,1,0,0,1,0,0,0,0,0,0
0,0,0,0,0.33802816901408456,1,1,0.020000000000000018,0.05977382875605816,0,0,1,0,0,0,0,0,0,0,0,0,0,1
0,0,1,1,0.647887323943662,1,0,0.69,0.4614585737364413,1,1,0,0,1,0,0,1,0,0,0,0,1,0
1,0,1,1,0.15492957746478872,0,0,0.12,0.04038772213247173,0,0,0,0,0,0,1,0,0,1,0,1,0,0
0,1,1,0,0.16901408450704225,1,1,0.8,0.14066466651280868,0,1,0,0,1,1,0,1,1,0,0,0,1,0
0,0,1,1,0.7183098591549296,1,1,0.020000000000000018,0.12150934687283638,0,0,1,0,0,0,0,0,0,1,0,1,0,0
1,0,0,0,0.0,1,1,0.010000000000000009,0.00011539349180706218,0,0,1,0,0,0,0,0,0,0,0,0,0,1
1,0,0,0,0.16901408450704225,1,1,0.6599999999999999,0.12000923147934457,1,1,0,0,1,1,0,0,0,0,0,0,1,0
1,0,1,0,0.7042253521126761,1,1,0.42,0.36083544888068314,0,0,0,1,1,0,1,0,0,1,0,0,0,0
1,1,1,1,0.04225352112676056,1,0,0.28,0.01880913916455112,0,0,0,0,0,0,0,0,0,0,0,0,1,0
0,0,0,0,0.11267605633802817,1,1,0.0,0.019270713131779367,0,0,1,0,0,0,0,0,0,0,0,0,0,1
0,0,1,1,0.36619718309859156,1,0,0.53,0.2237479806138934,1,0,0,0,0,0,1,1,1,0,0,0,0,0
0,0,1,1,0.295774647887324,1,1,0.7,0.21543964920378492,1,1,0,0,0,1,0,1,0,0,0,0,1,0
0,0,0,0,0.6338028169014085,1,1,0.75,0.4772674821140088,1,1,0,1,1,0,0,0,1,0,0,0,1,0
1,1,1,0,0.8873239436619719,1,0,0.79,0.739903069466882,0,1,0,1,1,1,0,0,1,1,0,0,0,0
0,0,1,0,0.8309859154929577,0,1,0.42,0.4112624048003693,0,0,0,0,1,1,1,1,1,0,0,0,0,0
0,0,1,1,0.9014084507042254,1,1,0.51,0.5124624971151627,1,0,0,1,1,0,0,0,1,0,1,0,0,1
0,0,1,0,0.18309859154929578,1,0,0.6300000000000001,0.13420263097161322,0,0,0,0,1,1,1,1,1,0,1,0,0,1
1,0,1,0,0.19718309859154928,1,1,0.6599999999999999,0.1488576044311101,0,1,0,0,0,1,0,1,0,0,0,0,1,0
1,0,1,0,0.35211267605633806,1,0,0.6300000000000001,0.23771059312254791,0,0,0,0,1,1,1,1,1,0,0,0,0,0
1,0,0,0,0.295774647887324,1,1,0.6599999999999999,0.21197784444957307,0,1,0,0,1,0,0,0,1,0,0,0,0,1
0,0,0,1,0.3943661971830986,1,0,0.8200000000000001,0.3244864989614586,1,1,0,0,1,1,1,0,1,1,0,1,0,0
1,0,1,0,0.8028169014084507,1,1,0.8400000000000001,0.6770136164320332,1,1,0,0,0,1,1,1,1,0,0,1,0,0
0,0,1,1,0.6619718309859155,1,1,0.37000000000000005,0.30383106392799447,0,0,0,0,1,1,0,0,0,1,0,1,0,0
1,0,1,0,0.9295774647887325,1,1,0.9300000000000002,0.8646434341103162,1,1,0,1,0,1,1,1,1,1,0,0,1,0
0,0,1,1,0.9859154929577465,1,0,0.9100000000000001,0.89591507039003,0,1,0,1,1,1,1,1,1,0,1,1,0,0
1,0,0,0,0.647887323943662,1,0,0.020000000000000018,0.11862450957765983,0,0,1,0,0,0,0,0,0,0,1,0,0,1
1,0,1,0,1.0,1,0,0.46,0.5522732517885991,1,0,0,1,1,0,1,0,0,0,1,0,0,0
1,0,1,1,0.9577464788732395,1,1,0.8700000000000001,0.83267943687976,1,1,0,1,1,1,1,1,0,1,0,1,0,0
0,1,1,0,0.9014084507042254,1,1,0.74,0.6865912762520193,1,1,0,1,1,0,0,1,0,0,1,1,0,0
0,0,0,0,0.47887323943661975,1,1,0.010000000000000009,0.0715439649203785,0,0,1,0,0,0,0,0,0,1,0,0,0,1
1,0,0,0,0.4507042253521127,1,1,0.8200000000000001,0.381029309946919,1,1,0,0,1,0,0,1,1,0,0,0,1,0
1,1,0,0,0.02816901408450704,1,1,0.6799999999999999,0.02330948534502654,0,1,0,0,0,1,0,1,0,0,0,0,1,0
0,0,0,0,0.5211267605633804,1,0,0.77,0.4139164551119317,1,1,0,0,0,1,1,1,0,1,0,0,0,0
1,0,1,0,0.9859154929577465,0,0,0.48000000000000004,0.539003000230787,0,0,0,1,1,1,1,1,1,1,0,0,0,0
1,0,0,0,0.619718309859155,1,0,0.55,0.38437572120932384,1,0,0,1,0,0,1,0,1,0,1,0,0,1
0,0,0,0,0.08450704225352114,1,0,0.05000000000000002,0.01788599123009462,1,0,1,0,0,0,0,0,0,0,0,0,0,1
1,0,0,0,0.09859154929577466,1,1,0.31,0.040041541657050546,0,0,0,1,0,0,0,0,0,0,0,0,1,0
1,0,0,0,0.7605633802816901,1,0,0.27,0.28202169397645976,0,0,0,0,0,0,0,0,0,1,0,0,0,0
1,1,0,0,0.6901408450704226,1,1,0.8800000000000001,0.6149319178398338,1,1,0,0,1,0,1,1,1,1,0,0,1,0
1,0,1,1,0.3802816901408451,1,1,0.010000000000000009,0.06058158319870759,0,0,1,0,0,0,0,0,0,0,0,0,0,0
1,0,0,0,0.0,1,1,0.38000000000000006,0.0043849526886683594,0,0,0,0,0,0,0,0,1,0,0,0,1,0
1,0,0,0,0.0,1,1,0.27,0.0031156242787906763,0,0,0,0,0,0,0,0,0,0,0,0,1,0
0,0,0,0,0.08450704225352114,1,0,0.56,0.05942764828063697,0,1,0,1,0,0,0,0,0,0,0,0,0,1
1,1,0,0,0.0,0,1,0.18,0.0020770828525271175,0,0,0,0,0,0,0,1,0,0,0,0,1,0
1,0,0,0,0.5915492957746479,1,1,0.07,0.13501038541426263,1,0,1,0,0,0,0,0,0,0,1,1,0,0
0,0,0,0,0.08450704225352114,0,0,0.17000000000000004,0.028386798984537276,0,0,0,1,0,1,0,0,0,1,0,0,0,1
0,0,1,0,0.09859154929577466,1,1,0.36000000000000004,0.049273021001615507,0,0,0,0,1,1,0,0,0,0,0,0,0,1
0,0,1,1,0.23943661971830985,1,0,0.6500000000000001,0.1838218324486499,0,0,0,1,0,1,1,1,1,0,0,0,1,0
1,0,0,0,0.8591549295774649,0,1,0.25,0.3150242326332795,0,0,0,0,1,1,0,0,1,0,1,1,0,0
1,0,1,0,0.7323943661971831,1,1,0.73,0.5589660743134087,1,1,0,0,0,0,1,0,1,1,0,0,1,0
0,1,0,0,0.11267605633802817,1,0,0.31,0.04950380798522963,0,0,0,0,0,0,1,0,0,0,0,0,0,1
0,0,1,0,0.18309859154929578,1,1,0.6400000000000001,0.13466420493884146,1,1,0,0,1,1,0,0,0,0,0,0,1,0
1,0,0,0,0.8591549295774649,1,1,0.010000000000000009,0.12750980844680362,0,0,1,0,0,0,0,0,0,0,1,1,0,0
0,0,1,0,0.09859154929577466,1,1,0.31,0.04327255942764828,0,0,0,0,1,0,0,0,0,0,0,0,0,0
0,0,1,0,0.5492957746478874,1,0,0.6200000000000001,0.3593353334871913,0,1,0,0,1,1,0,0,0,1,0,0,1,0
1,0,1,0,0.9859154929577465,1,1,0.9700000000000002,0.9300715439649204,1,1,0,1,1,1,1,1,1,0,1,1,0,0
0,0,1,0,0.056338028169014086,0,1,0.06,0.009462266328179092,0,0,0,0,0,0,0,0,0,0,0,0,1,0
0,0,0,0,0.0,1,1,0.51,0.005885068082160166,0,1,0,0,0,0,0,0,0,0,0,0,1,0
0,0,1,1,0.04225352112676056,1,0,0.8300000000000001,0.04234941149319178,1,1,0,0,0,1,0,1,1,0,0,0,1,0
0,1,0,0,0.35211267605633806,1,0,0.010000000000000009,0.05608123701823217,0,0,1,0,0,0,0,0,0,1,0,1,0,0
0,0,0,0,0.7183098591549296,1,1,0.71,0.5347334410339256,1,0,0,1,1,1,1,1,1,0,1,0,0,1
1,0,1,0,0.2112676056338028,1,0,0.72,0.1564735748903762,1,1,0,1,1,1,0,0,0,0,0,0,1,0
0,0,0,0,0.6338028169014085,0,0,0.15000000000000002,0.17528271405492732,0,0,0,0,0,1,1,0,0,1,0,1,0,0
1,0,0,0,0.19718309859154928,1,0,0.010000000000000009,0.03219478421417032,0,0,1,0,0,0,0,0,0,0,0,0,0,0
0,1,1,0,0.8591549295774649,1,1,0.71,0.6474728825294254,1,1,0,0,1,0,0,0,1,0,0,0,0,0
1,0,0,0,0.1267605633802817,1,1,0.8,0.12000923147934457,1,1,0,0,0,0,1,1,1,0,0,0,1,0
1,1,0,0,0.28169014084507044,0,1,0.23000000000000004,0.09485345026540504,0,0,0,1,0,0,0,1,0,0,0,0,1,0
0,0,0,0,0.7323943661971831,1,1,0.43,0.3852988691437803,0,0,0,0,0,1,0,0,1,1,0,0,1,0
1,0,0,0,0.5633802816901409,1,1,0.9600000000000002,0.5203092545580429,1,1,0,1,1,1,1,1,1,0,0,0,0,0
0,0,1,1,0.1267605633802817,1,1,0.020000000000000018,0.023078698361412416,0,0,1,0,0,0,0,0,0,0,0,1,0,0
0,0,0,0,0.0,1,1,0.5700000000000001,0.006577429033002539,1,1,0,0,0,0,0,0,0,0,0,0,1,0
0,1,1,0,0.9859154929577465,1,0,0.05000000000000002,0.2005538887606739,1,0,1,0,0,0,0,0,0,0,1,0,0,0
1,0,1,0,0.5633802816901409,1,1,0.6799999999999999,0.3832217862912532,0,1,0,0,1,1,1,0,0,1,0,0,0,0
0,0,0,0,0.25352112676056343,1,1,0.010000000000000009,0.040964689591507036,0,0,1,0,0,0,0,0,0,0,1,0,0,1
0,0,1,0,0.8732394366197184,1,1,0.9200000000000002,0.7716362797138241,0,1,0,1,1,1,1,1,1,0,1,1,0,0
0,0,1,1,0.8873239436619719,1,1,0.73,0.6856681283175629,1,1,0,1,1,1,0,0,0,0,0,0,1,0
1,0,0,0,0.07042253521126761,1,0,0.020000000000000018,0.010846988229863836,0,0,1,0,0,0,0,0,0,0,0,0,0,1
1,0,1,0,0.9859154929577465,1,0,0.010000000000000009,0.15624278790676208,0,0,1,0,0,0,0,0,0,0,1,1,0,0
0,0,1,0,0.4084507042253521,1,0,0.020000000000000018,0.06565889683821834,0,0,1,0,0,0,0,0,0,1,0,1,0,0
0,1,1,0,0.8450704225352113,1,1,0.6400000000000001,0.5638126009693053,1,1,0,0,1,0,0,0,0,0,0,0,1,0
1,0,1,1,0.295774647887324,1,0,0.6500000000000001,0.21082390953150243,0,1,0,0,1,0,0,0,1,0,0,0,1,0
1,0,1,1,1.0,1,0,0.6699999999999999,0.7051696284329564,0,0,0,1,1,1,1,1,1,0,1,0,0,0
1,0,0,0,0.8450704225352113,1,1,0.8800000000000001,0.7396722824832679,1,1,0,0,0,1,1,1,1,0,1,0,1,0
1,0,0,0,0.3943661971830986,1,1,0.5,0.2252480960073852,0,0,0,1,1,1,0,0,1,0,0,0,0,0
0,0,0,0,0.0,1,0,0.010000000000000009,0.00011539349180706218,0,0,1,0,0,0,0,0,0,0,0,0,0,1
0,1,0,0,0.7042253521126761,1,1,0.76,0.5639279944611124,0,1,0,0,0,1,0,1,1,1,0,0,0,0
1,0,1,1,0.04225352112676056,1,1,0.39999999999999997,0.02377105931225479,1,0,0,0,1,0,1,0,0,0,0,0,0,1
1,0,0,0,0.3098591549295775,1,1,0.6000000000000001,0.2105931225478883,1,0,0,1,0,1,0,1,1,1,0,0,1,0
1,0,0,0,0.0,1,0,0.010000000000000009,0.00011539349180706218,0,0,1,0,0,0,0,0,0,0,0,0,0,0
1,0,0,0,0.0,1,1,0.56,0.006462035541195477,1,1,0,0,0,0,0,0,0,0,0,0,1,0
1,0,0,0,0.19718309859154928,1,1,0.41,0.10085391183937227,0,0,0,0,0,1,0,0,1,0,0,0,1,0
0,0,1,0,0.9859154929577465,1,1,0.98,0.9861527809831525,1,1,0,1,1,1,1,1,1,0,1,0,1,0
0,0,0,0,0.14084507042253522,1,1,0.6100000000000001,0.08966074313408724,0,1,0,1,0,1,0,0,0,0,0,0,0,0
0,1,0,0,0.3098591549295775,0,1,0.16000000000000003,0.08654511885529657,0,0,0,0,0,0,0,0,1,0,0,0,0,0
1,0,1,1,1.0,1,1,0.020000000000000018,0.1509346872836372,0,0,1,0,0,0,0,0,0,0,1,1,0,0
0,0,0,0,0.35211267605633806,1,0,0.41,0.17182090930071545,0,0,0,0,0,0,1,1,0,1,0,1,0,0
0,0,1,1,0.9295774647887325,1,1,0.71,0.7333256404338795,1,1,0,0,1,0,0,0,1,0,0,0,0,0
1,0,0,1,0.014084507042253521,1,0,0.33,0.010154627279021463,0,0,0,0,1,0,0,0,0,0,0,0,0,1
1,0,1,0,1.0,0,1,0.36000000000000004,0.4522270943918763,0,0,0,0,1,1,0,1,1,0,1,0,1,0
0,0,0,0,0.5633802816901409,1,1,0.8600000000000001,0.4994230325409647,1,1,0,0,1,1,0,1,1,0,0,0,1,0
1,0,1,1,0.49295774647887325,0,0,0.22000000000000003,0.17643664897299793,0,0,0,1,0,1,1,0,0,0,1,1,0,0
0,0,1,1,0.676056338028169,0,1,0.33,0.2911377798292176,0,0,0,0,1,0,0,1,1,1,0,0,0,0
0,0,0,0,0.28169014084507044,1,0,0.010000000000000009,0.0429263789522271,0,0,1,0,0,0,0,0,0,0,1,0,0,1
0,1,0,0,0.0,1,0,0.020000000000000018,0.00023078698361412436,0,0,1,0,0,0,0,0,0,0,0,0,0,1
0,0,1,1,0.6338028169014085,1,1,0.6200000000000001,0.4328409877682899,1,1,0,0,1,0,0,0,0,0,0,0,0,0
0,0,1,1,0.26760563380281693,1,1,0.52,0.16755135010385416,0,1,0,0,0,0,0,0,0,0,0,0,1,0
1,0,1,1,0.33802816901408456,1,0,0.020000000000000018,0.05400415416570505,0,0,1,0,0,0,0,0,0,0,1,0,0,1
1,0,1,1,0.7887323943661972,1,0,0.47000000000000003,0.4233787214401108,1,0,0,1,1,0,1,0,0,0,0,0,0,0
0,0,1,1,0.9295774647887325,1,1,0.6100000000000001,0.6087006692822524,1,0,0,1,0,1,0,1,1,0,1,0,1,0
1,0,1,0,0.5211267605633804,1,1,0.8700000000000001,0.46249711516270486,1,1,0,0,0,1,1,1,1,0,0,0,1,0
1,1,1,0,0.4507042253521127,1,1,0.6200000000000001,0.30440803138702976,1,1,0,0,1,0,0,0,0,0,0,0,0,0
1,0,0,0,0.15492957746478872,1,0,0.56,0.09854604200323103,1,0,0,0,0,0,1,1,1,1,0,0,0,1
0,0,0,0,0.0,0,0,0.17000000000000004,0.0019616893607200554,0,0,0,0,0,0,0,0,1,0,0,0,1,0
1,0,1,1,0.1267605633802817,1,1,0.7,0.10512347103623357,0,1,0,0,0,0,0,1,1,0,0,0,1,0
1,0,1,1,0.8169014084507042,1,0,0.010000000000000009,0.13893376413570277,0,0,1,0,0,0,0,0,0,0,1,1,0,0
0,1,1,0,0.676056338028169,1,1,0.7,0.4778444495730441,1,1,0,1,1,1,0,0,0,0,0,0,1,0
1,1,1,0,0.6619718309859155,1,1,0.52,0.406992845603508,0,1,0,0,0,0,0,0,0,0,0,0,0,0
0,0,0,0,0.8169014084507042,1,0,0.010000000000000009,0.12474036464343413,0,0,1,0,0,0,0,0,0,0,1,0,0,1
0,0,0,0,0.25352112676056343,1,1,0.010000000000000009,0.04246480498499885,0,0,1,0,0,0,0,0,0,1,0,1,0,0
0,0,0,0,0.1267605633802817,1,1,0.77,0.09773828756058159,0,1,0,0,0,0,1,1,1,0,0,1,0,0
0,0,1,0,0.6619718309859155,1,1,0.020000000000000018,0.11747057465958921,0,0,1,0,0,0,0,0,0,0,1,0,0,1
0,0,0,0,0.28169014084507044,1,1,0.6400000000000001,0.21163166397415187,1,1,0,0,1,0,0,0,0,0,0,0,1,0
1,0,1,1,0.02816901408450704,1,0,0.010000000000000009,0.003923378721440111,0,0,1,0,0,0,0,0,0,0,1,0,0,1
0,0,1,0,0.676056338028169,1,1,0.81,0.5656588968382184,0,1,0,0,0,1,1,1,1,1,0,1,0,0
0,0,1,1,0.8309859154929577,1,0,0.05000000000000002,0.1717055158089084,1,0,1,0,0,0,0,0,0,1,0,1,0,0
1,0,0,0,0.04225352112676056,1,1,0.75,0.039695361181629356,1,1,0,0,1,0,1,0,1,0,0,0,1,0
1,0,1,0,1.0,1,1,0.9200000000000002,0.9285714285714286,1,1,0,1,1,1,0,1,1,0,1,1,0,0
1,0,0,0,0.0,1,0,0.6200000000000001,0.00715439649203785,0,1,0,0,0,0,0,0,1,0,0,1,0,0
0,0,1,0,1.0,1,1,0.9300000000000002,0.929263789522271,1,1,0,1,0,1,1,1,1,0,1,1,0,0
0,0,1,0,0.49295774647887325,1,1,0.75,0.3863374105700439,0,1,0,1,0,0,0,1,1,0,0,0,1,0
0,0,1,1,0.25352112676056343,1,0,0.020000000000000018,0.04258019847680591,0,0,1,0,0,0,0,0,0,0,1,0,0,1
0,0,1,1,0.971830985915493,1,1,0.8300000000000001,0.8049849988460651,0,1,0,1,1,1,1,1,0,0,1,1,0,0
0,0,1,0,0.11267605633802817,1,1,0.51,0.07327486729748443,1,0,0,0,1,1,0,0,1,0,0,1,0,0
0,0,0,0,0.0,1,1,0.6100000000000001,0.007039003000230788,0,1,0,0,0,0,0,1,0,0,0,0,1,0
1,0,1,1,1.0,1,1,0.9700000000000002,0.970113085621971,1,1,0,1,1,1,1,1,1,0,1,0,1,0
0,0,0,1,0.15492957746478872,1,0,0.010000000000000009,0.022386337410570042,0,0,1,0,0,0,0,0,0,0,1,0,0,0
0,0,0,0,0.11267605633802817,1,1,0.76,0.09150703900300024,0,1,0,0,0,1,0,1,1,0,0,0,1,0
0,0,0,0,0.3943661971830986,1,1,0.6599999999999999,0.2882529425340411,1,1,0,0,0,0,0,0,1,0,0,0,1,0
0,0,0,0,0.16901408450704225,1,1,0.6200000000000001,0.11423955688899147,0,1,0,0,0,0,0,0,1,0,0,0,1,0
0,0,0,1,0.11267605633802817,1,0,0.37000000000000005,0.049734594968843755,0,0,0,0,0,0,0,1,0,0,0,0,1,0
0,0,0,1,0.02816901408450704,1,0,0.51,0.02330948534502654,0,1,0,0,0,0,0,0,0,0,0,0,1,0
0,0,0,0,0.02816901408450704,1,0,0.8900000000000001,0.03404108008308331,1,1,0,0,1,1,0,1,1,0,0,0,0,1
1,0,0,0,0.014084507042253521,1,1,0.6699999999999999,0.017424417262866372,1,1,0,0,0,0,0,0,1,0,0,0,1,0
0,0,0,0,0.49295774647887325,1,1,0.6599999999999999,0.3518347565197323,1,1,0,0,0,0,0,0,1,0,0,0,1,0
0,0,0,0,0.02816901408450704,1,1,0.6000000000000001,0.025848142164781908,0,1,0,0,0,0,0,1,0,0,0,0,1,0
0,0,1,0,1.0,1,1,0.9200000000000002,0.9487652896376644,1,1,0,1,0,1,1,1,1,0,1,1,0,0
0,0,1,1,0.943661971830986,1,1,0.81,0.7673667205169629,0,1,0,1,0,0,1,1,1,0,1,0,1,0
1,1,0,0,0.295774647887324,1,1,0.020000000000000018,0.04604200323101777,0,0,1,0,0,0,0,0,0,1,0,0,0,1
0,0,0,0,0.5070422535211268,1,0,0.49000000000000005,0.2798292176321256,1,0,0,1,1,1,1,0,0,1,0,0,1,0
0,0,1,0,0.7887323943661972,1,0,0.8900000000000001,0.6867066697438264,1,1,0,0,0,1,1,1,1,0,1,0,1,0
0,0,1,1,0.28169014084507044,1,1,0.5700000000000001,0.17666743595661205,1,0,0,1,0,0,0,1,1,1,0,0,0,0
0,0,1,1,1.0,1,0,0.7,0.7480960073851834,1,0,0,1,1,1,1,1,1,0,1,1,0,0
0,0,1,0,0.7605633802816901,1,1,0.78,0.602354027232864,1,1,0,1,1,0,0,1,0,0,0,0,1,0
1,0,0,0,0.0,1,1,0.27,0.0031156242787906763,0,0,0,0,0,0,0,0,0,0,0,0,0,1
0,0,1,1,0.9577464788732395,1,1,0.74,0.7456727440572352,0,1,0,0,1,0,1,1,0,0,1,0,0,1
0,0,0,0,0.25352112676056343,1,0,0.51,0.15878144472651742,1,0,0,0,0,0,0,1,1,0,0,0,0,1
0,1,0,0,0.11267605633802817,1,1,0.6699999999999999,0.0840064620355412,1,1,0,0,0,0,0,0,1,0,0,0,1,0
0,0,1,0,0.15492957746478872,1,0,0.6200000000000001,0.09785368105238866,0,1,0,1,0,0,1,0,0,0,0,0,0,0
0,1,1,0,0.4084507042253521,1,1,0.32,0.1741287791368567,0,0,0,0,1,0,0,0,0,0,0,0,0,0
1,0,1,0,0.9154929577464789,1,0,0.71,0.678513731825525,1,1,0,1,1,0,1,0,0,1,0,0,1,0
0,0,1,1,0.09859154929577466,1,1,0.36000000000000004,0.05273482575582737,0,0,0,0,0,0,0,1,0,0,0,0,1,0
1,1,0,0,0.09859154929577466,1,1,0.56,0.06715901223171014,0,1,0,0,0,1,0,0,0,0,0,0,0,0
1,1,1,0,0.09859154929577466,1,1,0.6599999999999999,0.06865912762520195,1,1,0,0,0,0,0,0,1,0,0,0,1,0
1,0,0,0,0.943661971830986,1,1,0.6400000000000001,0.6494345718901454,0,0,0,1,1,1,1,1,1,0,1,1,0,0
1,0,0,0,0.16901408450704225,1,0,0.71,0.12854834987306718,1,1,0,0,1,1,1,0,0,0,0,0,1,0
0,0,0,0,0.0,1,1,0.6699999999999999,0.007731363951073159,0,1,0,0,1,0,0,0,1,0,0,0,1,0
0,0,0,0,0.4084507042253521,1,1,0.8200000000000001,0.33671820909300715,1,1,0,1,0,0,0,1,1,0,0,0,0,0
0,1,1,0,0.8028169014084507,1,1,0.9000000000000001,0.7234018001384722,1,1,0,1,1,1,0,1,1,1,0,0,1,0
1,1,1,0,0.5915492957746479,0,0,0.37000000000000005,0.2681744749596123,0,0,0,0,1,1,0,1,1,0,0,1,0,0
1,0,0,0,0.0,1,0,0.020000000000000018,0.00023078698361412436,0,0,1,0,0,0,0,0,0,0,0,0,0,1
0,0,0,1,0.5211267605633804,1,1,0.81,0.4337641357027464,1,1,0,0,0,1,0,1,1,0,0,0,0,0
1,0,1,0,0.2112676056338028,1,1,0.6599999999999999,0.15693514885760446,1,1,0,0,0,0,0,1,0,0,0,0,1,0
1,0,0,0,0.014084507042253521,1,0,0.5800000000000001,0.016385875836602816,0,0,0,0,0,1,1,1,1,0,0,0,1,0
1,1,1,0,0.9577464788732395,1,0,0.8700000000000001,0.8054465728132933,1,1,0,0,1,0,1,1,1,0,1,1,0,0
0,0,1,1,0.04225352112676056,1,0,0.26,0.017424417262866372,0,0,0,0,0,0,0,0,0,0,0,0,1,0
1,0,0,0,0.0,0,1,0.17000000000000004,0.0019616893607200554,0,0,0,0,0,0,0,1,0,0,0,0,1,0
0,1,1,0,0.619718309859155,1,0,0.5700000000000001,0.399492268636049,1,0,0,1,0,1,1,0,1,0,1,1,0,0
1,0,0,0,0.28169014084507044,1,1,0.020000000000000018,0.04811908608354489,0,0,1,0,0,0,0,0,0,0,1,1,0,0
0,0,0,0,0.4366197183098592,1,1,0.46,0.22986383567966767,0,0,0,0,0,0,0,1,1,1,0,0,0,0
1,0,0,0,0.4366197183098592,0,0,0.12,0.10489268405261944,0,0,0,1,0,0,0,0,0,1,0,0,0,1
1,0,0,1,0.22535211267605634,1,1,0.46,0.12404800369259175,0,0,0,0,0,0,0,1,1,0,0,0,0,1
1,0,0,0,0.02816901408450704,1,0,0.020000000000000018,0.005192707131317794,0,0,1,0,0,0,0,0,0,0,0,0,0,1
0,1,0,0,0.014084507042253521,1,1,0.77,0.01869374567274406,0,1,0,0,1,1,1,0,1,0,0,1,0,0
1,0,0,0,1.0,1,1,0.55,0.6054696515116548,0,0,0,1,1,1,1,0,1,0,1,1,0,0
0,1,0,0,0.15492957746478872,1,1,0.6500000000000001,0.11666282021693977,0,1,0,0,1,1,1,0,0,0,0,0,0,1
1,0,1,0,0.0,1,1,0.37000000000000005,0.004269559196861297,0,0,0,0,0,0,0,1,0,0,0,0,0,1
0,0,1,1,0.08450704225352114,1,1,0.53,0.05735056542810985,0,0,0,1,0,1,1,0,1,0,0,1,0,0
0,0,0,0,0.0,1,0,0.010000000000000009,0.00011539349180706218,0,0,1,0,0,0,0,0,0,0,0,0,0,1
1,1,0,0,0.0,1,1,0.6699999999999999,0.007731363951073159,1,1,0,0,0,0,0,1,0,0,0,0,1,0
1,0,1,0,0.2112676056338028,0,1,0.31,0.09139164551119318,0,0,0,0,0,0,1,1,1,0,0,0,1,0
1,0,0,0,0.0,0,1,0.07,0.0008077544426494348,0,0,0,0,0,0,0,0,0,0,0,0,0,1
1,0,1,0,0.9295774647887325,1,0,0.6799999999999999,0.676782829448419,1,0,0,0,1,1,1,1,1,0,1,0,0,0
0,0,0,0,0.0,1,1,0.27,0.0031156242787906763,0,0,0,0,0,0,0,0,0,0,0,0,0,1
0,0,1,0,0.16901408450704225,1,1,0.47000000000000003,0.10200784675744289,1,0,0,1,0,0,0,0,1,0,0,0,1,0
0,0,0,0,0.19718309859154928,1,0,0.010000000000000009,0.03381029309946919,0,0,1,0,0,0,0,0,0,0,0,0,0,1
1,0,0,1,0.8450704225352113,1,1,0.07,0.1707823678744519,1,0,1,0,0,0,0,0,0,0,1,1,0,0
0,0,1,0,0.18309859154929578,1,1,0.6799999999999999,0.14043387952919456,1,1,0,0,0,0,0,1,0,0,0,0,1,0
0,0,0,0,0.9014084507042254,1,0,0.75,0.6982460189245326,1,1,0,1,0,0,1,0,1,1,0,0,1,0
0,0,0,0,0.19718309859154928,1,1,0.5800000000000001,0.12831756288945304,1,1,0,0,0,0,0,0,0,0,0,0,0,1
0,0,1,1,1.0,1,1,0.9600000000000002,0.9544195707362104,1,1,0,1,1,1,1,1,1,0,1,1,0,0
0,0,1,0,0.7323943661971831,1,0,0.75,0.578236787445188,1,1,0,1,0,1,0,0,1,0,0,0,1,0
1,0,0,1,0.28169014084507044,0,0,0.35000000000000003,0.13443341795522734,0,0,0,1,1,1,1,1,0,0,1,0,0,1
1,0,1,1,0.47887323943661975,1,0,0.06,0.09266097392107087,1,0,1,0,0,0,0,0,0,0,1,0,0,0
1,0,0,0,0.26760563380281693,1,1,0.010000000000000009,0.04788829909993077,0,0,1,0,0,0,0,0,0,1,0,1,0,0
0,0,1,1,0.04225352112676056,1,1,0.32,0.023886452804061854,1,0,0,0,0,0,0,0,0,0,0,0,1,0
0,0,0,1,0.014084507042253521,1,0,0.42,0.013385645049619203,1,0,0,1,1,0,0,0,0,0,0,0,0,0
1,0,0,1,0.5633802816901409,1,1,0.020000000000000018,0.09773828756058159,0,0,1,0,0,0,0,0,0,1,0,1,0,0
0,0,0,0,0.5492957746478874,1,0,0.49000000000000005,0.31306254327255945,0,0,0,1,0,1,0,0,1,0,0,0,1,0
1,1,0,0,0.056338028169014086,1,1,0.51,0.03461804754211863,0,1,0,0,0,0,0,0,0,0,0,0,0,1
1,0,1,1,0.07042253521126761,1,1,0.3,0.029425340410800832,1,0,0,0,0,0,0,0,0,0,0,1,0,0
0,0,0,0,0.7042253521126761,1,0,0.06,0.1403184860373875,1,0,1,0,0,0,0,0,0,0,1,0,0,1
1,0,0,0,0.7887323943661972,1,1,0.56,0.4786522040156935,0,0,0,1,1,1,1,1,0,0,1,1,0,0
0,1,1,0,1.0,0,1,0.46,0.533464112624048,0,0,0,1,1,1,1,1,1,0,1,1,0,0
0,1,1,0,0.7323943661971831,1,1,0.42,0.37052850219247635,1,0,0,1,0,0,1,0,0,1,0,0,1,0
0,0,0,0,0.0,1,1,0.07,0.0008077544426494348,1,0,1,0,0,0,0,0,0,0,0,0,0,1
0,0,0,0,0.295774647887324,1,1,0.6100000000000001,0.1975536579736903,1,1,0,0,1,0,0,0,0,0,0,0,1,0
0,1,1,0,0.4084507042253521,1,0,0.56,0.24959612277867532,1,0,0,0,0,1,0,1,1,0,1,0,1,0
0,0,1,1,0.4084507042253521,1,0,0.6400000000000001,0.29448419109162244,0,1,0,0,1,1,0,0,0,0,0,0,0,0
0,0,1,1,0.11267605633802817,1,0,0.010000000000000009,0.020655435033464113,0,0,1,0,0,0,0,0,0,0,1,0,0,1
0,0,1,1,0.8732394366197184,1,1,0.73,0.6630510039233787,1,1,0,0,1,0,0,0,1,1,0,0,1,0
1,0,0,0,0.19718309859154928,1,0,0.010000000000000009,0.03611816293561043,0,0,1,0,0,0,0,0,0,0,1,0,0,1
0,0,1,0,0.7887323943661972,0,1,0.39000000000000007,0.3746826678975306,0,0,0,0,1,1,1,1,1,0,1,0,0,0
1,0,1,1,0.647887323943662,1,1,0.03,0.11804754211862452,0,0,1,0,0,0,0,0,0,0,1,0,0,0
1,0,1,0,0.33802816901408456,1,1,0.77,0.2742903300253866,0,1,0,0,0,0,1,1,1,0,0,0,1,0
0,0,0,0,0.1267605633802817,1,1,0.6100000000000001,0.10027694438033696,0,1,0,1,0,1,0,0,0,0,0,0,0,1
0,0,1,1,0.6901408450704226,1,1,0.8500000000000001,0.5768520655435033,1,1,0,0,1,1,0,1,1,0,0,0,0,0
1,0,1,0,0.943661971830986,1,0,0.72,0.7245557350565428,1,1,0,0,1,1,1,0,0,0,1,1,0,0
1,0,1,1,0.676056338028169,1,1,0.8900000000000001,0.6087006692822524,1,1,0,0,1,1,1,1,1,0,1,0,0,0
1,1,0,0,0.0,1,0,0.32,0.003692591737825987,1,0,0,0,0,0,0,0,0,0,0,0,0,1
1,0,0,0,0.014084507042253521,1,0,0.0,0.004038772213247173,0,0,1,0,0,0,0,0,0,0,0,0,0,0
1,0,0,0,0.02816901408450704,0,0,0.17000000000000004,0.010385414262635588,0,0,0,0,0,0,0,1,0,0,0,1,0,0
1,0,0,0,0.8450704225352113,1,0,0.7,0.6119316870528502,1,0,0,0,1,1,1,1,1,0,1,1,0,0
0,1,0,0,0.014084507042253521,1,0,0.26,0.007731363951073159,0,0,0,0,0,0,0,0,0,0,0,0,0,1
0,0,0,0,0.4507042253521127,1,1,0.36000000000000004,0.19005308100623125,1,0,0,0,1,0,0,0,0,0,0,0,0,0
0,0,1,0,0.3098591549295775,1,0,0.010000000000000009,0.05400415416570505,0,0,1,0,0,0,0,0,0,1,0,1,0,0
1,0,1,1,0.09859154929577466,1,0,0.010000000000000009,0.01661666282021694,0,0,1,0,0,0,0,0,0,0,1,0,0,1
1,0,0,0,0.056338028169014086,1,1,0.71,0.0511193168705285,0,1,0,0,1,0,1,0,1,0,0,0,1,0
1,1,0,0,0.07042253521126761,1,1,0.71,0.06335102700207709,0,1,0,0,0,0,0,1,1,0,0,0,1,0
0,0,1,1,0.8732394366197184,1,0,0.010000000000000009,0.14158781444726518,0,0,1,0,0,0,0,0,0,0,1,0,0,1
1,1,0,0,0.4225352112676057,1,1,0.55,0.25375028848372955,1,1,0,0,0,0,0,0,0,0,0,0,1,0
1,0,0,0,0.8309859154929577,1,1,0.8700000000000001,0.7359796907454419,1,1,0,0,1,1,0,1,1,0,0,0,1,0
1,0,0,0,0.49295774647887325,1,1,0.52,0.2876759750750058,1,0,0,0,1,0,1,0,1,1,0,0,0,1
0,0,0,0,0.0,1,1,0.51,0.005885068082160166,0,1,0,0,0,0,0,0,0,0,0,0,1,0
1,0,0,0,0.0,0,0,0.07,0.0008077544426494348,0,0,0,0,0,0,0,0,0,1,0,0,0,1
1,0,0,0,0.7323943661971831,1,0,0.81,0.6238172167089776,0,1,0,1,1,1,1,0,1,0,1,0,0,1
0,1,1,0,0.5211267605633804,0,1,0.06,0.10812370182321718,0,0,0,0,0,0,0,0,0,0,0,0,1,0
0,0,1,1,1.0,1,1,0.72,0.736095084237249,1,0,0,1,1,1,1,1,1,0,1,1,0,0
1,1,1,0,0.971830985915493,1,1,0.72,0.7445188091391646,1,1,0,1,0,0,0,0,1,0,0,0,1,0
1,0,1,0,0.14084507042253522,1,1,0.76,0.12231710131548582,1,1,0,0,0,0,0,1,1,0,0,0,1,0
0,0,1,1,0.943661971830986,0,1,0.38000000000000006,0.453496422801754,0,0,0,1,1,1,1,0,1,0,1,0,0,1
0,0,0,1,0.25352112676056343,1,1,0.020000000000000018,0.041426263558735285,0,0,1,0,0,0,0,0,0,0,0,0,1,0
1,0,0,0,0.0,1,1,0.56,0.006462035541195477,0,1,0,0,1,0,0,0,0,0,0,0,1,0
0,0,1,1,0.3098591549295775,1,1,0.020000000000000018,0.049273021001615507,0,0,1,0,0,0,0,0,0,1,0,1,0,0
0,0,1,0,0.971830985915493,0,1,0.21000000000000002,0.30856219709208405,0,0,0,1,0,1,1,0,0,0,1,1,0,0
1,0,0,0,0.0,1,0,0.010000000000000009,0.00011539349180706218,0,0,1,0,0,0,0,0,0,0,0,0,0,1
1,1,1,0,0.9295774647887325,1,1,0.020000000000000018,0.14366489729979232,0,0,1,0,0,0,0,0,0,0,1,0,0,0
0,1,1,1,0.0,1,1,0.31,0.003577198246018925,0,0,0,0,0,0,1,0,0,0,0,1,0,0
0,0,1,1,0.9295774647887325,0,0,0.32,0.37652896376644357,0,0,0,1,0,0,0,1,1,0,1,1,0,0
1,0,0,0,0.8309859154929577,0,1,0.26,0.3179090699284561,0,0,0,1,0,1,0,0,1,1,0,0,1,0
1,0,0,0,0.46478873239436624,1,0,0.47000000000000003,0.2468266789753058,1,0,0,0,0,0,1,1,0,0,0,0,0,1
1,0,1,0,0.07042253521126761,1,0,0.010000000000000009,0.014770366951303947,0,0,1,0,0,0,0,0,0,0,0,0,0,0
0,0,0,0,0.8309859154929577,1,0,0.6100000000000001,0.5519270713131779,0,0,0,1,0,1,1,1,1,1,0,0,0,1
0,0,0,0,0.16901408450704225,1,1,0.010000000000000009,0.027579044541887837,0,0,1,0,0,0,0,0,0,1,0,0,0,1
0,0,1,1,0.5915492957746479,1,1,0.8600000000000001,0.5115393491807062,1,1,0,0,0,1,1,1,1,1,0,1,0,0
0,0,1,1,0.323943661971831,1,0,0.56,0.20805446572813294,1,0,0,1,0,0,0,1,1,1,0,0,0,1
1,1,0,0,0.8873239436619719,1,1,0.52,0.5150011539349181,0,0,0,1,1,0,1,1,0,0,1,1,0,0
0,0,0,0,0.35211267605633806,0,1,0.26,0.13131779367643667,0,0,0,1,1,0,0,0,1,0,0,0,0,0
1,0,1,1,0.22535211267605634,1,0,0.56,0.13812600969305333,0,0,0,1,1,0,0,1,1,0,0,0,0,1
1,0,0,0,0.0,1,1,0.6300000000000001,0.007269789983844912,0,1,0,0,0,0,0,0,1,0,0,0,1,0
0,1,1,0,0.9577464788732395,1,1,0.71,0.7067851373182552,1,1,0,0,1,0,0,1,0,0,0,0,1,0
0,0,1,0,0.295774647887324,1,1,0.76,0.21878606046618973,0,1,0,0,0,1,0,1,1,0,0,1,0,0
0,0,1,1,0.47887323943661975,1,1,0.51,0.28525271174705746,1,0,0,1,1,1,1,0,0,0,1,1,0,0
1,0,1,1,0.26760563380281693,1,1,0.8700000000000001,0.2562889453034849,1,1,0,0,1,1,0,1,1,0,0,0,0,0
0,0,1,1,0.4084507042253521,1,0,0.49000000000000005,0.22870990076159706,1,0,0,1,1,1,1,0,0,0,0,0,1,0
0,0,1,0,0.295774647887324,1,1,0.8600000000000001,0.24948072928686826,0,1,0,1,1,0,1,1,1,0,0,0,1,0
0,1,1,0,0.7042253521126761,1,1,0.75,0.5563120240018463,1,1,0,1,0,1,0,0,1,1,0,0,0,0
0,1,1,0,1.0,1,1,0.9100000000000001,0.9118393722594046,1,1,0,1,1,1,0,1,1,0,1,0,0,0
1,0,1,1,0.02816901408450704,1,1,0.6200000000000001,0.025501961689360718,0,1,0,0,0,0,0,1,0,0,0,0,1,0
0,0,0,0,0.08450704225352114,1,0,0.77,0.07350565428109855,1,1,0,0,0,0,0,1,1,0,0,0,0,1
1,0,0,0,0.02816901408450704,1,0,0.6500000000000001,0.026425109623817215,0,1,0,0,1,0,0,1,0,0,0,0,1,0
1,0,1,1,0.8873239436619719,1,1,0.72,0.669166858989153,1,0,0,1,1,1,1,1,1,0,1,0,0,1
1,0,0,0,0.16901408450704225,0,0,0.31,0.07281329333025618,0,0,0,0,0,1,0,1,1,0,0,0,1,0
1,0,1,1,1.0,1,0,0.5,0.5619663051003924,0,0,0,1,1,1,0,0,1,0,1,1,0,0
0,0,0,0,1.0,0,1,0.47000000000000003,0.5526194322640203,0,0,0,1,1,1,1,1,1,0,1,0,0,0
1,0,1,0,0.46478873239436624,1,1,0.79,0.367989845372721,1,1,0,0,0,0,0,1,1,0,0,0,1,0
1,0,0,0,0.5211267605633804,1,1,0.71,0.3835679667666744,0,1,0,0,0,0,0,1,1,1,0,0,0,1
1,0,1,1,0.3802816901408451,1,1,0.72,0.2874451880913917,1,1,0,0,0,0,1,0,1,1,0,0,1,0
1,0,1,1,0.7746478873239437,1,1,0.06,0.15774290330025387,1,0,1,0,0,0,0,0,0,0,1,0,0,1
0,1,1,1,0.26760563380281693,1,0,0.76,0.20770828525271176,0,1,0,1,0,1,1,0,1,1,0,1,0,0
1,0,0,0,0.11267605633802817,0,0,0.22000000000000003,0.03934918070620817,0,0,0,0,1,0,0,0,1,0,0,0,1,0
1,0,0,0,0.1267605633802817,1,1,0.010000000000000009,0.019270713131779367,0,0,1,0,0,0,0,0,0,1,0,0,0,1
0,1,1,0,0.36619718309859156,1,1,0.77,0.28756058158319875,1,1,0,0,1,1,0,0,1,0,0,0,1,0
0,0,0,0,0.295774647887324,1,1,0.36000000000000004,0.12797138241403186,1,0,0,1,0,0,0,0,0,0,0,0,1,0
1,0,0,1,0.971830985915493,1,0,0.48000000000000004,0.5623124855758135,1,0,0,1,1,0,1,0,0,0,1,0,1,0
1,0,0,0,0.47887323943661975,1,0,0.6200000000000001,0.3250634664204939,1,1,0,0,0,0,1,0,0,0,0,1,0,0
1,0,0,0,0.8732394366197184,1,1,0.72,0.669166858989153,0,1,0,0,0,1,1,1,0,1,0,1,0,0
0,0,0,1,0.7323943661971831,1,0,0.44,0.39245326563581817,0,0,0,1,1,0,1,0,0,1,0,1,0,0
1,0,1,1,1.0,1,0,0.06,0.2124394184168013,1,0,1,0,0,0,0,0,0,0,1,0,0,1
1,0,1,0,1.0,1,1,0.9200000000000002,0.9208400646203554,1,1,0,0,1,1,1,1,1,0,1,0,1,0
1,0,1,1,0.14084507042253522,1,0,0.020000000000000018,0.02123240249249942,0,0,1,0,0,0,0,0,0,0,1,1,0,0
0,0,0,0,0.9577464788732395,1,1,0.6300000000000001,0.6387029771520886,1,0,0,1,1,1,1,0,1,0,1,1,0,0
1,1,0,0,0.056338028169014086,1,1,0.6500000000000001,0.04938841449342257,1,1,0,0,0,0,0,1,0,0,0,1,0,0
0,0,0,0,0.15492957746478872,1,0,0.020000000000000018,0.02873297945995846,0,0,1,0,0,0,0,0,0,1,0,1,0,0
0,0,1,0,0.18309859154929578,1,0,0.3,0.07454419570736211,0,0,0,0,0,0,1,0,0,0,0,0,0,0
0,0,0,0,0.056338028169014086,1,1,0.37000000000000005,0.0286175859681514,0,0,0,1,0,0,1,0,0,0,0,0,0,1
1,0,0,0,0.7464788732394366,1,0,0.6200000000000001,0.4939995384260328,0,0,0,1,0,1,1,1,1,0,1,0,1,0
1,0,0,0,0.056338028169014086,1,0,0.37000000000000005,0.03254096468959151,0,0,0,1,0,1,0,0,0,0,0,1,0,0
0,0,0,0,0.07042253521126761,0,1,0.12,0.021924763443341794,0,0,0,0,1,0,0,0,0,0,0,1,0,0
0,0,0,0,0.36619718309859156,1,0,0.020000000000000018,0.06277405954304179,0,0,1,0,0,0,0,0,0,1,0,0,0,0
1,1,1,0,0.7464788732394366,1,1,0.0,0.1168936072005539,0,0,1,0,0,0,0,0,0,0,1,0,0,1
0,0,0,0,0.0,1,1,0.37000000000000005,0.004269559196861297,0,0,0,0,0,0,0,0,1,0,0,0,1,0
0,0,1,0,0.676056338028169,1,1,0.75,0.5440803138702976,1,1,0,1,1,0,0,1,0,0,0,0,0,0
0,0,1,0,0.7323943661971831,1,0,0.5900000000000001,0.4773828756058159,1,0,0,1,0,1,1,1,0,1,0,0,0,0
0,1,1,0,0.09859154929577466,1,1,0.46,0.06496653588737596,0,0,0,0,0,1,1,0,1,0,0,1,0,0
0,0,1,1,0.7746478873239437,1,0,0.9700000000000002,0.7557119778444495,1,1,0,1,1,1,1,1,1,0,1,0,0,1
1,0,0,0,0.014084507042253521,1,0,0.010000000000000009,0.002307869836141242,0,0,1,0,0,0,0,0,0,0,0,0,0,1
1,1,0,0,0.5492957746478874,1,1,0.6100000000000001,0.37099007615970464,0,1,0,1,1,0,0,0,0,0,0,1,0,0
1,1,0,0,0.23943661971830985,1,1,0.6699999999999999,0.17159012231710133,1,1,0,0,1,0,1,0,0,0,0,0,1,0
1,0,0,0,0.15492957746478872,1,1,0.8,0.12716362797138242,0,1,0,1,0,0,1,1,1,0,0,0,0,0
1,0,1,1,0.8028169014084507,1,1,0.8700000000000001,0.7162474036464344,1,1,0,0,1,1,0,1,1,1,0,1,0,0
1,0,1,1,0.5774647887323944,1,0,0.020000000000000018,0.09404569582275561,0,0,1,0,0,0,0,0,0,0,1,0,0,1
1,0,0,0,0.943661971830986,1,0,0.07,0.20805446572813294,1,0,1,0,0,0,0,0,0,0,1,0,0,0
1,1,0,0,0.35211267605633806,1,1,0.48000000000000004,0.18855296561273946,1,0,0,0,0,0,1,0,1,0,0,0,1,0
1,0,0,0,0.33802816901408456,0,0,0.36000000000000004,0.16212785598892224,0,0,0,0,0,1,1,1,1,1,0,0,1,0
1,0,1,1,0.014084507042253521,1,0,0.52,0.01488576044311101,0,1,0,0,0,0,0,0,0,0,0,0,1,0
0,0,0,0,0.25352112676056343,1,1,0.6799999999999999,0.174705746595892,1,1,0,0,0,0,0,0,1,0,0,0,0,0
1,0,0,0,0.02816901408450704,1,0,0.020000000000000018,0.00611585506577429,0,0,1,0,0,0,0,0,0,1,0,0,0,1
0,0,1,1,0.8732394366197184,0,0,0.21000000000000002,0.2742903300253866,0,0,0,0,1,1,1,0,0,0,1,0,0,0
1,0,1,1,0.4507042253521127,1,0,0.020000000000000018,0.06473574890376184,0,0,1,0,0,0,0,0,0,1,0,0,0,1
1,0,1,1,0.8591549295774649,1,0,0.36000000000000004,0.3931456265866605,0,0,0,1,0,1,0,0,0,1,0,1,0,0
0,0,0,0,0.8591549295774649,1,0,0.05000000000000002,0.16282021693976462,1,0,1,0,0,0,0,0,0,0,1,0,0,0
0,0,0,1,0.014084507042253521,1,0,0.010000000000000009,0.003461804754211863,0,0,1,0,0,0,0,0,0,0,0,0,0,1
0,0,1,1,0.7746478873239437,1,1,0.41,0.3968382183244865,0,0,0,1,1,1,0,0,0,0,1,0,0,0
0,0,1,1,0.25352112676056343,1,1,0.3,0.10812370182321718,0,0,0,1,0,0,0,0,0,1,0,0,0,0
0,0,1,0,0.6338028169014085,1,1,0.76,0.4954996538195246,1,1,0,0,1,1,0,1,0,1,0,0,1,0
1,0,0,0,0.15492957746478872,1,1,0.6100000000000001,0.10846988229863837,1,1,0,0,0,0,1,0,0,0,0,1,0,0
0,0,1,0,0.04225352112676056,0,1,0.3,0.021117009000692362,0,0,0,0,1,0,0,1,1,0,0,0,1,0
0,1,1,1,0.9154929577464789,1,1,0.9000000000000001,0.8144472651742442,1,1,0,0,1,1,1,1,1,1,0,0,1,0
1,1,0,0,0.02816901408450704,1,0,0.55,0.020540041541657054,0,1,0,0,0,1,0,0,0,0,0,0,1,0
0,0,1,0,0.8169014084507042,1,1,0.81,0.68578352180937,1,1,0,0,0,1,0,1,1,1,0,0,0,0
1,1,0,0,0.19718309859154928,1,1,0.56,0.13004846526655897,1,1,0,0,0,0,0,0,0,0,0,0,0,1
1,0,1,0,0.22535211267605634,1,0,0.010000000000000009,0.03334871913224094,0,0,1,0,0,0,0,0,0,1,0,0,0,1
1,0,1,0,0.8309859154929577,1,0,0.41,0.39983844911147015,0,0,0,1,1,0,1,0,0,0,1,0,0,0
0,0,0,1,0.36619718309859156,1,0,0.010000000000000009,0.056658204477267486,0,0,1,0,0,0,0,0,0,0,1,1,0,0
1,0,1,0,0.36619718309859156,1,1,0.5800000000000001,0.23944149549965382,0,1,0,0,1,0,0,0,0,0,0,0,1,0
1,1,0,0,0.7464788732394366,1,1,0.6100000000000001,0.5021924763443342,1,1,0,0,1,0,0,0,0,0,0,0,1,0
0,0,1,1,0.3098591549295775,1,0,0.6799999999999999,0.22178629125317334,0,1,0,0,1,1,1,0,0,1,0,0,0,1
1,0,0,0,0.02816901408450704,1,1,0.42,0.017539810754673438,1,0,0,0,0,0,0,1,0,0,0,0,1,0
1,0,0,1,0.676056338028169,1,0,0.020000000000000018,0.11608585275790446,0,0,1,0,0,0,0,0,0,0,1,1,0,0
1,0,1,1,0.46478873239436624,1,0,0.69,0.32956381260096934,1,1,0,0,0,1,0,1,0,0,0,0,1,0
0,0,1,1,0.4507042253521127,1,0,0.56,0.2809831525501962,0,0,0,1,0,1,0,1,1,1,0,1,0,0
1,0,0,0,0.16901408450704225,1,1,0.6200000000000001,0.11666282021693977,1,1,0,1,0,0,0,0,0,0,0,1,0,0
0,1,1,0,0.0,1,1,0.6200000000000001,0.00715439649203785,1,1,0,1,0,0,0,0,0,0,0,0,1,0
0,0,0,0,0.8591549295774649,1,0,0.010000000000000009,0.14251096238172167,0,0,1,0,0,0,0,0,0,0,1,0,0,0
1,0,0,0,0.26760563380281693,0,0,0.06,0.05619663051003924,0,0,0,0,0,0,0,0,0,0,0,1,0,0
1,0,1,1,0.28169014084507044,1,1,0.39999999999999997,0.13812600969305333,0,0,0,0,1,0,0,1,0,1,0,1,0,0
1,1,0,0,0.9154929577464789,1,1,0.8400000000000001,0.7446342026309716,1,1,0,1,0,0,0,1,1,0,1,0,0,0
1,1,1,0,0.47887323943661975,1,0,0.8400000000000001,0.3962612508654512,1,1,0,0,0,1,0,1,1,0,0,0,0,0
0,0,0,0,0.3943661971830986,1,1,0.5700000000000001,0.25675051927071313,0,0,0,0,0,1,1,1,1,1,0,0,0,0
0,0,0,0,0.26760563380281693,0,1,0.37000000000000005,0.13235633510270023,0,0,0,1,1,1,1,1,0,0,0,1,0,0
0,0,1,1,0.4507042253521127,1,1,0.010000000000000009,0.06715901223171014,0,0,1,0,0,0,0,0,0,1,0,0,0,0
1,0,0,0,0.6338028169014085,1,0,0.6100000000000001,0.41253173321024694,1,0,0,1,0,1,0,1,1,0,1,0,0,1
0,0,1,0,0.09859154929577466,1,1,0.6699999999999999,0.0739672282483268,1,1,0,0,0,0,0,0,1,0,0,0,0,0
0,1,0,0,0.619718309859155,1,0,0.44,0.3199861527809832,0,0,0,1,0,1,0,0,1,1,0,1,0,0
1,0,1,1,0.47887323943661975,0,1,0.28,0.18970690053081007,0,0,0,1,0,0,1,1,0,0,1,1,0,0
1,0,0,0,1.0,1,1,0.9100000000000001,0.8776828986845142,0,1,0,1,1,1,1,1,1,0,1,0,1,0
0,0,1,1,0.5633802816901409,1,1,0.56,0.3467574428802216,1,0,0,1,1,1,0,1,0,0,0,1,0,0
0,0,1,0,0.14084507042253522,1,1,0.37000000000000005,0.06808216016616664,0,0,0,0,0,0,0,1,0,0,0,0,0,0
1,0,1,1,0.9577464788732395,0,1,0.36000000000000004,0.43318716824371106,0,0,0,0,1,1,0,1,1,0,1,1,0,0
1,0,0,1,0.15492957746478872,1,1,0.8700000000000001,0.14504961920147705,1,1,0,0,1,1,0,1,1,0,0,0,1,0
0,0,0,0,0.7887323943661972,1,1,0.72,0.6013154858066004,1,1,0,0,0,0,1,1,0,0,1,1,0,0
0,1,1,0,1.0,1,1,0.8400000000000001,0.8691437802907915,1,1,0,1,1,1,0,0,1,0,1,1,0,0
0,0,1,0,0.8873239436619719,1,1,0.55,0.5476575121163166,0,1,0,1,0,0,0,0,0,0,0,0,0,1
0,1,0,0,0.323943661971831,1,0,0.36000000000000004,0.14689591507039004,1,0,0,0,1,0,0,0,0,0,0,1,0,0
0,0,0,0,0.6901408450704226,1,0,0.51,0.3923378721440111,1,0,0,0,0,1,1,0,1,0,1,0,0,0
0,1,1,1,0.6338028169014085,1,1,0.8200000000000001,0.5219247634433418,1,1,0,1,1,1,0,1,0,0,0,0,1,0
0,0,0,1,0.4507042253521127,1,1,0.77,0.3758366028156012,1,1,0,1,0,1,0,0,1,0,0,0,0,0
0,0,1,1,0.08450704225352114,0,1,0.16000000000000003,0.030117701361643205,0,0,0,1,0,0,1,0,0,0,0,0,1,0
1,0,0,0,0.5774647887323944,1,0,0.36000000000000004,0.2812139395338103,0,0,0,1,0,1,0,0,0,0,0,1,0,0
0,0,0,0,0.36619718309859156,1,0,0.31,0.14689591507039004,1,0,0,0,0,0,0,0,0,0,0,0,0,1
1,0,0,1,0.04225352112676056,0,1,0.39000000000000007,0.02365566582044773,0,0,0,1,1,1,0,1,1,0,0,0,0,1
0,0,1,1,0.323943661971831,1,1,0.52,0.1947842141703208,0,0,0,1,1,0,1,0,1,0,0,1,0,0
0,0,1,1,0.7464788732394366,1,1,0.6100000000000001,0.5012693284098777,0,1,0,0,1,0,1,0,0,0,1,0,0,0
0,0,0,0,0.3098591549295775,1,1,0.78,0.23851834756519733,1,1,0,0,0,1,1,1,0,0,0,1,0,0
0,0,0,1,0.14084507042253522,1,1,0.6000000000000001,0.09612277867528272,1,1,0,0,0,1,0,0,0,0,0,0,0,1
1,0,1,1,0.2112676056338028,1,0,0.55,0.13581813985691207,0,1,0,0,1,0,0,0,0,0,0,0,0,0
1,0,0,0,0.07042253521126761,1,1,0.6699999999999999,0.057235171936302794,0,1,0,0,1,0,0,0,1,0,0,0,0,1
0,0,0,0,0.0,0,0,0.06,0.0006923609508423727,0,0,0,0,0,0,0,0,0,0,0,0,0,0
1,1,0,0,0.35211267605633806,1,1,0.77,0.28606046618970693,1,1,0,1,1,0,0,0,1,0,0,0,1,0
0,0,0,0,0.943661971830986,1,0,0.5800000000000001,0.6017770597738288,1,0,0,1,1,1,0,0,1,1,0,1,0,0
0,0,1,1,0.22535211267605634,1,1,0.07,0.04546503577198246,1,0,1,0,0,0,0,0,0,0,1,0,0,1
1,0,0,0,0.11267605633802817,1,0,0.010000000000000009,0.015231940918532196,0,0,1,0,0,0,0,0,0,0,0,0,0,0
1,0,0,0,0.5492957746478874,1,0,0.56,0.34075698130625437,0,1,0,0,1,0,0,0,0,0,0,1,0,0
1,0,0,0,0.33802816901408456,1,1,0.8200000000000001,0.2733671820909301,1,1,0,0,1,0,0,1,1,0,0,0,1,0
1,0,0,0,0.16901408450704225,1,1,0.020000000000000018,0.029656127394414956,0,0,1,0,0,0,0,0,0,0,0,0,0,1
1,0,1,1,0.18309859154929578,1,0,0.0,0.027348257558273713,0,0,1,0,0,0,0,0,0,0,1,0,0,1
1,0,1,1,1.0,1,1,0.8600000000000001,0.8406415878144472,1,1,0,1,1,0,0,1,1,1,0,0,1,0
0,0,1,1,0.14084507042253522,1,1,0.020000000000000018,0.026771290099238405,0,0,1,0,0,0,0,0,0,0,0,0,1,0
0,0,1,0,0.0,0,1,0.32,0.003692591737825987,0,0,0,0,0,1,0,1,1,0,0,0,1,0
0,0,0,0,0.7323943661971831,1,1,0.6200000000000001,0.4996538195245788,0,1,0,0,1,0,1,0,0,0,0,0,0,1
1,0,1,0,0.8169014084507042,1,1,0.8200000000000001,0.6942072467112854,0,1,0,0,1,0,1,1,1,0,1,0,0,1
1,0,0,0,0.5352112676056339,1,1,0.77,0.4239556888991461,0,1,0,1,0,1,1,1,0,1,0,0,1,0
0,0,1,1,0.9295774647887325,1,1,0.010000000000000009,0.1460881606277406,0,0,1,0,0,0,0,0,0,0,1,1,0,0
0,0,1,0,0.0,1,0,0.26,0.003000230786983614,0,0,0,0,0,0,0,0,0,0,0,1,0,0
1,0,0,0,0.19718309859154928,1,1,0.8300000000000001,0.16605123471036234,0,1,0,0,1,1,0,1,1,0,0,0,1,0
0,0,0,0,0.6619718309859155,1,0,0.020000000000000018,0.11123932610200786,0,0,1,0,0,0,0,0,0,0,1,1,0,0
1,0,1,0,0.5070422535211268,1,1,0.81,0.43111008539118395,1,1,0,1,0,1,1,0,1,1,0,0,1,0
1,0,1,1,0.18309859154929578,1,1,0.6599999999999999,0.13674128779136857,1,1,0,0,0,0,0,1,0,0,0,0,1,0
1,1,0,0,0.014084507042253521,1,1,0.6100000000000001,0.02042464804984999,0,1,0,0,0,0,0,0,1,0,0,0,1,0
0,0,0,0,0.35211267605633806,0,0,0.17000000000000004,0.11585506577429035,0,0,0,0,0,1,1,0,0,0,0,0,1,0
0,0,0,0,0.08450704225352114,1,1,0.76,0.07512116316639743,0,1,0,0,1,0,0,1,1,0,0,0,1,0
1,0,1,1,0.3098591549295775,1,1,0.010000000000000009,0.04996538195245788,0,0,1,0,0,0,0,0,0,0,1,0,0,1
0,1,1,0,0.6338028169014085,1,1,0.8300000000000001,0.5379644588045234,1,1,0,0,0,1,0,1,1,0,0,0,1,0
0,0,0,0,0.08450704225352114,1,0,0.56,0.06069697669051465,0,1,0,0,0,1,0,0,0,0,0,0,0,1
0,1,0,0,0.0,1,1,0.53,0.00611585506577429,0,1,0,0,0,0,0,0,0,0,0,0,1,0
1,0,1,0,0.971830985915493,1,0,0.47000000000000003,0.5470805446572813,1,0,0,1,0,1,1,0,0,0,1,1,0,0
1,1,1,0,0.0,1,1,0.5800000000000001,0.006692822524809601,0,1,0,0,1,0,0,0,0,0,0,0,0,1
0,0,1,1,0.35211267605633806,1,1,0.6500000000000001,0.23678744518809142,1,1,0,0,0,0,0,1,0,0,0,0,1,0
1,0,0,0,0.7746478873239437,1,1,0.42,0.3766443572582507,0,0,0,1,0,1,1,0,0,1,0,1,0,0
1,0,1,0,0.33802816901408456,1,1,0.020000000000000018,0.05642741749365336,0,0,1,0,0,0,0,0,0,1,0,0,0,0
1,0,0,0,0.3943661971830986,1,0,0.8200000000000001,0.3300253865681976,1,1,0,0,0,1,0,1,1,0,0,0,0,0
1,1,0,0,0.7042253521126761,1,0,0.010000000000000009,0.10950842372490192,0,0,1,0,0,0,0,0,0,0,1,1,0,0
0,0,1,1,1.0,1,0,0.9300000000000002,0.9248788368336026,0,1,0,1,1,1,1,1,1,0,1,0,0,0
0,0,1,0,0.971830985915493,1,1,0.8,0.7892914839603046,1,1,0,0,1,1,1,0,1,0,1,0,0,0
0,0,0,0,0.0,1,1,0.010000000000000009,0.00011539349180706218,0,0,1,0,0,0,0,0,0,0,0,1,0,0
0,0,0,0,0.33802816901408456,1,1,0.6599999999999999,0.23367182090930072,1,1,0,0,0,0,0,0,1,0,0,0,1,0
1,1,1,0,0.8309859154929577,0,1,0.31,0.3333717978306024,0,0,0,0,1,0,0,1,1,0,1,1,0,0
0,0,0,0,0.0,1,0,0.28,0.0032310177705977385,0,0,0,0,0,0,0,0,0,0,0,0,0,1
0,0,1,1,0.9859154929577465,1,1,0.52,0.5717747519039926,0,0,0,1,0,1,1,0,1,0,1,1,0,0
0,0,0,0,0.056338028169014086,1,1,0.78,0.050196168936072004,0,1,0,0,0,0,1,1,1,0,0,0,1,0
1,1,0,0,0.47887323943661975,1,1,0.9000000000000001,0.42787906762058625,1,1,0,1,1,1,0,1,1,1,0,0,1,0
1,0,0,0,0.16901408450704225,1,1,0.6300000000000001,0.11654742672513271,0,1,0,0,0,0,0,1,0,0,0,0,0,1
1,0,0,0,0.0,1,1,0.6200000000000001,0.00715439649203785,0,1,0,0,0,0,0,1,0,0,0,0,1,0
0,0,1,0,0.8450704225352113,1,0,0.5700000000000001,0.5436187399030694,1,0,0,1,0,1,1,0,1,0,1,1,0,0
1,0,1,0,0.8450704225352113,1,1,0.8300000000000001,0.6869374567274406,1,1,0,0,1,0,0,1,1,0,1,0,0,0
1,0,1,0,0.9859154929577465,1,0,0.9100000000000001,0.8872605585045004,1,1,0,0,1,1,1,1,1,0,1,0,1,0
0,0,0,0,0.14084507042253522,0,0,0.16000000000000003,0.04211862450957766,0,0,0,0,1,1,0,0,0,0,0,0,0,1
0,0,1,1,0.2112676056338028,1,0,0.020000000000000018,0.037272097853681053,0,0,1,0,0,0,0,0,0,0,0,0,1,0
1,0,0,0,0.15492957746478872,1,1,0.5700000000000001,0.09646895915070391,1,0,0,0,0,0,1,1,1,1,0,0,0,1
1,0,1,0,0.943661971830986,1,1,0.6599999999999999,0.6569351488576044,1,1,0,1,1,0,0,0,0,0,1,0,0,0
0,0,1,1,0.5070422535211268,1,1,0.39999999999999997,0.25213477959843067,0,0,0,1,0,1,1,0,0,1,0,0,0,1
0,0,0,0,0.11267605633802817,1,1,0.5700000000000001,0.08146780521578584,1,1,0,0,0,0,0,0,0,0,0,0,1,0
0,0,1,1,0.5211267605633804,1,0,0.6300000000000001,0.35379644588045234,0,0,0,1,0,1,1,1,1,0,1,1,0,0
0,0,1,1,0.16901408450704225,1,0,0.43,0.08446803600276945,0,0,0,0,1,1,1,0,0,0,0,0,0,0
1,0,1,0,0.22535211267605634,1,0,0.6000000000000001,0.15347334410339258,1,1,0,1,0,0,0,0,0,0,0,0,1,0
0,0,1,1,0.33802816901408456,1,1,0.07,0.06092776367412878,1,0,1,0,0,0,0,0,0,0,0,0,0,0
0,1,0,0,0.9295774647887325,1,1,0.46,0.48834525732748674,1,0,0,1,1,0,1,0,0,0,1,0,0,0
0,1,0,0,0.056338028169014086,1,1,0.53,0.04073390260789291,0,1,0,0,0,0,0,0,0,0,0,0,0,1
1,0,0,0,0.014084507042253521,1,1,0.5700000000000001,0.01707823678744519,1,1,0,0,0,0,0,0,0,0,0,0,1,0
1,0,1,0,0.8028169014084507,1,1,0.9200000000000002,0.75098084468036,1,1,0,1,1,1,0,1,1,1,0,1,0,0
1,1,0,0,0.056338028169014086,0,0,0.10000000000000003,0.013039464574198016,0,0,0,0,1,0,0,0,0,0,0,0,1,0
0,0,1,1,1.0,1,0,0.010000000000000009,0.15047311331640897,0,0,1,0,0,0,0,0,0,0,1,0,0,0
1,0,1,1,0.5633802816901409,1,1,0.6000000000000001,0.36845141933994924,1,0,0,1,1,1,0,1,0,1,0,1,0,0
0,0,0,1,0.15492957746478872,1,1,0.55,0.09843064851142397,1,1,0,0,0,0,0,0,0,0,0,1,0,0
0,1,0,0,0.0,1,1,0.5700000000000001,0.006577429033002539,1,1,0,0,0,0,0,0,0,0,0,0,1,0
0,0,1,1,0.16901408450704225,1,0,0.06,0.03750288483729518,1,0,1,0,0,0,0,0,0,1,0,0,0,0
1,0,0,0,0.5352112676056339,0,0,0.23000000000000004,0.19409185321947844,0,0,0,1,1,0,1,0,0,1,0,0,0,0
1,0,1,1,0.04225352112676056,1,1,0.6699999999999999,0.041887837525963534,1,1,0,0,0,0,0,0,1,0,0,0,1,0
1,0,1,0,0.7887323943661972,0,1,0.31,0.3189476113547196,0,0,0,1,0,1,1,0,1,0,0,0,0,0
1,1,1,1,0.02816901408450704,1,1,0.7,0.029425340410800832,0,1,0,1,0,0,1,1,0,0,0,0,0,1
1,0,1,1,0.9859154929577465,1,0,0.9500000000000002,0.9402261712439418,1,1,0,1,1,1,1,1,1,0,1,1,0,0
0,0,1,1,0.14084507042253522,1,0,0.020000000000000018,0.02873297945995846,0,0,1,0,0,0,0,0,0,0,0,0,0,0
1,0,0,0,0.23943661971830985,1,1,0.53,0.14181860143087932,0,1,0,0,0,0,0,0,0,0,0,0,1,0
0,0,0,0,0.7183098591549296,1,1,0.8700000000000001,0.6240480036925917,0,1,0,0,1,1,1,1,1,1,0,0,0,0
1,0,0,0,0.25352112676056343,1,1,0.38000000000000006,0.12404800369259175,0,0,0,0,0,0,0,0,1,0,0,0,1,0
1,0,1,0,0.0,1,1,0.51,0.005885068082160166,0,1,0,0,0,0,0,0,0,0,0,0,0,1
0,0,1,0,0.6338028169014085,1,0,0.47000000000000003,0.34952688668359105,0,0,0,1,1,1,1,0,0,0,1,0,0,1
0,0,1,1,0.8450704225352113,1,1,0.6300000000000001,0.5721209323794137,1,0,0,0,0,1,1,1,1,0,1,0,0,0
1,0,0,0,0.0,1,1,0.6200000000000001,0.00715439649203785,1,1,0,0,1,0,0,0,0,0,0,0,0,1
1,0,1,0,0.04225352112676056,1,0,0.020000000000000018,0.008423724901915532,0,0,1,0,0,0,0,0,0,0,0,0,1,0
0,0,0,0,0.5915492957746479,1,0,0.76,0.4503807985229633,1,1,0,0,0,0,0,1,1,1,0,0,0,1
1,0,0,0,0.014084507042253521,1,1,0.27,0.00715439649203785,0,0,0,0,0,0,0,0,0,0,0,0,1,0
1,0,1,1,0.5352112676056339,1,1,0.81,0.43261020078467577,1,1,0,0,0,0,1,1,1,0,0,1,0,0
0,0,0,0,0.1267605633802817,1,0,0.52,0.08273713362566353,0,1,0,0,0,0,0,0,0,0,0,0,0,1
1,0,0,0,0.0,1,0,0.52,0.006000461573967228,0,1,0,0,0,0,0,0,0,0,0,0,1,0
0,0,0,0,0.23943661971830985,1,0,0.020000000000000018,0.03923378721440111,0,0,1,0,0,0,0,0,0,0,0,0,0,1
0,1,1,0,0.5633802816901409,0,1,0.35000000000000003,0.25351950150011543,0,0,0,0,1,1,0,1,1,0,0,0,1,0
0,0,1,0,0.36619718309859156,1,0,0.6200000000000001,0.25225017309023773,1,0,0,1,0,0,1,1,1,1,0,0,0,1
1,0,0,0,0.5915492957746479,1,1,0.8600000000000001,0.5470805446572813,1,1,0,0,1,1,0,1,1,0,1,0,1,0
0,0,1,1,0.22535211267605634,1,1,0.71,0.17551350103854144,0,1,0,1,0,1,0,1,0,0,0,0,1,0
1,0,0,0,0.0,1,0,0.55,0.006346642049388415,0,1,0,0,0,1,0,0,0,0,0,0,0,0
0,0,0,0,0.07042253521126761,1,1,0.31,0.033925686591276254,0,0,0,0,0,0,1,0,0,0,0,1,0,0
1,1,0,0,0.5492957746478874,0,1,0.37000000000000005,0.24128779136856682,0,0,0,1,1,0,0,1,1,0,0,0,1,0
0,1,1,0,0.11267605633802817,1,1,0.03,0.021463189476113545,0,0,1,0,0,0,0,0,0,0,0,0,0,1
0,0,0,0,0.18309859154929578,1,0,0.020000000000000018,0.029656127394414956,0,0,1,0,0,0,0,0,0,1,0,0,0,0
1,1,0,0,0.5070422535211268,1,1,0.78,0.4110316178167552,1,1,0,0,0,0,0,1,1,0,0,0,1,0
0,0,1,0,0.7042253521126761,1,1,0.5700000000000001,0.4480729286868221,1,0,0,0,0,0,1,1,1,0,1,0,0,0
0,0,1,1,0.3943661971830986,1,0,0.5700000000000001,0.23494114931917842,0,0,0,0,0,1,1,1,1,0,1,0,0,1
1,0,0,0,0.3802816901408451,1,0,0.41,0.18878375259635358,1,0,0,1,0,1,0,0,0,1,0,0,0,1
0,1,1,0,0.4507042253521127,1,1,0.8200000000000001,0.3752596353565659,1,1,0,0,1,0,0,1,1,0,0,0,0,0
1,0,0,1,0.35211267605633806,1,1,0.31,0.14389568428340643,1,0,0,0,0,0,0,0,0,0,0,0,0,1
0,0,1,1,0.26760563380281693,1,1,0.31,0.10627740595430418,0,0,0,0,0,1,0,0,0,0,0,0,1,0
0,0,0,0,0.16901408450704225,1,0,0.8,0.13985691207015927,1,1,0,1,0,0,0,1,1,0,0,0,0,1
0,0,1,1,0.04225352112676056,1,0,0.010000000000000009,0.009000692360950843,0,0,1,0,0,0,0,0,0,0,1,1,0,0
0,0,0,0,0.0,1,1,0.25,0.002884837295176552,0,0,0,0,0,0,0,0,0,0,0,0,0,0
0,0,1,0,0.5774647887323944,1,1,0.76,0.4611123932610201,1,1,0,1,0,1,0,0,1,0,0,0,1,0
0,1,0,0,0.014084507042253521,1,1,0.56,0.015924301869374567,1,1,0,0,0,0,0,0,0,0,0,0,0,1
0,0,0,0,0.02816901408450704,1,1,0.010000000000000009,0.004615739672282484,0,0,1,0,0,0,0,0,0,0,0,0,0,1
0,0,1,1,0.7042253521126761,1,1,0.5800000000000001,0.4555735056542811,0,0,0,1,0,0,1,1,1,1,0,0,0,0
1,0,0,0,0.23943661971830985,1,0,0.020000000000000018,0.04488806831294715,0,0,1,0,0,0,0,0,0,1,0,0,0,1
1,0,1,1,0.7183098591549296,1,1,0.020000000000000018,0.12370182321717058,0,0,1,0,0,0,0,0,0,1,0,0,1,0
1,0,0,0,0.26760563380281693,1,0,0.010000000000000009,0.0444264943457189,0,0,1,0,0,0,0,0,0,1,0,0,0,1
1,0,1,0,0.943661971830986,1,1,0.6100000000000001,0.6343180244634202,0,0,0,1,1,0,1,1,1,0,1,0,0,0
0,1,0,1,0.7746478873239437,1,0,0.76,0.6053542580198477,0,1,0,1,0,0,0,1,1,1,0,1,0,0
1,0,1,1,0.3098591549295775,1,0,0.07,0.06842834064158783,1,0,1,0,0,0,0,0,0,0,1,0,0,1
0,0,0,0,0.04225352112676056,1,0,0.020000000000000018,0.006346642049388415,0,0,1,0,0,0,0,0,0,0,0,0,0,1
1,0,1,0,0.0,1,1,0.35000000000000003,0.004038772213247173,0,0,0,1,1,0,0,0,0,0,0,0,0,1
1,0,1,1,0.8028169014084507,1,1,0.26,0.2763674128779137,0,0,0,0,0,0,0,0,0,1,0,0,0,1
1,0,0,1,0.15492957746478872,1,1,0.6000000000000001,0.10281560120009232,1,1,0,1,0,0,0,0,0,0,0,0,1,0
0,0,1,1,0.3802816901408451,1,0,0.8200000000000001,0.32090930071543966,0,1,0,0,1,1,0,1,1,1,0,0,0,0
0,0,0,0,0.14084507042253522,0,1,0.17000000000000004,0.04696515116547427,0,0,0,0,1,0,1,0,0,0,0,0,1,0
0,0,0,1,0.19718309859154928,1,1,0.06,0.035310408492961,1,0,1,0,0,0,0,0,0,0,0,0,1,0
1,0,0,0,0.11267605633802817,1,1,0.25,0.044657281329333026,0,0,0,0,0,0,0,0,0,0,0,0,1,0
0,0,0,0,0.23943661971830985,1,0,0.8300000000000001,0.20493884144934227,0,1,0,0,1,1,0,1,1,0,0,1,0,0
0,0,0,0,0.08450704225352114,1,1,0.75,0.07119778444495731,1,1,0,0,0,0,0,1,1,0,0,0,1,0
1,0,1,1,0.943661971830986,1,1,0.6599999999999999,0.6609739210708516,1,1,0,0,1,1,0,0,0,0,1,1,0,0
1,0,1,0,0.1267605633802817,1,1,0.6000000000000001,0.08619893837987538,1,1,0,1,0,0,0,0,0,0,0,1,0,0
1,0,1,1,0.0,1,1,0.03,0.0003461804754211861,0,0,1,0,0,0,0,0,0,0,0,0,1,0
1,0,1,1,0.7746478873239437,1,1,0.43,0.3840295407339026,0,0,0,1,1,1,0,0,0,0,1,1,0,0
1,0,1,1,0.014084507042253521,0,0,0.10999999999999999,0.003000230786983614,0,0,0,0,0,0,1,0,0,0,0,0,0,0
1,0,0,0,0.5352112676056339,1,1,0.29000000000000004,0.21555504269559198,0,0,0,1,0,0,0,0,0,1,0,0,1,0
0,0,1,1,0.6338028169014085,1,0,0.6300000000000001,0.4417262866374337,0,0,0,1,0,1,1,1,1,0,1,0,0,1
1,0,0,1,0.08450704225352114,0,0,0.10999999999999999,0.021117009000692362,0,0,0,1,0,0,0,0,0,0,0,0,0,1
0,0,1,1,0.07042253521126761,1,1,0.51,0.041426263558735285,0,1,0,0,0,0,0,0,0,0,0,0,1,0
1,0,1,1,1.0,1,1,0.9700000000000002,0.9759981537041311,1,1,0,1,1,1,1,1,1,0,1,0,0,0
0,1,1,0,0.33802816901408456,1,1,0.71,0.24913454881144703,1,1,0,1,0,0,0,0,1,1,0,0,1,0
1,0,1,1,0.49295774647887325,1,0,0.33,0.20736210477729058,0,0,0,1,0,0,0,0,0,0,0,1,0,0
1,0,1,1,0.5211267605633804,1,0,0.020000000000000018,0.08435264251096239,0,0,1,0,0,0,0,0,0,1,0,0,0,1
0,0,0,1,0.07042253521126761,1,0,0.010000000000000009,0.01269328409877683,0,0,1,0,0,0,0,0,0,0,0,0,0,1
1,0,0,0,0.014084507042253521,1,1,0.6200000000000001,0.014539579967689823,0,1,0,0,0,0,0,1,0,0,0,0,1,0
1,0,0,0,0.02816901408450704,1,1,0.5700000000000001,0.02330948534502654,1,1,0,0,0,0,0,0,0,0,0,0,1,0
0,0,1,0,0.6619718309859155,1,1,0.9300000000000002,0.6112393261020078,1,1,0,1,1,1,0,1,1,0,0,0,0,0
1,0,1,0,0.25352112676056343,1,0,0.26,0.09473805677359798,0,0,0,0,0,0,0,0,0,0,0,0,0,1
1,0,0,0,0.0,1,0,0.51,0.005885068082160166,0,1,0,0,0,0,0,0,0,0,0,0,0,1
0,0,1,0,0.36619718309859156,1,0,0.3,0.16189706900530812,0,0,0,1,0,0,0,0,0,1,0,1,0,0
1,0,0,0,0.295774647887324,1,0,0.47000000000000003,0.16420493884144935,0,0,0,0,1,1,0,1,0,1,0,0,0,0
1,1,0,0,0.4366197183098592,1,1,0.56,0.2605585045003462,0,1,0,0,1,0,0,0,0,0,0,0,1,0
0,0,1,1,0.8591549295774649,1,0,0.06,0.16824371105469652,1,0,1,0,0,0,0,0,0,1,0,0,0,0
0,0,0,0,0.6056338028169015,1,1,0.6699999999999999,0.42534041080083085,1,0,0,0,1,1,1,1,1,1,0,0,0,0
1,0,0,0,0.4507042253521127,1,0,0.07,0.09323794138010617,1,0,1,0,0,0,0,0,0,0,1,1,0,0
0,0,0,0,0.2112676056338028,1,0,0.010000000000000009,0.031848603738749134,0,0,1,0,0,0,0,0,0,0,0,1,0,0
1,0,1,0,0.14084507042253522,1,1,0.26,0.05365797369028387,0,0,0,0,0,0,0,0,0,0,0,0,1,0
1,0,0,0,0.35211267605633806,1,1,0.69,0.26032771751673206,0,1,0,1,0,1,1,0,0,1,0,1,0,0
1,0,1,0,0.8028169014084507,1,1,0.9100000000000001,0.7356335102700208,1,1,0,1,1,0,1,1,1,0,1,1,0,0
1,0,1,1,0.16901408450704225,1,1,0.010000000000000009,0.026309716132010157,0,0,1,0,0,0,0,0,0,0,1,0,0,0
1,0,0,0,0.0,1,1,0.52,0.006000461573967228,0,1,0,0,0,0,0,0,0,0,0,0,1,0
1,0,1,0,0.14084507042253522,1,1,0.78,0.13893376413570277,1,1,0,1,0,0,1,1,0,0,0,1,0,0
0,0,0,0,0.7183098591549296,1,1,0.71,0.526078929148396,1,1,0,0,0,1,0,0,1,0,1,1,0,0
1,0,1,0,0.8169014084507042,1,1,0.8900000000000001,0.7078236787445188,1,1,0,1,1,1,1,0,1,1,0,1,0,0
1,0,0,0,0.07042253521126761,1,0,0.020000000000000018,0.012116316639741519,0,0,1,0,0,0,0,0,0,0,0,0,0,1
1,0,1,0,0.323943661971831,1,1,0.81,0.27844449573044083,0,1,0,0,1,1,0,1,1,0,0,1,0,0
1,1,0,0,0.47887323943661975,1,1,0.9200000000000002,0.44057235171936304,1,1,0,1,1,1,1,1,1,1,0,0,0,0
1,0,1,1,0.7887323943661972,1,1,0.41,0.37572120932379416,0,0,0,1,0,1,1,0,0,1,0,0,0,1
1,1,0,0,0.9577464788732395,1,0,0.9200000000000002,0.8595661204708054,1,1,0,1,0,1,1,1,1,0,1,1,0,0
1,0,0,0,0.3098591549295775,1,1,0.8,0.25744288022155554,1,1,0,0,1,0,0,1,1,0,0,1,0,0
0,0,1,1,0.9859154929577465,1,0,0.010000000000000009,0.15693514885760446,0,0,1,0,0,0,0,0,0,0,1,0,0,1
0,0,1,1,1.0,1,1,0.6200000000000001,0.6588968382183245,0,0,0,1,0,1,1,1,1,0,1,0,1,0
0,1,1,1,0.9154929577464789,1,1,0.81,0.7851373182552503,1,1,0,0,0,1,0,1,1,0,0,1,0,0
0,1,0,0,0.0,1,0,0.51,0.005885068082160166,0,1,0,0,0,0,0,0,0,0,0,0,1,0
1,0,0,0,0.25352112676056343,1,0,0.06,0.05158089083775675,1,0,1,0,0,0,0,0,0,0,0,0,0,0
0,0,1,1,1.0,1,1,0.6599999999999999,0.7052850219247634,1,1,0,0,0,0,0,0,1,0,1,1,0,0
0,1,1,0,0.1267605633802817,1,1,0.74,0.10570043849526888,0,1,0,0,1,1,1,1,0,0,0,0,0,1
1,0,0,0,0.19718309859154928,1,1,0.07,0.04396492037849065,1,0,1,0,0,0,0,0,0,0,0,1,0,0
0,0,1,1,0.0,1,0,0.010000000000000009,0.00011539349180706218,0,0,1,0,0,0,0,0,0,0,0,0,0,1
1,1,1,0,0.9859154929577465,1,1,0.78,0.778675282714055,1,1,0,1,1,1,1,0,0,0,1,1,0,0
1,0,0,0,0.3098591549295775,1,0,0.37000000000000005,0.15105008077544427,0,0,0,0,1,1,0,0,0,1,0,0,0,0
1,1,0,0,0.19718309859154928,1,1,0.78,0.1624740364643434,0,1,0,1,0,1,1,0,1,0,0,0,0,1
0,0,1,1,0.9295774647887325,1,0,0.06,0.18486037387491347,1,0,1,0,0,0,0,0,0,0,1,0,0,0
0,0,0,0,0.7746478873239437,1,1,0.6799999999999999,0.5658896838218325,1,1,0,1,1,0,0,0,0,0,0,0,1,0
1,0,0,0,0.19718309859154928,1,1,0.6100000000000001,0.12612508654511886,1,1,0,0,1,0,0,0,0,0,0,0,1,0
0,1,0,0,0.0,1,1,0.76,0.008769905377336719,1,1,0,0,0,0,0,1,1,0,0,0,1,0
0,1,1,0,1.0,1,1,0.9300000000000002,0.9236095084237249,1,1,0,0,1,1,1,1,1,0,1,0,0,0
1,0,1,0,0.943661971830986,1,0,0.52,0.5646203554119548,1,0,0,1,1,1,1,0,0,0,1,1,0,0
0,0,1,1,0.295774647887324,1,0,0.5700000000000001,0.17943687975998154,0,1,0,1,0,0,0,0,0,0,0,0,0,0
1,0,0,0,0.5211267605633804,1,0,0.020000000000000018,0.07615970459266098,0,0,1,0,0,0,0,0,0,1,0,0,0,1
0,1,1,0,0.22535211267605634,1,1,0.8200000000000001,0.1850911608585276,1,1,0,0,0,1,0,1,1,0,0,1,0,0
1,0,0,0,0.02816901408450704,1,1,0.77,0.03334871913224094,0,1,0,0,1,0,0,1,1,0,0,0,1,0
1,0,1,0,1.0,1,1,0.9500000000000002,0.9420724671128549,1,1,0,1,1,1,1,1,1,0,1,0,0,0
0,1,0,0,0.11267605633802817,1,1,0.8200000000000001,0.10385414262635588,1,1,0,0,0,1,0,1,1,0,0,0,1,0
0,0,0,0,0.02816901408450704,1,1,0.8300000000000001,0.03231017770597738,1,1,0,0,0,1,0,1,1,0,0,0,0,0
0,0,1,1,1.0,1,0,0.010000000000000009,0.15520424648049852,0,0,1,0,0,0,0,0,0,0,1,1,0,0
0,1,1,0,0.5070422535211268,1,1,0.74,0.3986845141933995,1,1,0,0,0,0,0,1,1,0,0,0,1,0
1,0,0,0,0.09859154929577466,1,1,0.020000000000000018,0.014078006000461574,0,0,1,0,0,0,0,0,0,1,0,0,0,0
1,0,1,1,0.647887323943662,1,0,0.020000000000000018,0.09866143549503809,0,0,1,0,0,0,0,0,0,0,1,1,0,0
0,0,0,1,0.0,1,1,0.010000000000000009,0.00011539349180706218,0,0,1,0,0,0,0,0,0,0,0,0,0,1
0,0,0,0,0.0,1,0,0.020000000000000018,0.00023078698361412436,0,0,1,0,0,0,0,0,0,0,0,0,0,1
0,0,0,1,0.3098591549295775,1,0,0.010000000000000009,0.05158089083775675,0,0,1,0,0,0,0,0,0,1,0,0,0,1
0,0,0,0,0.647887323943662,1,1,0.6799999999999999,0.47542118624509583,0,0,0,1,1,1,1,1,1,1,0,0,0,0
0,0,1,1,0.9014084507042254,1,0,0.9000000000000001,0.7984075698130625,1,1,0,1,0,1,1,1,1,0,1,0,0,0
0,0,0,0,0.25352112676056343,1,0,0.41,0.1299330717747519,1,0,0,0,0,1,1,0,0,0,0,0,1,0
0,0,0,1,0.8732394366197184,0,1,0.22000000000000003,0.29656127394414955,0,0,0,1,1,0,1,0,0,1,0,0,0,0
1,0,0,0,0.0,1,0,0.51,0.005885068082160166,0,1,0,0,0,0,0,0,0,0,0,0,0,0
1,0,1,0,0.7746478873239437,1,0,0.9100000000000001,0.7028617585968151,1,1,0,1,1,1,0,1,1,1,0,0,0,0
0,0,1,0,0.8450704225352113,1,0,0.81,0.6837064389568428,1,1,0,1,0,1,1,1,0,0,0,0,0,0
0,0,1,1,0.22535211267605634,1,1,0.52,0.13651050080775445,1,0,0,1,0,1,0,1,0,1,0,0,0,0
0,1,0,0,0.0,1,0,0.27,0.0031156242787906763,0,0,0,0,0,0,0,0,0,0,0,0,1,0
0,0,1,1,0.056338028169014086,1,1,0.37000000000000005,0.02780983152550196,1,0,0,0,0,0,1,0,0,0,0,0,0,1
0,0,1,0,0.8873239436619719,1,1,0.9000000000000001,0.79183014078006,1,1,0,1,0,1,1,1,1,1,0,0,0,1
0,1,1,0,0.1267605633802817,1,0,0.5700000000000001,0.08100623124855759,0,1,0,1,0,0,0,0,0,0,0,0,1,0
0,0,0,0,0.014084507042253521,1,1,0.49000000000000005,0.011308562197092085,0,1,0,0,0,0,0,0,0,0,0,0,1,0
0,0,1,0,0.0,1,0,0.5800000000000001,0.006692822524809601,0,1,0,0,0,1,0,0,0,0,0,0,1,0
0,0,1,1,0.0,1,1,0.020000000000000018,0.00023078698361412436,0,0,1,0,0,0,0,0,0,0,0,0,0,0
0,0,0,0,0.323943661971831,1,0,0.42,0.1640895453496423,0,0,0,1,1,0,1,0,0,0,0,0,0,0
0,0,0,0,0.056338028169014086,1,1,0.51,0.035310408492961,0,1,0,0,0,0,0,0,0,0,0,0,1,0
1,0,1,1,0.6619718309859155,0,0,0.21000000000000002,0.22617124394184168,0,0,0,1,1,0,1,0,0,0,1,0,0,1
1,0,0,0,0.04225352112676056,1,1,0.46,0.02711747057465959,1,0,0,0,0,0,1,1,0,0,0,0,0,1
1,0,0,0,0.08450704225352114,1,1,0.6100000000000001,0.06554350334641126,0,1,0,0,0,0,0,1,0,0,0,0,1,0
0,1,1,0,1.0,1,1,0.9400000000000002,0.9281098546042004,1,1,0,1,1,1,1,1,1,0,0,1,0,0
1,0,1,0,0.9295774647887325,1,1,0.8700000000000001,0.784444957304408,1,1,0,0,1,1,0,1,1,1,0,0,0,0
0,0,1,1,0.4225352112676057,1,0,0.36000000000000004,0.18797599815370414,0,0,0,0,0,1,1,0,0,0,0,0,0,1
0,0,0,0,0.47887323943661975,1,1,0.8400000000000001,0.41633971843988,0,1,0,0,1,1,0,1,1,1,0,0,0,0
0,0,1,0,0.2112676056338028,1,1,0.55,0.1460881606277406,1,1,0,0,0,0,0,0,0,0,0,0,0,0
1,0,1,1,1.0,1,1,0.9200000000000002,0.9277636741287791,1,1,0,1,0,1,1,1,1,0,1,0,0,0
1,0,1,1,0.7746478873239437,1,0,0.7,0.5711977844449573,0,1,0,0,0,0,0,1,1,1,0,0,0,0
0,0,0,0,0.1267605633802817,1,0,0.020000000000000018,0.02077082852527118,0,0,1,0,0,0,0,0,0,0,0,1,0,0
0,0,1,0,0.7746478873239437,1,1,0.75,0.60408492960997,1,1,0,1,1,1,0,0,0,1,0,0,1,0
0,0,0,0,0.1267605633802817,1,0,0.010000000000000009,0.023886452804061854,0,0,1,0,0,0,0,0,0,1,0,0,0,1
1,0,1,1,0.5492957746478874,1,1,0.53,0.32644818832217865,0,0,0,1,1,0,1,0,1,0,0,0,0,1
1,0,1,0,0.7887323943661972,1,1,0.81,0.6322409416108932,1,1,0,1,0,0,0,1,1,0,0,0,1,0
0,0,1,0,1.0,1,1,0.8600000000000001,0.8599123009462266,1,1,0,0,1,1,0,1,1,0,1,0,0,0
1,0,1,0,0.8873239436619719,0,0,0.29000000000000004,0.36106623586429726,0,0,0,1,0,1,1,0,1,0,1,0,1,0
0,0,0,0,0.5211267605633804,1,1,0.77,0.42384029540733903,1,1,0,0,1,1,0,0,1,0,0,1,0,0
1,0,0,0,0.014084507042253521,1,1,0.73,0.017309023771059313,0,1,0,1,1,0,0,1,0,0,0,0,1,0
0,0,1,1,0.5211267605633804,1,0,0.07,0.10904684975767368,1,0,1,0,0,0,0,0,0,0,1,1,0,0
1,0,1,1,1.0,1,1,0.6500000000000001,0.695130394645742,1,0,0,1,0,1,1,1,1,0,1,0,0,0
1,1,1,0,0.014084507042253521,1,0,0.32,0.011193168705285023,0,0,0,0,1,0,0,0,0,0,0,1,0,0
1,1,0,0,1.0,1,0,0.9300000000000002,0.914493422570967,1,1,0,0,1,1,1,1,1,0,1,0,1,0
0,0,1,1,0.6619718309859155,1,0,0.9300000000000002,0.6260096930533118,1,1,0,1,1,1,1,1,1,0,1,1,0,0
1,0,0,0,0.16901408450704225,1,1,0.6300000000000001,0.10777752134779599,0,1,0,0,1,1,0,0,0,0,0,0,1,0
0,0,0,0,0.0,1,0,0.020000000000000018,0.00023078698361412436,0,0,1,0,0,0,0,0,0,0,0,0,0,1
1,0,0,0,0.056338028169014086,1,1,0.6200000000000001,0.04546503577198246,0,1,0,0,0,0,0,0,1,0,0,0,1,0
0,1,1,0,0.9154929577464789,1,1,0.8200000000000001,0.7907915993537964,1,1,0,0,0,0,1,1,1,0,0,1,0,0
0,1,0,0,0.676056338028169,1,0,0.6300000000000001,0.46642049388414497,1,0,0,1,1,1,1,0,1,0,1,1,0,0
0,0,0,0,0.19718309859154928,0,0,0.32,0.0773136395107316,0,0,0,0,0,1,0,1,1,1,0,0,1,0
1,1,1,1,0.4366197183098592,1,1,0.73,0.3321024694207247,1,1,0,0,0,1,0,1,0,0,0,0,0,1
1,0,1,1,0.3098591549295775,1,1,0.6500000000000001,0.2112854834987307,1,1,0,0,0,0,0,1,0,0,0,0,1,0
1,0,1,1,0.4084507042253521,1,0,0.010000000000000009,0.06738979921532426,0,0,1,0,0,0,0,0,0,0,1,0,0,1
0,0,1,0,0.8028169014084507,1,0,0.8200000000000001,0.6534733441033925,1,1,0,0,0,1,0,1,1,1,0,1,0,0
1,0,0,0,0.25352112676056343,0,1,0.26,0.10096930533117933,0,0,0,0,0,0,0,1,1,1,0,1,0,0
1,0,0,0,0.056338028169014086,1,1,0.5700000000000001,0.04396492037849065,0,1,0,0,0,0,1,0,0,0,0,0,0,1
0,0,0,0,0.22535211267605634,1,1,0.8800000000000001,0.1908608354488807,1,1,0,1,1,1,1,1,0,0,0,0,0,0
0,1,0,0,0.0,1,1,0.52,0.006000461573967228,0,1,0,0,0,0,0,0,0,0,0,0,1,0
0,0,0,0,0.014084507042253521,1,1,0.51,0.014770366951303947,0,1,0,0,0,0,0,0,0,0,0,0,1,0
1,0,1,1,0.04225352112676056,1,0,0.020000000000000018,0.006692822524809601,0,0,1,0,0,0,0,0,0,0,0,0,0,1
1,0,1,0,0.33802816901408456,1,1,0.53,0.20990076159704593,0,0,0,1,1,0,1,0,1,0,0,0,0,1
1,0,0,1,0.46478873239436624,1,1,0.8700000000000001,0.42349411493191785,0,1,0,1,1,1,0,1,1,0,0,0,0,0
0,0,1,0,0.47887323943661975,1,0,0.43,0.24371105469651513,0,0,0,1,1,1,0,0,0,0,0,0,0,1
0,0,0,0,0.295774647887324,1,0,0.020000000000000018,0.05273482575582737,0,0,1,0,0,0,0,0,0,1,0,0,0,1
0,0,1,0,1.0,1,1,0.8500000000000001,0.8456035079621509,1,1,0,0,1,1,0,1,1,0,1,0,0,0
0,0,1,1,0.8309859154929577,1,0,0.42,0.42418647588276026,0,0,0,1,1,1,0,0,0,0,1,0,0,0
1,1,0,0,0.09859154929577466,1,0,0.010000000000000009,0.016847449803831065,0,0,1,0,0,0,0,0,0,0,0,0,1,0
0,0,0,0,0.04225352112676056,0,0,0.12,0.01153934918070621,0,0,0,0,0,0,1,0,0,0,0,0,1,0
0,0,0,0,0.25352112676056343,1,1,0.6599999999999999,0.1884375721209324,1,1,0,1,0,1,0,0,0,0,0,0,1,0
0,0,1,1,1.0,1,1,0.8900000000000001,0.9117239787675975,1,1,0,1,1,0,1,1,1,0,1,1,0,0
1,1,1,0,0.0,1,1,0.31,0.003577198246018925,0,0,0,1,0,0,0,0,0,0,0,0,1,0
0,0,0,0,0.676056338028169,1,1,0.56,0.42718670666974384,1,1,0,0,0,0,0,0,0,0,0,0,0,0
1,0,1,0,0.014084507042253521,1,0,0.010000000000000009,0.003923378721440111,0,0,1,0,0,0,0,0,0,0,0,0,0,0
1,0,1,0,0.15492957746478872,1,0,0.36000000000000004,0.07754442649434573,0,0,0,1,0,0,1,0,0,0,0,0,0,0
0,0,0,0,0.36619718309859156,1,1,0.8200000000000001,0.3063697207477498,1,1,0,0,0,1,0,1,1,1,0,0,0,0
1,0,1,1,0.36619718309859156,1,0,0.31,0.15208862220170782,0,0,0,0,1,0,0,0,0,0,0,0,0,1
0,0,1,1,0.16901408450704225,1,1,0.54,0.10523886452804063,1,0,0,0,1,1,1,1,0,0,0,0,1,0
1,1,0,0,0.647887323943662,1,1,0.77,0.5176552042464805,1,1,0,0,1,0,1,1,0,0,0,0,1,0
0,1,0,0,0.647887323943662,1,0,0.41,0.31571659358412185,1,0,0,0,1,0,1,0,0,0,1,0,0,0
1,0,1,0,0.49295774647887325,1,1,0.8800000000000001,0.4403415647357489,1,1,0,1,1,1,1,0,1,0,1,1,0,0
0,0,0,0,0.4225352112676057,1,1,0.6000000000000001,0.27890606969766907,0,1,0,0,1,0,1,0,0,0,0,0,1,0
0,1,0,0,0.11267605633802817,1,0,0.36000000000000004,0.05492730210016155,1,0,0,1,0,0,0,0,0,0,0,0,1,0
0,0,0,0,0.8591549295774649,1,1,0.56,0.5400415416570505,0,0,0,1,1,0,0,1,1,1,0,1,0,0
1,0,1,1,0.3802816901408451,1,1,0.52,0.22778675282714056,0,1,0,0,0,0,0,0,0,1,0,0,0,0
1,0,1,1,0.7042253521126761,1,1,0.6200000000000001,0.4728825294253404,1,1,0,0,0,0,1,0,0,0,0,0,1,0
0,0,1,0,0.0,1,0,0.52,0.006000461573967228,0,1,0,0,0,0,0,0,0,0,0,0,1,0
1,0,1,1,0.02816901408450704,1,1,0.6599999999999999,0.028386798984537276,1,1,0,0,0,0,0,0,1,0,0,0,0,0
0,1,0,0,0.0,0,1,0.07,0.0008077544426494348,0,0,0,0,0,0,0,0,0,0,0,0,1,0
0,0,1,0,0.7183098591549296,1,1,0.77,0.5850450034618048,1,1,0,0,1,0,1,0,1,0,0,1,0,0
1,0,0,0,0.5352112676056339,1,0,0.41,0.252827140549273,0,0,0,0,0,0,1,0,1,1,0,0,1,0
0,1,1,1,0.6901408450704226,1,1,0.5700000000000001,0.43895684283406416,1,0,0,1,1,1,0,0,1,0,1,0,0,0
1,0,0,0,0.0,1,0,0.020000000000000018,0.00023078698361412436,0,0,1,0,0,0,0,0,0,0,0,0,1,0
0,0,0,0,0.19718309859154928,0,1,0.10999999999999999,0.048465266558966075,0,0,0,0,0,0,1,0,0,0,0,0,1,0
0,0,1,0,0.23943661971830985,1,0,0.6000000000000001,0.16732056312024002,0,1,0,0,0,1,1,0,0,0,0,0,1,0
0,0,1,1,0.5352112676056339,0,1,0.07,0.10720055388876068,0,0,0,0,0,0,0,0,0,1,0,1,0,0
0,0,1,1,0.2112676056338028,1,0,0.010000000000000009,0.03404108008308331,0,0,1,0,0,0,0,0,0,0,0,0,1,0
1,0,1,0,0.7887323943661972,1,1,0.8200000000000001,0.6885529656127394,1,1,0,0,0,1,0,1,1,1,0,1,0,0
0,0,0,0,0.6056338028169015,1,0,0.8200000000000001,0.5031156242787906,0,1,0,0,0,1,1,1,1,0,1,0,0,0
0,0,1,1,0.9577464788732395,1,1,0.6300000000000001,0.6442418647588276,1,0,0,0,1,1,1,1,1,0,1,0,0,0
1,0,1,0,0.07042253521126761,1,0,0.32,0.03415647357489038,1,0,0,0,0,0,0,0,0,0,0,0,1,0
0,1,1,0,0.295774647887324,1,1,0.71,0.22155550426955922,0,1,0,0,0,0,0,1,1,0,0,0,0,0
1,0,0,0,0.5492957746478874,1,1,0.020000000000000018,0.09335333487191323,0,0,1,0,0,0,0,0,0,0,1,0,0,0
0,0,1,1,0.5774647887323944,1,0,0.36000000000000004,0.26344334179552276,0,0,0,1,1,0,0,0,0,0,0,0,0,1
0,0,0,0,0.8732394366197184,1,0,0.8600000000000001,0.758366028156012,1,1,0,1,1,1,1,1,0,1,0,1,0,0
0,1,1,1,0.7183098591549296,1,1,0.6200000000000001,0.46861297022847914,1,0,0,0,1,1,0,1,1,1,0,0,1,0
1,0,1,0,0.5774647887323944,1,0,0.020000000000000018,0.09819986152780984,0,0,1,0,0,0,0,0,0,0,0,1,0,0
0,1,1,0,0.4507042253521127,0,1,0.32,0.19986152780983155,0,0,0,0,1,1,1,1,0,0,0,0,1,0
1,1,0,0,0.02816901408450704,1,0,0.27,0.012577890606969767,0,0,0,0,0,0,0,0,0,0,0,0,1,0
1,0,1,1,0.9154929577464789,1,1,0.41,0.459035310408493,0,0,0,1,0,0,0,1,0,0,1,0,1,0
0,1,1,0,0.36619718309859156,1,1,0.6699999999999999,0.2540964689591507,1,1,0,1,0,1,0,0,0,1,0,0,1,0
0,1,0,0,0.08450704225352114,1,1,0.6599999999999999,0.06092776367412878,1,1,0,0,0,0,0,1,0,0,0,0,1,0
1,0,1,0,0.3802816901408451,1,0,0.07,0.0754673436418186,1,0,1,0,0,0,0,0,0,1,0,0,0,1
0,0,0,0,0.5915492957746479,1,1,0.8300000000000001,0.52042464804985,1,1,0,0,1,0,0,1,1,0,0,0,1,0
0,0,0,0,0.02816901408450704,1,1,0.5800000000000001,0.024232633279483037,1,1,0,0,0,0,0,0,0,0,0,0,1,0
0,0,1,0,0.9154929577464789,1,1,0.48000000000000004,0.5088852988691438,1,0,0,1,1,1,0,0,0,0,1,1,0,0
1,1,1,0,0.943661971830986,1,1,0.71,0.7049388414493423,1,1,0,0,1,0,0,0,1,0,0,0,0,0
0,0,0,0,0.971830985915493,1,1,0.9600000000000002,0.8877221324717286,1,1,0,1,1,1,1,1,1,0,1,0,0,0
1,0,0,0,0.5774647887323944,1,1,0.42,0.2772905608123702,1,0,0,1,1,0,0,0,0,1,0,0,0,0
0,0,1,0,0.971830985915493,1,0,0.9700000000000002,0.9173782598661435,1,1,0,1,1,1,1,1,1,1,0,1,0,0
1,1,1,0,0.5070422535211268,1,1,0.5800000000000001,0.32887145165012693,1,1,0,0,0,0,0,0,0,0,0,0,1,0
0,0,1,0,0.056338028169014086,1,1,0.71,0.045580429263789524,1,1,0,1,0,0,0,0,1,0,0,0,1,0
1,1,1,0,0.02816901408450704,0,1,0.12,0.007385183475651974,0,0,0,0,1,0,0,0,0,0,0,0,1,0
1,0,0,0,0.0,1,1,0.6500000000000001,0.007500576967459035,0,1,0,1,1,0,1,0,0,0,0,0,0,1
1,0,1,1,0.07042253521126761,1,1,0.6200000000000001,0.05585045003461805,1,1,0,0,0,0,1,0,0,0,0,0,1,0
0,0,0,0,0.0,1,1,0.6200000000000001,0.00715439649203785,0,1,0,0,0,0,0,0,1,0,0,0,0,1
1,1,0,0,0.8732394366197184,1,1,0.71,0.6369720747749826,1,1,0,0,0,1,0,0,1,0,0,0,0,0
0,1,1,0,0.02816901408450704,1,1,0.76,0.030117701361643205,1,1,0,0,0,0,0,1,1,0,0,0,1,0
1,0,0,0,0.8873239436619719,1,1,0.9200000000000002,0.8136395107315947,1,1,0,0,1,1,1,1,1,0,1,1,0,0
0,0,1,0,0.8591549295774649,1,1,0.8900000000000001,0.795522732517886,1,1,0,0,0,1,1,1,1,0,1,0,0,0
0,1,0,0,0.02816901408450704,1,0,0.73,0.03127163627971383,1,1,0,0,0,1,0,1,0,0,0,0,1,0
0,0,0,0,0.35211267605633806,1,1,0.6799999999999999,0.25271174705746596,1,1,0,1,1,0,0,0,0,0,0,1,0,0
0,0,1,1,0.5070422535211268,1,1,0.44,0.2607892914839603,1,0,0,1,0,1,1,0,0,0,1,1,0,0
0,0,0,0,0.28169014084507044,1,0,0.8500000000000001,0.25351950150011543,1,1,0,1,0,1,0,1,1,0,0,0,0,1
1,0,1,1,0.33802816901408456,1,1,0.0,0.04211862450957766,0,0,1,0,0,0,0,0,0,0,1,0,0,1
1,1,0,0,0.0,1,1,0.56,0.006462035541195477,1,1,0,0,0,0,0,0,0,0,0,0,1,0
0,0,1,1,0.971830985915493,0,0,0.41,0.4761135471959382,0,0,0,1,0,1,1,1,1,0,1,0,0,0
0,0,0,0,0.0,1,0,0.51,0.005885068082160166,0,1,0,0,0,0,0,0,0,0,0,0,0,1
0,0,1,1,0.5492957746478874,1,1,0.56,0.34583429494576506,1,0,0,0,0,1,0,1,1,0,0,0,1,0
1,0,1,0,0.19718309859154928,1,0,0.07,0.04258019847680591,1,0,1,0,0,0,0,0,0,0,1,0,0,1
0,1,1,0,0.23943661971830985,1,0,0.6000000000000001,0.16201246249711518,0,1,0,0,0,0,0,0,1,0,0,0,1,0
0,0,1,1,0.22535211267605634,1,1,0.48000000000000004,0.12220170782367876,1,0,0,0,1,1,1,0,0,0,0,0,0,1
0,0,0,0,0.0,1,0,0.6200000000000001,0.00715439649203785,0,1,0,0,0,0,0,0,1,0,0,0,1,0
0,0,0,0,0.25352112676056343,1,1,0.81,0.22074774982690978,1,1,0,0,1,0,0,1,1,0,0,0,1,0
0,0,1,0,0.5492957746478874,1,0,0.52,0.33498730671590127,1,0,0,0,1,0,1,1,0,1,0,1,0,0
1,0,1,1,0.647887323943662,1,1,0.6699999999999999,0.4718439879990769,1,0,0,1,1,0,1,1,1,0,1,1,0,0
0,1,0,0,0.47887323943661975,1,0,0.73,0.3648742210939303,1,1,0,1,0,0,0,0,1,0,0,1,0,0
1,0,0,0,0.9859154929577465,1,1,0.9500000000000002,0.92026309716132,1,1,0,1,1,1,1,1,1,0,1,1,0,0
1,0,1,1,0.9014084507042254,1,0,0.43,0.44495730440803144,0,0,0,1,1,1,0,0,0,1,0,0,0,0
0,0,1,0,0.5633802816901409,1,1,0.6200000000000001,0.3947611354719594,1,1,0,0,1,0,0,0,0,0,0,0,1,0
1,1,1,0,0.14084507042253522,1,1,0.81,0.12843295638126012,1,1,0,0,0,1,0,1,1,0,0,0,1,0
0,0,1,1,0.619718309859155,1,1,0.77,0.50196168936072,1,1,0,0,1,1,0,0,1,1,0,1,0,0
0,0,1,1,0.943661971830986,0,0,0.26,0.3421417032079391,0,0,0,1,1,0,0,1,0,1,0,0,0,1
1,0,1,1,1.0,1,0,0.48000000000000004,0.5471959381490884,1,0,0,1,1,0,1,0,0,0,1,1,0,0
0,0,1,0,0.23943661971830985,1,1,0.76,0.1930533117932149,1,1,0,0,0,0,0,1,1,0,0,0,1,0
0,0,0,1,0.7183098591549296,1,0,0.07,0.1518578352180937,1,0,1,0,0,0,0,0,0,0,1,1,0,0
1,0,1,0,0.6338028169014085,1,0,0.52,0.37075928917609047,0,0,0,1,1,0,1,0,1,1,0,0,0,1
0,0,1,1,1.0,1,0,0.9600000000000002,0.9563812600969305,1,1,0,1,1,1,1,1,1,0,1,0,0,0
1,0,1,1,0.8169014084507042,1,1,0.8800000000000001,0.7198246018924532,1,1,0,0,1,1,0,1,1,1,0,0,1,0
0,0,1,1,0.9295774647887325,1,0,0.71,0.6946688206785138,1,1,0,1,1,0,1,0,0,1,0,0,1,0
1,0,1,0,0.4507042253521127,1,1,0.33,0.20078467574428804,0,0,0,0,0,0,1,0,0,1,0,0,0,1
1,0,1,0,0.4507042253521127,1,1,0.8500000000000001,0.38576044311100854,0,1,0,1,0,1,1,1,1,1,0,0,1,0
1,0,0,1,0.6619718309859155,1,1,0.77,0.5318486037387491,0,1,0,0,1,1,1,1,0,0,1,0,0,1
0,0,0,1,0.16901408450704225,1,1,0.6000000000000001,0.11712439418416802,0,1,0,0,0,0,0,1,0,0,0,1,0,0
1,0,1,0,0.35211267605633806,1,0,0.6100000000000001,0.230440803138703,1,1,0,0,1,0,0,0,0,0,0,0,0,0
1,0,0,0,0.02816901408450704,0,0,0.16000000000000003,0.013962612508654512,0,0,0,1,0,0,1,0,0,0,0,0,0,1
0,0,0,0,0.6056338028169015,1,0,0.020000000000000018,0.10235402723286408,0,0,1,0,0,0,0,0,0,0,1,1,0,0
1,0,0,0,0.0,1,0,0.72,0.00830833141010847,0,1,0,0,0,0,0,1,1,0,0,0,1,0
0,1,1,0,0.8450704225352113,1,1,0.8,0.6978998384491114,1,1,0,0,1,1,1,1,0,1,0,0,0,1
1,0,1,1,0.16901408450704225,1,0,0.7,0.13893376413570277,0,1,0,0,0,0,0,1,1,0,0,0,1,0
0,0,0,0,0.36619718309859156,1,0,0.41,0.1838218324486499,1,0,0,0,0,1,1,0,0,0,0,0,1,0
1,0,0,1,1.0,1,1,0.010000000000000009,0.1787445188091392,0,0,1,0,0,0,0,0,0,0,1,0,0,1
0,0,1,1,0.46478873239436624,1,1,0.6599999999999999,0.3336025848142165,0,1,0,0,0,1,0,1,0,0,0,0,0,1
0,0,0,0,0.0,1,1,0.26,0.003000230786983614,0,0,0,0,0,0,0,0,0,0,0,0,0,1
0,1,1,0,0.971830985915493,1,1,0.8400000000000001,0.8173321024694207,1,1,0,0,1,1,0,1,1,0,0,0,1,0
1,0,0,0,0.056338028169014086,1,1,0.6300000000000001,0.04281098546042003,0,1,0,0,0,0,0,1,0,0,0,1,0,0
0,0,0,0,0.11267605633802817,1,0,0.010000000000000009,0.018462958689129935,0,0,1,0,0,0,0,0,0,0,0,0,0,1
0,0,0,0,0.33802816901408456,1,0,0.52,0.2018232171705516,0,1,0,0,0,0,0,0,0,0,0,0,0,1
1,0,0,1,0.04225352112676056,1,1,0.020000000000000018,0.007615970459266097,0,0,1,0,0,0,0,0,0,1,0,0,0,1
0,0,0,0,0.11267605633802817,0,0,0.32,0.051350103854142626,0,0,0,1,0,1,1,0,1,1,0,0,0,1
1,0,0,0,0.4225352112676057,1,0,0.8600000000000001,0.3677590583891069,1,1,0,1,1,0,0,1,1,0,0,0,1,0
0,0,1,1,0.014084507042253521,1,0,0.010000000000000009,0.0019616893607200554,0,0,1,0,0,0,0,0,0,1,0,0,0,1
1,0,1,1,0.09859154929577466,1,1,0.010000000000000009,0.014770366951303947,0,0,1,0,0,0,0,0,0,0,1,0,0,1
1,0,1,1,0.6056338028169015,1,0,0.38000000000000006,0.2770597738287561,0,0,0,1,0,0,1,0,0,0,0,0,0,0
1,1,1,0,0.5915492957746479,1,1,0.9100000000000001,0.5552734825755827,1,1,0,1,0,1,1,1,1,1,0,0,0,1
0,0,1,0,0.1267605633802817,1,1,0.6699999999999999,0.09173782598661437,1,1,0,0,0,0,0,1,0,0,0,0,1,0
1,0,1,1,0.11267605633802817,1,1,0.37000000000000005,0.05573505654281099,1,0,0,0,1,0,0,0,0,0,0,0,0,1
1,0,1,0,0.9295774647887325,1,0,0.5700000000000001,0.5822755596584352,1,0,0,1,1,1,0,0,1,1,0,0,0,1
0,1,0,0,0.46478873239436624,1,0,0.51,0.2604431110085391,0,1,0,0,0,0,0,0,0,0,0,1,0,0
0,0,0,0,0.5070422535211268,1,1,0.72,0.38541426263558737,1,0,0,1,1,1,1,1,1,1,0,0,0,0
1,0,0,0,0.46478873239436624,1,0,0.46,0.23482575582737136,0,0,0,1,1,0,0,0,1,1,0,0,1,0
1,0,1,0,0.5774647887323944,1,1,0.32,0.25213477959843067,1,0,0,0,0,0,0,0,0,0,0,0,1,0
1,1,1,0,0.5211267605633804,1,1,0.6500000000000001,0.36106623586429726,0,1,0,1,0,0,0,0,1,0,0,0,1,0
0,0,0,0,0.2112676056338028,1,0,0.020000000000000018,0.03565658896838218,0,0,1,0,0,0,0,0,0,0,0,0,0,0
1,1,0,0,0.6901408450704226,1,1,0.8600000000000001,0.6005077313639511,1,1,0,0,0,1,1,1,1,0,0,0,1,0
0,1,1,0,0.3943661971830986,1,1,0.77,0.3146780521578583,1,1,0,0,1,1,0,0,1,0,0,0,1,0
1,0,1,1,0.0,1,0,0.32,0.003692591737825987,0,0,0,0,0,1,0,0,0,0,0,0,0,1
0,0,1,1,0.3098591549295775,0,1,0.12,0.07615970459266098,0,0,0,0,0,0,1,0,0,0,0,0,0,0
0,0,1,0,0.7464788732394366,0,0,0.12,0.18497576736672053,0,0,0,0,1,0,0,0,0,0,0,0,1,0
0,0,1,1,0.08450704225352114,1,0,0.020000000000000018,0.014539579967689823,0,0,1,0,0,0,0,0,0,0,0,0,0,1
1,0,1,1,1.0,1,1,0.5800000000000001,0.6288945303484883,1,0,0,0,0,1,0,1,1,0,1,0,0,0
0,0,1,1,1.0,0,1,0.46,0.5424648049849988,0,0,0,1,1,1,1,1,1,0,1,1,0,0
1,0,1,1,0.5492957746478874,1,1,0.78,0.44968843757212096,1,1,0,0,1,1,0,1,0,0,0,1,0,0
1,0,1,1,0.14084507042253522,1,1,0.010000000000000009,0.01869374567274406,0,0,1,0,0,0,0,0,0,0,0,0,0,1
1,0,1,0,0.8169014084507042,1,1,0.76,0.6437802907915994,1,1,0,1,1,0,0,1,0,0,0,0,1,0
1,0,0,0,0.09859154929577466,1,1,0.6200000000000001,0.06992845603507963,0,1,0,0,0,0,0,1,0,0,0,0,0,0
0,0,1,1,0.9295774647887325,1,1,0.9300000000000002,0.8668359104546504,1,1,0,0,1,1,1,1,1,0,1,0,0,0
1,0,1,1,0.0,1,1,0.010000000000000009,0.00011539349180706218,0,0,1,0,0,0,0,0,0,0,0,0,0,1
1,0,0,0,0.8732394366197184,1,1,0.6100000000000001,0.5588506808216016,1,0,0,1,1,1,1,1,0,0,1,1,0,0
1,0,1,1,0.02816901408450704,1,1,0.39999999999999997,0.017309023771059313,0,0,0,0,1,0,0,1,0,0,0,1,0,0
0,0,1,1,0.323943661971831,1,1,0.020000000000000018,0.052042464804985,0,0,1,0,0,0,0,0,0,1,0,1,0,0
0,0,1,1,1.0,1,0,0.51,0.5866605123471036,1,0,0,1,1,1,1,0,0,0,1,0,0,0
1,0,0,0,0.15492957746478872,1,0,0.020000000000000018,0.027925225017309027,0,0,1,0,0,0,0,0,0,1,0,0,1,0
1,1,0,0,0.6338028169014085,1,1,0.8600000000000001,0.5590814678052157,1,1,0,0,1,1,0,1,1,0,0,0,1,0
1,0,1,1,0.971830985915493,0,1,0.39999999999999997,0.47253634894991925,0,0,0,0,1,1,1,1,1,1,0,0,0,0
1,0,0,0,0.0,0,0,0.10999999999999999,0.0012693284098776831,0,0,0,1,0,0,0,0,0,0,0,0,0,1
0,0,1,1,0.8309859154929577,1,0,0.5800000000000001,0.5221555504269559,0,0,0,0,1,0,1,1,1,0,1,0,0,0
1,0,1,1,0.8169014084507042,1,1,0.78,0.6418186014308793,1,1,0,0,1,0,1,0,1,0,0,0,0,0
0,1,1,0,0.943661971830986,1,1,0.6200000000000001,0.6428571428571428,1,1,0,0,0,1,0,0,0,0,0,1,0,0
0,0,0,0,0.014084507042253521,1,0,0.010000000000000009,0.003692591737825987,0,0,1,0,0,0,0,0,0,0,0,0,0,1
1,1,0,0,0.0,0,1,0.07,0.0008077544426494348,0,0,0,0,0,0,0,0,0,0,0,0,0,1
0,0,1,1,0.7323943661971831,1,0,0.07,0.15208862220170782,1,0,1,0,0,0,0,0,0,0,1,1,0,0
1,0,0,0,0.14084507042253522,1,0,0.46,0.0825063466420494,0,0,0,1,0,1,0,0,1,0,0,0,0,0
1,0,0,0,0.014084507042253521,1,1,0.36000000000000004,0.011423955688899147,1,0,0,0,0,0,1,0,0,0,0,0,0,1
0,0,1,0,0.6901408450704226,1,1,0.76,0.5649665358873759,1,1,0,1,1,0,0,0,1,0,0,1,0,0
0,0,0,0,0.04225352112676056,1,1,0.010000000000000009,0.005192707131317794,0,0,1,0,0,0,0,0,0,0,0,0,1,0
0,0,0,0,0.0,1,1,0.6599999999999999,0.007615970459266097,0,1,0,0,0,1,0,1,0,0,0,0,1,0
0,0,0,0,0.23943661971830985,1,0,0.010000000000000009,0.03611816293561043,0,0,1,0,0,0,0,0,0,0,0,0,0,1
0,0,1,1,0.8591549295774649,1,1,0.76,0.6661666282021694,1,1,0,1,1,0,0,1,0,1,0,1,0,0
1,0,1,1,0.5211267605633804,1,0,0.36000000000000004,0.23747980613893377,0,0,0,1,1,0,0,0,0,0,0,0,1,0
0,0,0,0,0.323943661971831,1,0,0.36000000000000004,0.141241633971844,1,0,0,0,0,0,1,0,0,1,0,0,0,0
0,1,1,0,0.943661971830986,1,1,0.8700000000000001,0.840180013847219,1,1,0,0,1,1,0,1,1,0,0,0,1,0
0,0,1,0,0.8873239436619719,1,1,0.8600000000000001,0.7600969305331179,0,1,0,1,1,0,1,1,1,0,1,1,0,0
0,0,1,1,0.9154929577464789,1,0,0.020000000000000018,0.1564735748903762,0,0,1,0,0,0,0,0,0,0,1,1,0,0
0,0,1,1,0.056338028169014086,1,1,0.6599999999999999,0.050196168936072004,1,1,0,1,0,1,0,0,0,0,0,0,1,0
1,1,1,0,0.47887323943661975,1,1,0.8200000000000001,0.4194553427186707,1,1,0,1,1,0,1,1,0,0,0,0,0,0
0,0,1,1,0.8309859154929577,1,1,0.8500000000000001,0.6867066697438264,1,1,0,0,1,0,1,1,1,0,0,0,0,0
0,0,1,1,1.0,1,0,0.06,0.2124394184168013,1,0,1,0,0,0,0,0,0,0,1,1,0,0
0,0,1,1,0.9154929577464789,1,0,0.47000000000000003,0.47069005308100625,0,0,0,1,1,1,1,0,0,0,1,0,0,1
0,0,0,0,1.0,1,0,0.6599999999999999,0.6899376875144242,1,0,0,1,0,1,1,1,1,0,1,1,0,0
1,0,1,1,0.0,1,1,0.27,0.0031156242787906763,0,0,0,0,0,0,0,0,0,0,0,0,1,0
0,0,0,0,0.014084507042253521,1,1,0.6100000000000001,0.018001384721901686,0,1,0,0,0,0,0,1,0,0,0,0,1,0
1,0,0,0,0.5070422535211268,1,1,0.46,0.2685206554350335,0,0,0,0,0,0,0,1,1,0,0,0,1,0
1,0,0,0,0.056338028169014086,1,0,0.36000000000000004,0.033464112624048005,0,0,0,1,0,0,1,0,0,0,0,0,1,0
1,0,1,0,0.943661971830986,1,0,1.0,0.9199169166858989,1,1,0,1,1,1,1,1,1,0,1,0,0,1
0,0,1,1,0.7464788732394366,1,1,0.47000000000000003,0.4094161089314563,1,0,0,1,1,0,1,0,0,0,1,1,0,0
0,0,0,0,0.04225352112676056,1,0,0.6799999999999999,0.033464112624048005,0,1,0,0,0,1,0,0,1,0,0,0,1,0
0,0,1,1,0.33802816901408456,1,1,0.5700000000000001,0.2172859450726979,0,1,0,0,1,0,0,0,0,0,0,0,1,0
0,0,1,1,1.0,1,0,0.72,0.7554811908608354,1,1,0,0,1,1,1,0,0,0,1,0,0,0
0,0,0,0,0.35211267605633806,1,0,0.010000000000000009,0.058504500346180474,0,0,1,0,0,0,0,0,0,1,0,0,0,1
0,0,1,1,0.6056338028169015,1,0,0.06,0.11481652434802678,1,0,1,0,0,0,0,0,0,1,0,0,1,0
1,0,0,0,0.07042253521126761,1,0,0.010000000000000009,0.012808677590583892,0,0,1,0,0,0,0,0,0,0,0,1,0,0
0,0,1,0,0.676056338028169,0,0,0.31,0.27590583891068543,0,0,0,0,1,0,0,1,1,0,1,1,0,0
0,0,0,0,0.014084507042253521,1,1,0.32,0.008539118393722595,0,0,0,0,1,0,0,0,0,0,0,0,0,1
0,0,0,0,0.5492957746478874,1,1,0.43,0.30336948996076624,0,0,0,1,1,0,1,0,0,0,0,0,0,1
1,1,1,0,0.9154929577464789,1,1,0.8700000000000001,0.8027925225017309,1,1,0,0,0,1,1,1,1,1,0,1,0,0
0,0,0,0,0.5211267605633804,1,0,0.020000000000000018,0.08216016616662822,0,0,1,0,0,0,0,0,0,1,0,0,0,1
1,0,0,0,0.014084507042253521,1,0,0.010000000000000009,0.0010385414262635588,0,0,1,0,0,0,0,0,0,0,0,0,0,1
0,0,0,0,0.23943661971830985,1,1,0.5700000000000001,0.1588968382183245,1,1,0,0,0,0,0,0,0,0,0,0,0,0
1,0,1,1,0.08450704225352114,1,1,0.51,0.056312024001846296,0,1,0,0,0,0,0,0,0,0,0,0,1,0
0,0,1,0,0.8028169014084507,1,1,0.6799999999999999,0.5621970920840065,1,0,0,1,1,1,0,1,1,0,1,0,1,0
0,0,1,1,0.47887323943661975,1,0,0.020000000000000018,0.0840064620355412,0,0,1,0,0,0,0,0,0,1,0,0,0,0
0,0,0,1,0.36619718309859156,1,1,0.07,0.08885298869143782,1,0,1,0,0,0,0,0,0,0,1,1,0,0
0,0,0,0,0.4084507042253521,1,0,0.72,0.32333256404338795,1,1,0,1,1,1,0,0,0,1,0,0,0,0
1,1,0,0,0.0,0,1,0.07,0.0008077544426494348,0,0,0,0,0,0,0,0,0,0,0,0,0,1
1,0,1,0,0.5915492957746479,1,1,0.6000000000000001,0.3971843987999077,0,0,0,1,0,1,1,1,1,0,1,0,1,0
0,1,1,0,1.0,0,1,0.46,0.5225017309023771,0,0,0,1,1,1,1,1,1,0,1,1,0,0
1,0,1,1,0.9295774647887325,1,0,0.6599999999999999,0.6438956842834064,0,1,0,1,1,1,0,0,0,1,0,0,0,0
1,1,1,0,0.295774647887324,1,0,0.07,0.0611585506577429,1,0,1,0,0,0,0,0,0,1,0,0,0,0
1,0,1,1,0.26760563380281693,1,0,0.020000000000000018,0.04604200323101777,0,0,1,0,0,0,0,0,0,0,0,0,1,0
0,0,0,1,0.28169014084507044,1,0,0.06,0.051811677821370875,1,0,1,0,0,0,0,0,0,0,0,0,0,1
0,0,1,1,0.6901408450704226,1,0,0.8500000000000001,0.5830833141010847,1,1,0,0,1,0,1,1,1,0,0,0,1,0
0,0,0,0,0.8591549295774649,1,1,0.020000000000000018,0.13651050080775445,0,0,1,0,0,0,0,0,0,0,1,1,0,0
0,1,0,0,0.16901408450704225,1,1,0.41,0.08885298869143782,0,0,0,0,1,0,0,1,0,0,0,0,1,0
1,0,0,0,0.4084507042253521,1,0,0.010000000000000009,0.06462035541195478,0,0,1,0,0,0,0,0,0,0,1,1,0,0
0,0,1,1,0.9859154929577465,1,0,0.6799999999999999,0.7206323563351027,1,0,0,1,1,1,1,1,1,0,1,0,0,0
0,0,0,0,0.23943661971830985,0,0,0.07,0.05285021924763443,0,0,0,0,0,0,0,0,0,0,0,0,0,1
1,1,0,0,0.7746478873239437,1,1,0.81,0.656358181398569,1,1,0,0,1,1,1,1,0,0,1,0,0,0
1,0,1,0,0.8169014084507042,1,0,0.8300000000000001,0.6947842141703208,1,1,0,0,1,0,0,1,1,0,0,0,1,0
1,0,1,1,0.9577464788732395,1,0,0.010000000000000009,0.15658896838218325,0,0,1,0,0,0,0,0,0,0,1,0,0,0
1,0,1,0,0.26760563380281693,1,0,0.020000000000000018,0.04327255942764828,0,0,1,0,0,0,0,0,0,1,0,0,0,1
1,0,1,0,0.18309859154929578,1,1,0.46,0.10650819293791831,1,0,0,1,0,0,0,1,0,0,0,0,0,0
1,0,1,1,0.9295774647887325,1,0,0.8800000000000001,0.806715901223171,1,1,0,1,0,0,1,1,1,0,1,1,0,0
0,0,1,0,1.0,1,1,0.7,0.725017309023771,1,0,0,1,1,1,1,1,1,0,1,1,0,0
0,0,0,0,0.26760563380281693,1,1,0.9000000000000001,0.25213477959843067,0,1,0,1,1,1,1,1,1,0,0,0,0,0
0,0,0,1,0.5211267605633804,1,1,0.6300000000000001,0.3603738749134549,1,1,0,0,1,0,0,0,0,0,0,0,0,1
0,0,0,0,0.4507042253521127,1,0,0.020000000000000018,0.07742903300253867,0,0,1,0,0,0,0,0,0,0,1,0,0,1
1,0,0,0,0.056338028169014086,1,0,0.5700000000000001,0.04431110085391184,1,1,0,0,0,0,0,0,0,0,0,0,1,0
0,0,0,0,0.0,1,0,0.31,0.003577198246018925,0,0,0,0,0,0,1,0,0,0,0,0,0,1
1,0,1,1,0.9295774647887325,1,1,0.06,0.1917839833833372,1,0,1,0,0,0,0,0,0,0,1,0,0,1
1,0,0,0,0.0,1,0,0.020000000000000018,0.00023078698361412436,0,0,1,0,0,0,0,0,0,0,0,1,0,0
1,0,0,0,0.26760563380281693,1,1,0.71,0.21382414031848604,0,1,0,1,0,1,0,1,0,0,0,0,0,0
1,0,1,1,0.5070422535211268,1,1,0.7,0.38333717978306026,1,1,0,0,1,0,0,1,0,0,0,0,1,0
1,0,0,1,0.0,1,0,0.06,0.0006923609508423727,1,0,1,0,0,0,0,0,0,0,0,0,0,1
1,0,0,0,0.04225352112676056,1,0,0.52,0.03034848834525733,0,1,0,0,0,0,0,0,0,0,0,0,1,0
0,1,1,0,0.04225352112676056,1,1,0.52,0.030233094853450264,0,1,0,0,0,0,0,0,0,0,0,0,1,0
1,1,0,0,0.14084507042253522,1,1,0.77,0.12716362797138242,0,1,0,0,1,0,0,1,1,0,0,0,1,0
0,0,1,1,0.9154929577464789,1,1,0.6599999999999999,0.6572813293330256,1,0,0,1,0,1,1,1,1,0,1,0,0,1
0,0,1,0,0.04225352112676056,1,1,0.56,0.032656358181398566,1,1,0,0,0,0,0,0,0,0,0,0,1,0
0,1,1,0,0.08450704225352114,1,1,0.76,0.07558273713362568,1,1,0,1,1,0,0,0,1,0,0,1,0,0
0,0,1,1,1.0,1,0,0.71,0.7294022617124394,1,0,0,1,1,1,1,1,1,0,1,1,0,0
1,0,0,0,0.2112676056338028,1,0,0.020000000000000018,0.03207939072236326,0,0,1,0,0,0,0,0,0,1,0,0,0,1
1,1,1,0,0.2112676056338028,1,1,0.6699999999999999,0.15658896838218325,1,1,0,0,0,0,0,0,1,0,0,1,0,0
1,0,1,0,0.23943661971830985,1,1,0.32,0.10270020770828527,0,0,0,0,0,0,1,0,0,0,0,0,0,1
1,0,0,0,0.5774647887323944,1,0,0.41,0.29056081237018233,0,0,0,1,1,1,0,0,0,0,0,0,0,0
1,1,1,0,0.7323943661971831,1,1,0.77,0.5767366720516962,1,1,0,0,0,0,0,1,1,1,0,1,0,0
0,0,0,1,0.7887323943661972,1,0,0.71,0.576275098084468,1,0,0,1,1,1,1,1,1,0,1,0,0,1
1,0,1,0,0.7183098591549296,0,0,0.17000000000000004,0.22386337410570045,0,0,0,1,0,1,0,0,0,1,0,0,0,1
0,0,0,0,0.056338028169014086,1,0,0.8700000000000001,0.06138933764135703,1,1,0,0,1,1,0,1,1,0,0,0,1,0
1,0,0,0,0.11267605633802817,1,1,0.6100000000000001,0.08135241172397878,0,1,0,0,0,0,0,0,1,0,0,0,1,0
0,1,1,0,0.6056338028169015,1,1,0.71,0.46411262404800374,1,1,0,0,0,1,0,1,0,0,0,0,1,0
1,0,1,1,1.0,1,1,0.06,0.195130394645742,1,0,1,0,0,0,0,0,0,0,1,0,0,0
0,0,1,1,0.8732394366197184,1,1,0.6200000000000001,0.5628894530348488,0,1,0,0,1,1,0,0,0,0,0,1,0,0
0,0,1,1,0.04225352112676056,0,0,0.2,0.015924301869374567,0,0,0,1,0,0,0,1,0,0,0,1,0,0
1,0,1,1,0.5211267605633804,1,1,0.010000000000000009,0.08516039695361183,0,0,1,0,0,0,0,0,0,0,1,0,0,1
1,0,1,0,0.6338028169014085,1,1,0.06,0.12093237941380107,1,0,1,0,0,0,0,0,0,1,0,0,0,0
1,0,0,0,0.02816901408450704,1,0,0.26,0.015001153934918071,0,0,0,0,0,0,0,0,0,0,0,0,0,1
0,0,0,0,0.5774647887323944,1,0,0.6100000000000001,0.38022155550426956,1,1,0,0,0,1,0,0,0,0,0,0,1,0
0,0,0,0,0.0,1,1,0.51,0.005885068082160166,0,1,0,0,0,0,0,0,0,0,0,0,1,0
1,0,0,0,0.7464788732394366,1,0,0.9300000000000002,0.6918993768751442,1,1,0,0,1,1,1,1,1,0,0,0,1,0
1,0,0,0,0.0,1,0,0.27,0.0031156242787906763,0,0,0,0,0,0,0,0,0,0,0,0,1,0
0,0,0,0,0.0,1,0,0.020000000000000018,0.00023078698361412436,0,0,1,0,0,0,0,0,0,0,0,0,0,1
0,0,1,0,0.5352112676056339,1,1,0.020000000000000018,0.08908377567505193,0,0,1,0,0,0,0,0,0,0,1,0,0,0
1,0,1,0,0.8028169014084507,0,1,0.27,0.29102238633741057,0,0,0,1,1,0,0,1,0,1,0,0,1,0
0,0,0,0,0.6619718309859155,1,1,0.77,0.5108469882298639,1,1,0,1,0,0,1,0,1,0,0,0,1,0
0,0,1,1,0.5211267605633804,1,1,0.6699999999999999,0.37837525963535656,1,0,0,1,0,1,1,1,1,0,1,0,0,0
1,0,0,0,0.5492957746478874,0,1,0.36000000000000004,0.2559427648280637,0,0,0,1,0,0,1,1,1,1,0,0,0,0
1,0,0,0,0.15492957746478872,1,1,0.81,0.14078006000461576,1,1,0,1,1,1,0,0,1,0,0,0,0,0
1,0,1,1,0.07042253521126761,1,0,0.010000000000000009,0.01165474267251327,0,0,1,0,0,0,0,0,0,0,0,0,0,1
0,0,1,0,1.0,1,0,0.07,0.21393953381029313,1,0,1,0,0,0,0,0,0,0,1,1,0,0
0,1,1,1,0.7746478873239437,1,1,0.8600000000000001,0.6665128086775906,1,1,0,1,0,1,0,1,1,1,0,0,0,0
0,0,1,1,0.8450704225352113,1,0,0.020000000000000018,0.14851142395568892,0,0,1,0,0,0,0,0,0,0,1,1,0,0
0,1,0,0,0.09859154929577466,1,1,0.56,0.06785137318255251,0,1,0,0,1,0,0,0,0,0,0,0,1,0
1,0,1,1,1.0,1,1,0.72,0.7552504038772213,1,1,0,1,1,0,1,0,0,0,1,0,0,0
0,0,0,0,0.33802816901408456,1,0,0.07,0.07592891760904685,1,0,1,0,0,0,0,0,0,1,0,0,0,0
0,0,0,0,0.014084507042253521,1,0,0.52,0.014078006000461574,0,1,0,0,0,0,0,0,0,0,0,1,0,0
0,0,1,0,0.46478873239436624,1,0,0.8200000000000001,0.40491576275098085,1,1,0,0,0,1,0,1,1,0,0,0,1,0
0,0,0,0,0.8309859154929577,1,1,0.98,0.8113316408954535,1,1,0,1,1,1,1,1,1,1,0,1,0,0
0,0,1,0,0.23943661971830985,1,1,0.76,0.19259173782598663,1,1,0,0,0,0,0,1,1,0,0,0,1,0
0,0,0,0,0.04225352112676056,1,0,0.47000000000000003,0.0252711747057466,1,0,0,0,0,0,1,0,1,0,0,0,0,1
0,0,1,0,1.0,1,1,0.9100000000000001,0.8931456265866605,1,1,0,0,1,1,1,1,1,0,1,1,0,0
0,0,0,0,0.295774647887324,0,0,0.38000000000000006,0.14839603046388186,0,0,0,0,0,1,1,1,1,0,1,0,0,0
1,0,1,1,0.26760563380281693,1,1,0.77,0.21901684744980385,1,1,0,0,0,1,1,0,1,0,0,0,0,0
1,0,1,1,0.02816901408450704,1,0,0.26,0.013385645049619203,0,0,0,0,0,0,0,0,0,0,0,0,0,1
0,0,1,1,0.33802816901408456,1,0,0.010000000000000009,0.0453496422801754,0,0,1,0,0,0,0,0,0,1,0,0,1,0
0,0,0,0,0.04225352112676056,1,1,0.56,0.03242557119778444,0,0,0,0,0,1,1,1,1,0,0,0,1,0
0,1,1,0,0.971830985915493,1,0,0.8700000000000001,0.8646434341103162,0,1,0,1,1,1,0,1,1,0,1,1,0,0
0,0,0,0,0.0,1,1,0.010000000000000009,0.00011539349180706218,0,0,1,0,0,0,0,0,0,0,0,0,0,1
0,1,0,0,0.5211267605633804,1,1,0.52,0.28606046618970693,0,0,0,0,1,1,1,1,0,1,0,1,0,0
1,1,0,0,0.26760563380281693,1,1,0.6100000000000001,0.17332102469420727,1,1,0,1,0,0,0,0,0,0,0,0,1,0
0,1,0,0,0.676056338028169,1,1,0.78,0.5423494114931917,1,1,0,0,0,0,0,1,1,0,0,0,1,0
0,0,1,0,0.971830985915493,1,0,0.5900000000000001,0.6323563351027002,1,0,0,1,0,1,1,0,1,0,1,1,0,0
1,0,1,0,0.47887323943661975,1,1,0.44,0.25351950150011543,0,0,0,1,0,0,0,1,0,1,0,0,0,0
1,0,1,1,0.9859154929577465,1,0,0.8200000000000001,0.8091391645511193,1,1,0,1,1,1,0,1,0,0,1,0,0,0
1,1,0,0,0.0,1,1,0.52,0.006000461573967228,0,1,0,0,0,0,0,0,0,0,0,0,1,0
0,0,1,1,0.09859154929577466,1,0,0.010000000000000009,0.017424417262866372,0,0,1,0,0,0,0,0,0,0,0,1,0,0
0,0,1,0,0.4366197183098592,1,1,0.6000000000000001,0.28029079159935383,1,1,0,0,0,1,0,0,0,0,0,0,1,0
1,0,1,0,0.8591549295774649,1,0,0.05000000000000002,0.1613201015462728,1,0,1,0,0,0,0,0,0,0,1,0,0,0
1,0,1,0,0.4366197183098592,1,0,0.6599999999999999,0.2962150934687284,0,1,0,0,1,0,0,0,1,0,0,0,0,0
0,0,1,0,0.0,1,1,0.77,0.008885298869143781,0,1,0,1,0,0,0,1,1,0,0,0,1,0
1,0,0,1,0.323943661971831,1,0,0.010000000000000009,0.0553888760673898,0,0,1,0,0,0,0,0,0,0,1,0,0,1
1,0,1,1,0.08450704225352114,0,1,0.06,0.015116547426725134,0,0,0,0,0,0,0,0,0,0,0,0,1,0
0,0,0,0,0.0,1,1,0.56,0.006462035541195477,1,1,0,0,0,0,0,0,0,0,0,0,1,0
1,0,0,1,0.5915492957746479,1,1,0.45,0.3137549042234018,0,0,0,1,1,0,0,0,1,0,0,0,1,0
0,0,1,1,0.5492957746478874,1,1,0.6699999999999999,0.3850680821601662,0,1,0,0,0,1,0,1,0,1,0,0,1,0
1,0,0,0,0.09859154929577466,1,0,0.39999999999999997,0.052042464804985,0,0,0,1,1,0,1,0,0,1,0,0,0,0
0,0,1,0,0.9859154929577465,1,0,0.55,0.6160858527579044,1,0,0,1,1,0,1,1,0,0,1,1,0,0
0,0,0,0,0.25352112676056343,1,0,0.0,0.030117701361643205,0,0,1,0,0,0,0,0,0,1,0,0,0,1
0,0,0,1,0.02816901408450704,1,1,0.36000000000000004,0.017424417262866372,0,0,0,0,0,0,0,1,0,0,0,1,0,0
1,0,1,1,0.4366197183098592,1,0,0.44,0.23390260789291487,1,0,0,0,1,1,0,0,0,0,0,0,0,0
1,0,0,0,0.33802816901408456,0,1,0.3,0.14712670205400416,0,0,0,0,0,1,0,1,1,0,0,0,1,0
0,0,0,0,0.46478873239436624,1,0,0.08000000000000002,0.11100853911839373,1,0,1,0,0,0,0,0,0,0,1,0,0,0
1,0,0,0,0.08450704225352114,1,0,0.5700000000000001,0.05331179321486268,1,1,0,0,0,0,0,0,0,0,0,0,0,1
1,0,0,0,0.7605633802816901,1,1,0.32,0.3247172859450727,0,0,0,1,0,0,0,0,0,0,0,1,0,0
0,0,0,0,0.02816901408450704,1,0,0.56,0.022963304869605357,1,1,0,0,0,0,0,0,0,0,0,0,1,0
0,0,0,0,0.02816901408450704,1,1,0.6699999999999999,0.028386798984537276,1,1,0,0,0,0,0,0,1,0,0,0,1,0
0,1,1,1,1.0,1,1,0.9600000000000002,0.9436879759981537,1,1,0,1,1,1,1,1,1,0,1,0,0,0
0,0,1,0,0.04225352112676056,1,0,0.47000000000000003,0.026771290099238405,1,0,0,0,0,1,0,1,0,0,0,0,1,0
0,0,1,0,0.323943661971831,1,1,0.39999999999999997,0.15324255711977847,1,0,0,1,0,0,1,0,0,1,0,0,1,0
0,0,1,0,0.9154929577464789,1,0,0.45,0.4899607662127856,1,0,0,0,0,0,1,0,1,0,0,0,1,0
1,0,1,0,0.26760563380281693,1,1,0.78,0.2172859450726979,0,1,0,1,1,0,1,1,0,0,0,0,1,0
1,1,1,0,0.8591549295774649,1,1,0.79,0.6828986845141933,1,1,0,0,1,1,0,1,0,1,0,1,0,0
0,0,1,1,0.7323943661971831,1,1,0.74,0.5493884144934226,0,1,0,0,1,0,1,1,0,0,0,0,1,0
1,0,0,0,0.014084507042253521,1,0,0.6100000000000001,0.015347334410339258,1,1,0,0,1,0,0,0,0,0,0,0,1,0
0,0,0,0,0.07042253521126761,1,1,0.6699999999999999,0.05435033464112624,0,1,0,0,1,0,0,1,0,0,0,0,1,0
0,0,0,0,0.7464788732394366,1,0,0.71,0.5597738287560581,1,1,0,0,0,1,0,0,1,0,0,1,0,0
0,0,1,1,0.8591549295774649,1,0,0.020000000000000018,0.14366489729979232,0,0,1,0,0,0,0,0,0,0,1,1,0,0
1,0,1,0,0.8873239436619719,1,1,0.5,0.5031156242787906,0,0,0,0,1,1,1,0,1,0,1,0,0,1
1,0,0,0,0.0,1,0,0.26,0.003000230786983614,0,0,0,0,0,0,0,0,0,0,0,0,0,0
0,0,1,1,0.2112676056338028,1,1,0.37000000000000005,0.09681513962612509,0,0,0,1,1,0,0,0,0,1,0,0,0,1
1,1,0,0,0.18309859154929578,1,0,0.6000000000000001,0.11827832910223865,0,1,0,1,1,0,0,0,0,0,0,0,1,0
0,1,1,0,0.26760563380281693,1,1,0.76,0.2170551580890838,1,1,0,0,0,0,0,1,1,0,0,0,1,0
1,1,0,0,0.07042253521126761,1,1,0.8,0.06254327255942765,1,1,0,0,1,0,0,1,1,0,0,0,1,0
0,1,1,0,0.11267605633802817,1,0,0.010000000000000009,0.019039926148165243,0,0,1,0,0,0,0,0,0,1,0,1,0,0
0,0,0,0,0.11267605633802817,0,0,0.21000000000000002,0.040964689591507036,0,0,0,1,1,1,0,0,0,1,0,0,0,1
0,0,1,0,0.3802816901408451,1,0,0.5800000000000001,0.2362104777290561,0,1,0,0,0,0,1,0,0,0,0,0,0,0
1,0,1,1,0.7746478873239437,1,1,0.81,0.6343180244634202,1,1,0,0,0,1,0,1,1,1,0,1,0,0
1,0,0,0,0.5211267605633804,1,1,0.6599999999999999,0.3745672744057235,0,1,0,0,1,1,1,0,0,0,0,1,0,0
1,0,1,0,0.28169014084507044,1,1,0.76,0.22270943918762984,1,1,0,0,0,0,0,1,1,0,0,0,1,0
0,0,1,1,0.5352112676056339,1,0,0.41,0.26828986845141933,0,0,0,1,1,1,0,0,0,1,0,0,1,0
0,0,0,0,0.14084507042253522,1,0,0.54,0.09231479344564968,0,1,0,0,0,1,0,0,0,0,0,0,1,0
0,0,1,1,0.8450704225352113,1,0,0.6599999999999999,0.6053542580198477,0,0,0,1,1,1,1,1,1,1,0,0,0,0
1,0,0,0,0.07042253521126761,1,1,0.020000000000000018,0.01050080775444265,0,0,1,0,0,0,0,0,0,0,0,0,0,1
0,0,0,0,0.014084507042253521,1,0,0.26,0.007269789983844912,0,0,0,0,0,0,0,0,0,0,0,0,1,0
0,0,0,0,0.3943661971830986,0,1,0.06,0.08885298869143782,0,0,0,0,0,0,0,0,0,1,0,0,0,1
1,0,0,0,0.11267605633802817,1,1,0.6699999999999999,0.08804523424878838,0,1,0,0,0,1,0,0,1,0,0,1,0,0
0,1,0,0,0.6901408450704226,1,1,0.52,0.39649203784906534,1,0,0,1,1,0,0,1,0,0,0,0,0,0
1,0,1,0,1.0,1,0,0.06,0.21382414031848604,1,0,1,0,0,0,0,0,0,0,1,1,0,0
0,0,1,0,1.0,0,0,0.24,0.3397184398799908,0,0,0,1,1,1,0,0,0,0,1,0,0,0
0,0,0,0,1.0,1,1,0.8600000000000001,0.8684514193399492,1,1,0,0,1,1,0,1,1,1,0,0,1,0
1,0,0,0,0.22535211267605634,1,0,0.010000000000000009,0.030233094853450264,0,0,1,0,0,0,0,0,0,1,0,0,0,1
0,0,0,0,0.04225352112676056,1,0,0.010000000000000009,0.011423955688899147,0,0,1,0,0,0,0,0,0,1,0,0,0,1
1,1,1,0,0.8028169014084507,1,1,0.8700000000000001,0.7139395338102931,0,1,0,1,1,0,1,1,1,1,0,1,0,0
1,0,0,0,0.5774647887323944,1,0,0.48000000000000004,0.3166397415185784,0,0,0,0,0,1,1,0,1,0,1,1,0,0
0,0,1,1,0.0,1,0,0.6200000000000001,0.00715439649203785,0,1,0,0,0,0,0,0,1,0,0,0,1,0
1,0,1,1,0.3098591549295775,1,1,0.5900000000000001,0.2009000692360951,1,0,0,1,0,1,1,1,0,0,1,0,0,0
0,0,0,0,0.1267605633802817,1,0,0.8,0.11423955688899147,1,1,0,1,0,0,0,1,1,0,0,0,1,0
0,0,1,1,0.7464788732394366,1,0,0.020000000000000018,0.12370182321717058,0,0,1,0,0,0,0,0,0,0,1,1,0,0
0,1,1,0,0.9859154929577465,1,1,0.77,0.7718670666974382,0,1,0,0,1,1,1,0,1,0,1,1,0,0
0,0,0,0,0.4084507042253521,1,0,0.52,0.2337872144011078,0,0,0,1,1,0,1,1,0,1,0,0,1,0
1,0,1,1,1.0,1,0,0.6200000000000001,0.6699746134318024,1,0,0,1,1,1,1,0,1,0,1,0,0,0
1,0,0,0,0.47887323943661975,1,1,0.8200000000000001,0.40491576275098085,1,1,0,0,0,1,0,1,1,0,0,0,1,0
0,0,1,1,0.3943661971830986,1,1,0.42,0.20955458112162476,0,0,0,1,0,0,0,0,1,0,0,0,0,1
0,0,1,0,0.7605633802816901,1,0,0.39999999999999997,0.3519501500115394,0,0,0,1,1,1,0,0,0,0,1,0,1,0
1,1,0,0,0.22535211267605634,1,1,0.76,0.18347565197322874,1,1,0,0,0,0,0,1,1,0,0,0,1,0
1,0,1,1,0.18309859154929578,1,0,0.010000000000000009,0.031848603738749134,0,0,1,0,0,0,0,0,0,1,0,0,0,1
1,0,0,0,0.07042253521126761,1,0,0.71,0.06450496192014771,0,1,0,0,0,0,0,1,1,0,0,0,1,0
0,0,1,0,1.0,1,1,0.6400000000000001,0.6879759981537041,1,0,0,1,1,1,1,0,1,0,1,0,0,0
0,0,1,1,0.9295774647887325,1,0,0.8500000000000001,0.7935610431571659,0,1,0,0,1,1,1,1,1,0,1,0,0,0
0,0,1,1,0.8732394366197184,1,1,0.8600000000000001,0.7591737825986614,1,1,0,0,1,1,0,1,1,0,1,0,0,0
0,0,0,0,0.0,1,1,0.06,0.0006923609508423727,1,0,1,0,0,0,0,0,0,0,0,0,0,1
0,0,1,1,0.4225352112676057,1,1,0.5700000000000001,0.2684052619432264,1,0,0,1,1,0,1,0,1,1,0,0,0,0
0,0,0,0,0.16901408450704225,1,1,0.6500000000000001,0.1202400184629587,0,1,0,0,0,1,0,1,0,0,0,0,1,0
0,0,0,0,0.6338028169014085,1,0,0.9000000000000001,0.5636972074774983,1,1,0,0,1,1,1,1,1,0,1,0,1,0
0,0,1,0,0.295774647887324,1,1,0.020000000000000018,0.05227325178859912,0,0,1,0,0,0,0,0,0,0,0,0,0,0
1,0,1,0,0.4507042253521127,1,1,0.35000000000000003,0.2122086314331872,0,0,0,0,1,0,1,0,0,1,0,1,0,0
0,1,0,0,0.971830985915493,0,1,0.27,0.3745672744057235,0,0,0,0,0,0,0,1,1,1,0,0,1,0
0,0,1,1,0.9154929577464789,0,1,0.38000000000000006,0.4258019847680591,0,0,0,0,1,1,0,1,1,0,1,1,0,0
1,0,1,1,1.0,1,0,0.010000000000000009,0.15705054234941151,0,0,1,0,0,0,0,0,0,0,1,1,0,0
1,0,0,0,0.07042253521126761,0,1,0.45,0.038079852296330485,0,0,0,1,1,1,1,1,1,0,1,0,0,1
0,0,0,0,0.14084507042253522,1,1,0.43,0.08204477267482115,0,0,0,0,1,0,0,1,0,1,0,0,1,0
0,0,0,0,0.08450704225352114,1,1,0.72,0.0663512577890607,1,1,0,0,0,1,0,1,0,0,0,0,1,0
0,0,0,0,0.0,1,0,0.52,0.006000461573967228,0,1,0,0,0,0,0,0,0,0,0,0,0,1
1,1,1,0,0.08450704225352114,1,1,0.6599999999999999,0.072467112854835,1,1,0,0,0,0,0,0,1,0,0,0,1,0
0,0,0,0,0.7464788732394366,1,0,0.6599999999999999,0.5153473344103392,0,1,0,1,0,1,1,0,0,1,0,0,1,0
1,0,0,0,0.5633802816901409,1,1,0.010000000000000009,0.09139164551119318,0,0,1,0,0,0,0,0,0,0,1,0,0,1
1,0,1,1,0.9577464788732395,1,0,0.010000000000000009,0.16362797138241406,0,0,1,0,0,0,0,0,0,0,1,1,0,0
0,0,0,0,0.4225352112676057,1,1,0.8500000000000001,0.3517193630279252,1,1,0,0,1,1,0,1,1,1,0,0,1,0
0,0,1,1,0.8169014084507042,1,1,0.6799999999999999,0.5963535656588969,0,0,0,1,1,1,1,1,1,0,1,0,1,0
0,1,0,0,0.943661971830986,1,1,0.020000000000000018,0.15901223171013157,0,0,1,0,0,0,0,0,0,0,1,1,0,0
0,0,1,1,0.9859154929577465,1,1,0.010000000000000009,0.157973690283868,0,0,1,0,0,0,0,0,0,0,1,0,0,0
1,0,1,0,0.9859154929577465,1,0,0.010000000000000009,0.15705054234941151,0,0,1,0,0,0,0,0,0,0,1,1,0,0
0,0,1,1,0.9859154929577465,1,0,0.010000000000000009,0.14804984998846066,0,0,1,0,0,0,0,0,0,0,1,1,0,0
1,0,1,0,0.3802816901408451,1,0,0.020000000000000018,0.06288945303484884,0,0,1,0,0,0,0,0,0,0,0,0,0,1
0,1,0,0,0.47887323943661975,1,1,0.81,0.38968382183244865,1,1,0,0,0,1,0,1,1,0,0,0,1,0
1,0,0,0,0.9154929577464789,1,1,0.74,0.6967459035310408,1,1,0,0,0,1,0,1,0,1,0,0,0,0
1,0,0,0,0.02816901408450704,1,0,0.6200000000000001,0.022963304869605357,0,1,0,0,0,1,1,0,0,0,0,1,0,0
1,0,1,0,0.9154929577464789,1,1,0.8700000000000001,0.7982921763212555,1,1,0,0,1,1,0,1,1,0,0,0,1,0
0,0,1,0,0.5915492957746479,1,1,0.6200000000000001,0.41114701130856224,1,0,0,1,0,1,0,1,1,1,0,0,1,0
0,0,0,0,0.9295774647887325,0,1,0.31,0.3811447034387261,0,0,0,1,0,1,1,1,0,1,0,0,0,0
0,0,0,0,0.6338028169014085,1,1,0.27,0.2362104777290561,0,0,0,0,0,0,0,0,0,0,0,1,0,0
1,0,1,1,0.6901408450704226,1,0,0.020000000000000018,0.10523886452804063,0,0,1,0,0,0,0,0,0,0,1,0,0,0
0,0,0,0,0.3802816901408451,0,1,0.12,0.09139164551119318,0,0,0,0,0,0,1,0,0,0,0,1,0,0
1,0,1,1,0.9295774647887325,1,1,0.9400000000000002,0.8504500346180476,1,1,0,0,1,1,1,1,1,1,0,1,0,0
0,1,1,1,1.0,1,1,0.8600000000000001,0.8572582506346642,0,1,0,1,0,1,1,1,1,0,1,1,0,0
1,0,0,0,0.04225352112676056,1,0,0.020000000000000018,0.007500576967459035,0,0,1,0,0,0,0,0,0,0,0,0,0,1
0,0,0,0,0.0,1,0,0.010000000000000009,0.00011539349180706218,0,0,1,0,0,0,0,0,0,0,0,0,0,1
1,1,0,0,0.36619718309859156,1,1,0.6699999999999999,0.2618278329102239,1,1,0,0,0,0,0,0,1,0,0,0,1,0
1,0,1,1,0.9295774647887325,1,1,0.010000000000000009,0.15624278790676208,0,0,1,0,0,0,0,0,0,0,1,0,0,0
0,0,1,0,0.295774647887324,1,1,0.6699999999999999,0.21405492730210018,1,1,0,0,0,0,0,0,1,0,0,0,1,0
1,0,1,1,0.09859154929577466,1,1,0.5,0.0630048465266559,0,0,0,0,0,0,1,1,1,0,0,0,1,0
1,1,1,0,0.15492957746478872,1,1,0.8,0.1202400184629587,1,1,0,0,1,1,0,1,0,0,0,0,1,0
1,0,0,0,0.0,1,0,0.010000000000000009,0.00011539349180706218,0,0,1,0,0,0,0,0,0,0,0,0,1,0
0,0,1,1,0.5915492957746479,1,1,0.010000000000000009,0.08746826678975307,0,0,1,0,0,0,0,0,0,1,0,0,0,1
1,0,0,0,0.0,1,0,0.52,0.006000461573967228,0,1,0,0,0,0,0,0,0,0,0,0,0,1
0,0,0,1,0.07042253521126761,1,0,0.08000000000000002,0.01915531963997231,1,0,1,0,0,0,0,0,0,0,0,0,0,1
0,0,0,0,0.014084507042253521,1,1,0.56,0.014539579967689823,0,1,0,0,1,0,0,0,0,0,0,0,1,0
0,1,0,0,0.23943661971830985,1,1,0.6200000000000001,0.1607431340872375,1,1,0,0,1,0,0,0,0,0,0,1,0,0
0,1,0,0,0.09859154929577466,1,1,0.51,0.06254327255942765,0,1,0,0,0,0,0,0,0,0,0,0,1,0
0,0,1,1,0.8873239436619719,1,0,0.75,0.6697438264481883,1,1,0,1,0,1,0,0,1,0,1,0,0,0
0,0,0,0,0.35211267605633806,1,0,0.71,0.26736672051696286,0,1,0,0,1,1,0,1,0,0,0,0,1,0
0,0,0,0,0.14084507042253522,1,0,0.010000000000000009,0.02365566582044773,0,0,1,0,0,0,0,0,0,0,1,1,0,0
0,1,0,0,0.323943661971831,1,1,0.8400000000000001,0.28594507269789987,1,1,0,0,1,1,0,1,1,0,0,1,0,0
1,0,1,0,0.9859154929577465,1,1,0.6500000000000001,0.6780521578582968,1,0,0,0,1,1,1,1,1,0,1,1,0,0
0,0,1,0,0.3098591549295775,1,1,0.41,0.16016616662820218,0,0,0,1,0,0,0,0,1,0,0,0,0,0
1,1,0,0,0.056338028169014086,1,1,0.5700000000000001,0.03819524578813755,0,1,0,0,0,1,0,0,0,0,0,1,0,0
1,0,1,1,0.9859154929577465,1,0,0.020000000000000018,0.15820447726748213,0,0,1,0,0,0,0,0,0,0,1,0,0,0
1,0,1,0,0.7887323943661972,1,1,0.010000000000000009,0.1287791368566813,0,0,1,0,0,0,0,0,0,0,1,0,0,0
1,0,0,0,0.0,0,0,0.06,0.0006923609508423727,0,0,0,0,0,0,0,0,0,0,0,0,0,1
1,0,0,0,1.0,1,1,0.9300000000000002,0.9224555735056543,1,1,0,0,1,1,1,1,1,0,1,0,0,0
1,0,1,1,0.619718309859155,0,1,0.32,0.26713593353334875,0,0,0,1,0,0,0,1,1,0,0,0,0,0
1,0,0,0,0.8450704225352113,1,0,0.71,0.6325871220863143,1,1,0,0,0,1,0,0,1,0,0,0,0,1
1,0,0,0,0.16901408450704225,0,1,0.12,0.043387952919455346,0,0,0,1,0,0,0,0,0,0,0,0,0,0
1,0,0,0,0.18309859154929578,1,0,0.32,0.08619893837987538,0,0,0,0,1,0,0,0,0,0,0,0,1,0
1,0,1,0,0.46478873239436624,1,0,0.06,0.08792984075698132,1,0,1,0,0,0,0,0,0,0,0,0,1,0
0,0,1,1,0.6056338028169015,1,1,0.36000000000000004,0.29206092776367415,0,0,0,0,1,0,1,0,0,0,0,0,0,0
1,0,0,0,0.7887323943661972,1,1,0.69,0.561504731133164,1,1,0,1,1,0,1,0,0,0,0,0,0,0
0,1,1,0,0.14084507042253522,1,1,0.52,0.09416108931456267,0,1,0,0,0,0,0,0,0,0,0,0,1,0
0,0,1,0,0.26760563380281693,1,1,0.46,0.14493422570967,0,0,0,1,0,0,1,0,1,1,0,0,0,1
0,0,1,0,0.7605633802816901,0,1,0.36000000000000004,0.3415647357489038,0,0,0,0,0,1,1,1,1,0,0,0,0,0
0,0,0,1,0.11267605633802817,1,0,0.020000000000000018,0.01984768059081468,0,0,1,0,0,0,0,0,0,1,0,0,0,1
1,0,1,0,0.9859154929577465,1,0,0.6300000000000001,0.6815139626125086,0,0,0,1,0,1,1,1,1,0,1,0,0,0
1,0,1,1,0.295774647887324,1,0,0.43,0.16201246249711518,0,0,0,1,1,1,0,0,0,0,0,0,0,1
0,0,0,0,0.3098591549295775,1,1,0.46,0.17205169628432956,0,0,0,0,0,0,0,1,1,1,0,0,0,0
1,0,0,0,0.6056338028169015,0,1,0.31,0.25928917609046853,0,0,0,0,0,1,0,1,1,1,0,0,1,0
1,0,0,0,0.943661971830986,1,0,0.36000000000000004,0.4233787214401108,1,0,0,1,0,0,0,0,0,0,0,0,0,1
1,0,1,1,0.35211267605633806,1,1,0.72,0.2703669513039465,0,1,0,0,0,0,0,1,1,0,0,0,1,0
1,1,1,0,0.8450704225352113,1,1,0.8600000000000001,0.7370182321717055,1,1,0,0,1,1,0,1,1,1,0,1,0,0
1,0,1,1,0.47887323943661975,1,0,0.54,0.2942534041080083,1,0,0,1,0,1,1,1,0,0,0,0,1,0
0,0,0,0,0.7042253521126761,1,0,0.010000000000000009,0.11412416339718441,0,0,1,0,0,0,0,0,0,1,0,0,1,0
1,0,0,1,0.4225352112676057,1,1,0.6799999999999999,0.30913916455111934,1,1,0,0,0,0,0,1,0,0,0,1,0,0
1,1,1,0,0.9859154929577465,1,1,0.81,0.8250634664204939,0,1,0,1,1,1,1,1,0,0,1,0,1,0
1,1,0,0,0.16901408450704225,1,1,0.8200000000000001,0.1488576044311101,1,1,0,1,0,0,0,1,1,0,0,0,1,0
0,0,0,0,0.7323943661971831,0,1,0.28,0.291714747288253,0,0,0,1,1,0,0,0,1,0,0,0,0,0
0,0,1,1,0.6901408450704226,1,1,0.9000000000000001,0.6246249711516271,1,1,0,1,1,1,0,1,1,1,0,0,1,0
1,0,0,0,0.3943661971830986,1,1,0.8,0.33637202861758597,1,1,0,0,0,1,0,1,1,0,0,1,0,0
1,0,0,0,0.0,1,1,0.27,0.0031156242787906763,0,0,0,0,0,0,0,0,0,0,0,0,0,1
1,0,0,0,0.8873239436619719,1,1,0.6799999999999999,0.6258942995615047,1,0,0,1,1,1,1,1,1,0,1,1,0,0
0,0,0,0,0.0,1,0,0.37000000000000005,0.004269559196861297,0,0,0,0,0,0,0,0,1,0,0,0,0,1
1,0,1,1,0.619718309859155,1,1,0.36000000000000004,0.26552042464804987,0,0,0,0,1,0,1,0,0,1,0,1,0,0
1,0,0,0,0.19718309859154928,1,0,0.38000000000000006,0.10535425801984769,0,0,0,0,0,0,0,1,0,1,0,0,0,1
1,0,0,1,0.15492957746478872,1,1,0.6599999999999999,0.10939303023309487,1,1,0,0,0,0,0,1,0,0,0,0,1,0
1,0,1,0,0.971830985915493,1,1,0.76,0.7894068774521117,1,0,0,1,1,1,1,1,1,0,1,1,0,0
1,0,1,1,0.5774647887323944,1,1,0.010000000000000009,0.08573736441264714,0,0,1,0,0,0,0,0,0,1,0,0,1,0
1,1,1,0,0.33802816901408456,1,1,0.8,0.288022155550427,0,1,0,0,1,1,0,1,1,0,0,0,1,0
0,0,1,1,0.08450704225352114,1,0,0.26,0.036348949919224556,0,0,0,0,0,0,0,0,0,0,0,0,1,0
1,1,1,0,1.0,1,1,0.9200000000000002,0.9074544195707362,1,1,0,0,1,1,1,1,1,0,1,1,0,0
1,0,0,0,0.16901408450704225,1,1,0.6599999999999999,0.12658666051234713,1,1,0,0,0,0,0,0,1,0,0,0,1,0
0,0,1,1,0.14084507042253522,1,0,0.010000000000000009,0.023886452804061854,0,0,1,0,0,0,0,0,0,0,1,0,0,1
0,0,0,0,0.014084507042253521,1,1,0.52,0.014539579967689823,0,1,0,0,0,0,0,0,0,0,0,0,1,0
1,0,0,0,0.14084507042253522,1,1,0.8200000000000001,0.12820216939764598,1,1,0,0,0,1,0,1,1,0,0,0,1,0
1,0,1,1,0.0,1,1,0.020000000000000018,0.00023078698361412436,0,0,1,0,0,0,0,0,0,0,0,1,0,0
1,0,0,0,0.9295774647887325,1,1,0.54,0.5738518347565197,0,0,0,1,0,1,1,0,1,1,0,0,0,0
0,0,0,1,0.5633802816901409,1,1,0.9300000000000002,0.5180013847219016,0,1,0,1,1,1,1,1,1,0,1,0,1,0
1,0,0,0,0.7887323943661972,1,1,0.9400000000000002,0.7439418416801292,1,1,0,1,1,1,0,1,1,0,1,0,0,0
1,0,1,0,0.6619718309859155,1,1,0.8700000000000001,0.5844680360027694,1,1,0,0,1,0,1,1,1,0,0,1,0,0
0,0,1,1,0.9577464788732395,1,1,0.81,0.8064851142395568,1,1,0,0,0,1,0,1,1,0,0,1,0,0
0,1,0,0,0.46478873239436624,1,1,0.81,0.38368336025848143,0,1,0,0,1,1,0,1,1,1,0,0,1,0
0,0,0,0,0.295774647887324,1,0,0.37000000000000005,0.14251096238172167,0,0,0,1,0,0,1,0,0,0,0,0,0,1
0,0,0,0,0.15492957746478872,1,1,0.35000000000000003,0.07269789983844913,0,0,0,0,1,0,1,0,0,0,0,0,0,1
1,0,0,0,0.0,1,0,0.53,0.00611585506577429,0,1,0,0,0,0,0,0,0,0,0,0,1,0
0,0,0,0,0.9154929577464789,1,0,0.07,0.19397645972767139,1,0,1,0,0,0,0,0,0,1,0,0,0,0
1,0,1,1,0.295774647887324,0,0,0.21000000000000002,0.0958919916916686,0,0,0,0,1,0,0,1,0,0,0,0,1,0
1,0,1,0,0.971830985915493,0,0,0.39000000000000007,0.4639972305561967,0,0,0,0,1,1,1,1,1,0,1,0,0,0
0,0,1,1,0.9014084507042254,1,1,0.6599999999999999,0.6122778675282714,1,0,0,0,1,1,1,1,1,0,1,0,0,0
1,0,1,1,0.3098591549295775,1,0,0.6699999999999999,0.21347795984306486,1,1,0,0,0,0,0,0,1,0,0,0,1,0
0,0,0,1,0.36619718309859156,1,1,0.6100000000000001,0.24948072928686826,1,1,0,0,0,0,1,0,0,0,0,0,1,0
1,0,0,0,0.971830985915493,1,1,0.9500000000000002,0.9140318486037388,1,1,0,1,1,1,1,1,1,0,1,0,0,0
1,0,0,0,0.3802816901408451,1,1,0.71,0.3008308331410109,1,1,0,0,1,0,0,0,1,0,0,0,1,0
1,0,0,0,0.4507042253521127,1,1,0.6500000000000001,0.3160627740595431,1,1,0,0,0,0,0,0,1,0,0,0,1,0
1,1,1,0,0.3943661971830986,1,1,0.81,0.33856450496192014,1,1,0,0,0,1,0,1,1,0,0,0,0,0
1,0,1,1,0.26760563380281693,1,0,0.020000000000000018,0.04892684052619432,0,0,1,0,0,0,0,0,0,0,0,0,0,1
1,0,0,0,0.0,1,1,0.26,0.003000230786983614,0,0,0,0,0,0,0,0,0,0,0,0,0,1
0,0,0,0,0.16901408450704225,1,1,0.73,0.12889453034848836,0,1,0,0,0,0,0,1,1,0,0,0,1,0
1,0,1,0,0.4084507042253521,1,1,0.6699999999999999,0.30071543964920383,1,1,0,0,0,0,0,0,1,0,0,0,1,0
0,0,0,0,0.014084507042253521,1,0,0.27,0.008192937918301408,0,0,0,0,0,0,0,0,0,0,0,0,1,0
1,1,0,0,0.4225352112676057,1,1,0.81,0.3655665820447727,1,1,0,0,1,0,0,1,1,0,0,0,1,0
1,0,0,1,0.056338028169014086,1,0,0.28,0.023424878836833606,0,0,0,0,0,0,0,0,0,0,0,0,0,1
1,1,0,0,0.08450704225352114,1,1,0.33,0.0462727902146319,0,0,0,0,1,0,0,0,0,0,0,0,0,1
1,0,1,0,0.971830985915493,1,1,0.08000000000000002,0.22940226171243944,1,0,1,0,0,0,0,0,0,0,1,0,0,0
0,1,1,0,0.8873239436619719,1,1,0.76,0.6996307408262173,1,1,0,0,1,1,0,0,1,0,0,0,1,0
1,0,1,1,0.676056338028169,1,1,0.77,0.5498499884606508,1,1,0,0,0,0,0,1,1,0,0,0,1,0
1,0,0,0,0.8309859154929577,1,1,0.6100000000000001,0.5477729056081236,1,1,0,0,0,1,0,0,0,1,0,0,0,0
0,0,0,0,0.7323943661971831,1,0,0.06,0.1455111931687053,1,0,1,0,0,0,0,0,0,0,1,0,0,1
0,0,0,0,0.014084507042253521,1,0,0.76,0.018462958689129935,0,1,0,0,0,1,0,1,1,0,0,0,1,0
1,1,0,0,0.5352112676056339,1,1,0.81,0.46365105008077545,1,1,0,0,0,1,0,1,1,0,0,0,1,0
1,1,1,0,0.36619718309859156,1,1,0.5700000000000001,0.22051696284329567,0,1,0,1,0,0,0,0,0,0,0,0,0,0
1,1,0,0,0.0,1,0,0.6000000000000001,0.006923609508423726,0,1,0,0,0,0,0,1,0,0,0,0,1,0
1,0,0,0,0.04225352112676056,1,0,0.5700000000000001,0.036925917378259863,1,1,0,0,0,0,0,0,0,0,0,0,1,0
1,0,0,1,0.1267605633802817,0,0,0.22000000000000003,0.0453496422801754,0,0,0,1,1,0,1,0,0,1,0,0,0,1
0,0,0,0,0.5211267605633804,1,1,0.52,0.29759981537041313,0,1,0,0,0,0,0,0,0,1,0,0,0,0
0,0,1,1,0.8028169014084507,1,1,0.74,0.6100853911839372,0,1,0,0,1,0,0,1,1,0,0,0,1,0
0,1,0,0,0.7042253521126761,1,1,0.79,0.5648511423955689,1,1,0,0,0,1,0,1,1,0,0,0,1,0
1,0,0,0,0.8169014084507042,1,1,0.6500000000000001,0.5690053081006231,1,1,0,0,1,1,0,0,0,0,0,0,1,0
1,0,0,0,0.14084507042253522,0,1,0.22000000000000003,0.04661897069005308,0,0,0,0,1,1,1,0,0,1,0,1,0,0
0,0,0,1,0.056338028169014086,1,0,0.020000000000000018,0.007500576967459035,0,0,1,0,0,0,0,0,0,0,0,0,0,1
1,0,1,0,0.8309859154929577,1,1,0.8800000000000001,0.7377105931225478,1,1,0,0,1,1,0,1,1,0,0,0,1,0
0,1,1,0,0.0,1,1,0.52,0.006000461573967228,0,1,0,0,0,0,0,0,0,0,0,0,1,0
1,0,0,0,0.22535211267605634,1,0,0.6200000000000001,0.1531271636279714,1,1,0,0,0,1,0,0,0,0,0,0,0,0
1,0,0,0,0.295774647887324,1,0,0.71,0.2179783060235403,0,1,0,0,0,0,0,1,1,0,0,0,1,0
0,0,0,0,0.49295774647887325,1,1,0.6599999999999999,0.34987306715901223,1,1,0,0,0,0,0,0,1,0,0,0,1,0
0,0,1,1,0.3943661971830986,1,0,0.51,0.22386337410570045,1,0,0,1,0,0,1,1,0,1,0,0,0,0
1,1,1,1,0.14084507042253522,1,1,0.6000000000000001,0.09762289406877453,1,1,0,0,0,1,0,0,0,0,0,1,0,0
1,0,1,0,0.9859154929577465,1,0,0.72,0.7260558504500346,1,0,0,1,1,1,1,1,1,0,1,0,1,0
0,1,1,0,0.3098591549295775,1,0,0.6799999999999999,0.2258250634664205,1,1,0,0,0,0,0,0,1,0,0,0,1,0
1,0,0,0,0.6619718309859155,1,0,0.07,0.13304869605354258,1,0,1,0,0,0,0,0,0,1,0,1,0,0
1,0,0,0,0.7323943661971831,1,0,0.020000000000000018,0.11885529656127396,0,0,1,0,0,0,0,0,0,0,1,0,0,1
0,0,0,0,0.04225352112676056,1,0,0.010000000000000009,0.005769674590353104,0,0,1,0,0,0,0,0,0,1,0,0,0,1
1,0,0,0,0.25352112676056343,1,1,0.38000000000000006,0.11712439418416802,1,0,0,0,0,1,0,0,0,0,0,0,0,1
1,0,1,0,0.02816901408450704,1,1,0.5700000000000001,0.02746365105008078,1,1,0,0,0,0,0,0,0,0,0,0,1,0
0,0,0,0,0.014084507042253521,0,0,0.10999999999999999,0.006577429033002539,0,0,0,0,0,0,1,0,0,0,0,0,0,0
0,0,0,0,0.5352112676056339,0,0,0.17000000000000004,0.14897299792291716,0,0,0,0,0,1,1,0,0,1,0,0,0,1
0,1,1,0,1.0,1,1,0.75,0.775098084468036,1,1,0,1,1,1,1,0,0,0,1,0,0,0
1,0,0,0,0.295774647887324,1,0,0.08000000000000002,0.06773597969074545,1,0,1,0,0,0,0,0,0,0,1,0,0,1
0,0,1,0,0.6056338028169015,1,1,0.52,0.3729517655204247,0,0,0,0,1,1,1,1,0,1,0,0,1,0
1,0,1,1,0.9577464788732395,1,1,0.46,0.488806831294715,1,0,0,1,0,1,1,0,0,0,1,1,0,0
1,0,0,0,0.0,1,1,0.020000000000000018,0.00023078698361412436,0,0,1,0,0,0,0,0,0,0,0,0,0,1
1,0,1,1,0.8732394366197184,1,1,0.8200000000000001,0.7150934687283637,1,1,0,1,1,1,0,1,0,0,0,0,1,0
1,0,0,0,0.2112676056338028,1,1,0.75,0.17943687975998154,0,1,0,0,1,1,0,0,1,0,0,1,0,0
1,1,0,0,0.5070422535211268,1,1,0.5800000000000001,0.3257558273713363,1,1,0,0,0,0,0,0,0,0,0,0,1,0
0,0,0,1,0.02816901408450704,1,1,0.020000000000000018,0.006577429033002539,0,0,1,0,0,0,0,0,0,0,0,0,0,1
1,1,1,0,0.056338028169014086,1,0,0.52,0.03277175167320563,0,1,0,0,0,0,0,0,0,0,0,0,1,0
0,0,1,1,0.0,1,0,0.020000000000000018,0.00023078698361412436,0,0,1,0,0,0,0,0,0,1,0,0,0,1
1,1,1,0,0.0,1,1,0.52,0.006000461573967228,0,1,0,0,0,0,0,0,0,0,0,0,0,1
1,0,0,0,0.23943661971830985,1,1,0.42,0.13131779367643667,1,0,0,1,0,1,0,0,0,0,0,0,0,1
1,1,0,0,0.0,1,1,0.010000000000000009,0.00011539349180706218,0,0,1,0,0,0,0,0,0,0,0,0,1,0
0,1,1,0,0.0,1,1,0.77,0.008885298869143781,1,1,0,0,0,0,0,1,1,0,0,0,1,0
1,0,1,1,0.7183098591549296,1,0,0.020000000000000018,0.12231710131548582,0,0,1,0,0,0,0,0,0,0,1,0,0,0
0,0,0,0,0.08450704225352114,1,1,0.81,0.07558273713362568,1,1,0,0,1,0,0,1,1,0,0,0,1,0
0,0,1,1,0.3802816901408451,1,1,0.020000000000000018,0.05411954765751212,0,0,1,0,0,0,0,0,0,0,1,1,0,0
1,1,0,0,0.2112676056338028,1,1,0.78,0.17435956612047082,1,1,0,0,0,0,0,1,1,0,0,0,1,0
1,0,0,0,0.15492957746478872,1,1,0.43,0.08019847680590815,1,0,0,1,0,1,1,0,0,0,0,0,0,1
1,0,0,0,0.8873239436619719,1,0,0.06,0.18739903069466884,1,0,1,0,0,0,0,0,0,1,0,0,0,1
0,0,0,0,0.0,0,0,0.10999999999999999,0.0012693284098776831,0,0,0,0,0,0,1,0,0,0,0,0,0,1
1,0,1,1,1.0,1,1,0.99,0.9566120470805447,1,1,0,1,1,1,1,1,1,0,1,0,0,0
0,0,0,0,0.16901408450704225,1,1,0.55,0.10823909531502424,0,1,0,1,0,0,0,0,0,0,0,1,0,0
1,0,0,0,0.5915492957746479,1,0,0.9700000000000002,0.5627740595430417,1,1,0,1,1,1,1,1,1,0,1,1,0,0
1,0,1,0,1.0,0,1,0.31,0.4110316178167552,0,0,0,1,1,1,0,0,1,0,1,0,1,0
1,1,1,1,0.7887323943661972,1,1,0.77,0.6403184860373875,0,1,0,0,1,1,1,1,0,0,0,1,0,0
0,0,1,0,0.15492957746478872,1,1,0.6599999999999999,0.10858527579044543,0,1,0,1,1,1,0,0,0,0,0,0,1,0
1,1,0,0,0.295774647887324,1,1,0.51,0.17620586198938382,0,0,0,1,0,1,1,0,1,0,0,0,0,1
1,1,1,0,0.0,1,1,0.020000000000000018,0.00023078698361412436,0,0,1,0,0,0,0,0,0,0,0,0,0,1
0,1,0,0,0.4366197183098592,1,1,0.6300000000000001,0.3001384721901685,1,1,0,0,0,1,0,0,0,0,0,1,0,0
0,0,0,0,0.07042253521126761,1,0,0.32,0.03115624278790676,0,0,0,0,0,0,1,0,0,0,0,0,0,1
0,0,1,1,0.5774647887323944,1,0,0.45,0.31675513501038544,0,0,0,1,0,0,1,0,1,1,0,1,0,0
1,0,0,1,0.8732394366197184,1,0,0.010000000000000009,0.13812600969305333,0,0,1,0,0,0,0,0,0,0,1,1,0,0
0,0,0,0,0.0,1,1,0.35000000000000003,0.004038772213247173,0,0,0,0,0,0,0,1,0,0,0,0,0,1
1,1,0,0,0.7464788732394366,1,0,0.54,0.44634202630971614,1,0,0,0,1,0,1,1,0,1,0,0,0,1
1,0,0,0,0.5070422535211268,1,0,0.010000000000000009,0.08839141472420957,0,0,1,0,0,0,0,0,0,0,1,0,0,1
0,0,0,1,0.0,1,0,0.26,0.003000230786983614,0,0,0,0,0,0,0,0,0,0,0,0,1,0
1,0,1,1,0.6619718309859155,0,0,0.27,0.2513270251557812,0,0,0,1,0,1,0,0,1,1,0,1,0,0
1,0,1,1,0.7042253521126761,1,1,0.51,0.40895453496422807,0,0,0,1,1,0,1,0,1,1,0,1,0,0
1,0,0,0,0.19718309859154928,1,0,0.020000000000000018,0.03277175167320563,0,0,1,0,0,0,0,0,0,1,0,1,0,0
1,0,1,0,0.4084507042253521,1,0,0.010000000000000009,0.07350565428109855,0,0,1,0,0,0,0,0,0,0,0,0,0,0
1,0,1,0,0.3098591549295775,1,0,0.72,0.2337872144011078,1,1,0,0,0,1,0,0,1,0,0,0,0,1
0,0,0,0,0.323943661971831,1,1,0.37000000000000005,0.1594738056773598,1,0,0,1,0,0,0,0,0,0,0,0,0,0
0,1,0,0,0.02816901408450704,1,1,0.8700000000000001,0.031848603738749134,1,1,0,0,1,1,0,1,1,0,0,0,1,0
0,0,0,1,0.36619718309859156,1,0,0.38000000000000006,0.1787445188091392,0,0,0,1,1,0,0,0,0,1,0,0,0,1
0,0,0,0,0.26760563380281693,1,1,0.010000000000000009,0.04581121624740365,0,0,1,0,0,0,0,0,0,1,0,0,0,1
0,0,0,0,0.0,1,0,0.020000000000000018,0.00023078698361412436,0,0,1,0,0,0,0,0,0,0,0,0,0,1
1,1,1,0,0.8309859154929577,1,1,0.98,0.7970228479113778,1,1,0,1,1,1,1,1,1,0,1,0,0,0
1,0,1,1,1.0,1,1,0.9100000000000001,0.8877221324717286,1,1,0,0,1,1,1,1,1,0,1,0,0,0
1,0,1,1,0.323943661971831,0,0,0.39000000000000007,0.15566582044772675,0,0,0,1,1,1,0,1,1,1,0,0,1,0
0,1,0,0,0.5915492957746479,1,1,0.71,0.44288022155550427,0,1,0,0,0,0,0,1,1,0,0,0,0,1
0,1,0,0,0.2112676056338028,1,1,0.6000000000000001,0.1384721901684745,0,1,0,0,0,0,0,0,1,0,0,0,1,0
0,0,0,0,0.295774647887324,1,1,0.75,0.2468266789753058,0,1,0,0,1,0,0,1,1,0,0,0,0,1
1,0,0,0,0.6056338028169015,1,1,0.6599999999999999,0.4435725825063467,1,1,0,0,1,1,0,0,0,0,0,0,0,0
1,0,1,0,0.9295774647887325,1,1,0.9100000000000001,0.8453727209785368,1,1,0,0,1,1,1,1,1,1,0,1,0,0
1,1,0,0,0.5211267605633804,1,0,0.020000000000000018,0.08273713362566353,0,0,1,0,0,0,0,0,0,0,1,0,0,1
0,0,1,0,0.9859154929577465,1,1,0.8,0.8012924071082391,1,1,0,0,0,1,0,1,1,1,0,1,0,0
1,0,0,0,0.971830985915493,1,1,0.72,0.7347103623355643,1,1,0,0,1,1,1,0,0,1,0,0,0,0
1,0,0,0,0.7323943661971831,1,0,0.0,0.11389337641357028,0,0,1,0,0,0,0,0,0,0,1,0,0,1
1,0,0,0,0.323943661971831,1,0,0.38000000000000006,0.15728132933302563,0,0,0,1,0,0,1,0,0,0,0,1,0,0
1,0,1,1,0.295774647887324,1,0,0.010000000000000009,0.04408031387029772,0,0,1,0,0,0,0,0,0,0,0,0,0,1
1,0,0,1,0.33802816901408456,1,0,0.020000000000000018,0.05227325178859912,0,0,1,0,0,0,0,0,0,0,0,1,0,0
0,0,1,0,0.07042253521126761,1,1,0.73,0.05919686129702285,0,1,0,0,1,1,0,0,1,0,0,0,1,0
0,0,0,0,0.47887323943661975,1,0,0.03,0.07927532887145165,0,0,1,0,0,0,0,0,0,0,1,0,0,0
0,0,0,1,0.5352112676056339,1,0,0.07,0.11377798292176322,1,0,1,0,0,0,0,0,0,0,1,0,0,1
1,0,0,0,0.4366197183098592,1,0,0.020000000000000018,0.07339026078929149,0,0,1,0,0,0,0,0,0,1,0,0,0,0
0,0,1,1,0.6056338028169015,1,1,0.020000000000000018,0.09773828756058159,0,0,1,0,0,0,0,0,0,1,0,0,0,0
0,0,0,0,0.5774647887323944,1,1,0.010000000000000009,0.09473805677359798,0,0,1,0,0,0,0,0,0,1,0,0,0,1
1,0,1,1,0.9014084507042254,1,1,0.8600000000000001,0.7739441495499654,1,1,0,1,0,1,0,1,1,0,1,1,0,0
1,0,1,0,1.0,1,0,0.6699999999999999,0.70816985921994,0,0,0,1,1,1,1,1,1,0,1,0,0,1
0,0,1,1,0.9859154929577465,1,1,0.73,0.758250634664205,1,0,0,1,1,1,1,1,1,0,1,0,0,1
0,0,0,1,0.11267605633802817,1,1,0.32,0.05377336718209093,0,0,0,0,1,0,0,0,0,0,0,0,1,0
0,0,0,1,0.9154929577464789,1,0,0.47000000000000003,0.5031156242787906,1,0,0,1,1,0,1,0,0,0,1,0,0,0
1,0,1,1,0.9295774647887325,1,1,0.9100000000000001,0.8381029309946919,1,1,0,1,0,1,1,1,1,1,0,0,1,0
0,0,1,1,0.07042253521126761,1,0,0.010000000000000009,0.010962381721670899,0,0,1,0,0,0,0,0,0,1,0,0,0,1
0,1,0,0,0.971830985915493,0,1,0.26,0.34537272097853683,0,0,0,0,1,1,0,1,0,1,0,1,0,0
0,0,0,0,0.1267605633802817,1,1,0.38000000000000006,0.05596584352642511,0,0,0,0,0,0,0,0,1,0,0,0,0,0
1,0,0,0,0.0,1,1,0.26,0.003000230786983614,0,0,0,0,0,0,0,0,0,0,0,0,0,0
1,1,0,0,0.014084507042253521,1,0,0.36000000000000004,0.009923840295407339,0,0,0,1,1,0,0,0,0,0,0,0,0,1
0,0,0,0,0.5633802816901409,1,1,0.71,0.4282252480960074,0,1,0,0,1,0,1,1,0,1,0,0,1,0
1,0,1,0,0.9859154929577465,1,0,0.07,0.21405492730210018,1,0,1,0,0,0,0,0,0,0,1,1,0,0
1,0,0,0,0.09859154929577466,1,1,0.56,0.0611585506577429,1,1,0,0,0,0,0,0,0,0,0,1,0,0
1,0,0,0,0.0,1,0,0.010000000000000009,0.00011539349180706218,0,0,1,0,0,0,0,0,0,0,0,0,0,1
1,0,0,0,0.04225352112676056,1,1,0.52,0.029425340410800832,0,1,0,0,0,0,0,0,0,0,0,0,0,0
1,0,0,0,0.16901408450704225,1,1,0.53,0.10443111008539119,0,0,0,1,0,0,0,1,1,0,0,0,1,0
1,0,0,0,0.23943661971830985,0,1,0.22000000000000003,0.07996768982229403,0,0,0,1,1,0,1,0,0,1,0,0,0,1
0,0,1,1,0.11267605633802817,1,1,0.8300000000000001,0.10246942072467113,0,1,0,0,1,0,1,1,1,0,0,0,1,0
0,1,1,0,1.0,1,0,0.9100000000000001,0.9093007154396492,1,1,0,0,1,1,1,1,1,0,1,1,0,0
1,1,1,0,0.9154929577464789,0,0,0.27,0.3472190168474498,0,0,0,0,1,1,0,1,0,1,0,0,0,0
1,0,1,1,0.8028169014084507,1,0,0.010000000000000009,0.12243249480729287,0,0,1,0,0,0,0,0,0,0,1,1,0,0
0,0,0,0,0.0,1,0,0.52,0.006000461573967228,0,1,0,0,0,0,0,0,0,0,0,0,1,0
1,0,1,1,0.5633802816901409,1,1,0.9100000000000001,0.5118855296561273,1,1,0,0,1,1,1,1,1,1,0,0,0,0
0,0,1,1,1.0,1,1,0.6500000000000001,0.7010154627279022,1,0,0,1,0,1,1,1,1,0,1,1,0,0
1,0,0,0,0.04225352112676056,1,0,0.05000000000000002,0.009116085852757905,1,0,1,0,0,0,0,0,0,1,0,0,1,0
0,0,0,0,0.8028169014084507,1,1,0.06,0.17251327025155783,1,0,1,0,0,0,0,0,0,0,1,1,0,0
1,0,0,1,0.3098591549295775,1,1,0.31,0.12704823447957536,0,0,0,0,0,0,1,0,0,1,0,0,1,0
0,1,0,0,0.014084507042253521,1,1,0.54,0.015693514885760443,1,1,0,0,0,0,0,0,0,0,0,0,0,1
0,0,0,1,0.676056338028169,1,0,0.5700000000000001,0.42234018001384727,1,1,0,0,0,0,0,0,0,0,0,1,0,0
1,0,0,0,0.09859154929577466,1,0,0.020000000000000018,0.018001384721901686,0,0,1,0,0,0,0,0,0,0,1,0,0,1
1,0,1,1,0.971830985915493,1,1,0.9000000000000001,0.9129933071774752,1,1,0,1,1,1,0,1,1,1,0,1,0,0
1,0,1,0,0.971830985915493,1,1,0.8300000000000001,0.8136395107315947,1,1,0,0,0,1,0,1,1,1,0,0,1,0
1,0,1,0,0.07042253521126761,1,1,0.72,0.05700438495268867,1,1,0,0,1,0,0,0,1,0,0,0,1,0
0,0,0,0,0.22535211267605634,1,0,0.03,0.04234941149319178,0,0,1,0,0,0,0,0,0,0,0,1,0,0
1,0,0,0,0.3802816901408451,0,1,0.10999999999999999,0.08908377567505193,0,0,0,0,0,1,0,0,0,0,0,0,0,1
0,0,1,1,0.9154929577464789,0,0,0.32,0.3861066235864298,0,0,0,0,0,0,1,1,1,0,1,0,0,0
0,0,0,0,0.02816901408450704,1,0,0.35000000000000003,0.019616893607200557,0,0,0,0,0,0,0,1,0,0,0,1,0,0
0,0,0,0,0.056338028169014086,0,1,0.25,0.02319409185321948,0,0,0,1,1,1,1,0,0,0,0,0,0,1
1,0,1,1,0.9295774647887325,1,1,0.9000000000000001,0.8236787445188092,1,1,0,1,0,1,1,1,1,0,1,1,0,0
0,0,1,0,0.5774647887323944,1,1,0.81,0.47542118624509583,1,1,0,0,1,1,1,0,1,0,0,0,1,0
1,0,1,1,0.15492957746478872,1,0,0.010000000000000009,0.02077082852527118,0,0,1,0,0,0,0,0,0,0,0,0,0,0
1,0,0,0,0.02816901408450704,1,0,0.010000000000000009,0.004615739672282484,0,0,1,0,0,0,0,0,0,0,0,0,0,1
0,1,0,0,0.26760563380281693,1,0,0.71,0.1880913916455112,0,1,0,0,0,0,0,1,1,0,0,0,1,0
1,0,1,0,0.7746478873239437,1,0,0.72,0.5882760212324025,1,1,0,0,1,1,1,0,0,0,0,0,1,0
0,0,0,0,0.14084507042253522,1,1,0.55,0.089199169166859,0,1,0,1,0,0,0,0,0,0,0,0,1,0
1,1,1,0,0.295774647887324,1,1,0.45,0.15728132933302563,1,0,0,1,1,0,1,0,0,0,0,0,0,1
0,0,1,1,0.943661971830986,1,0,0.44,0.5027694438033694,0,0,0,1,1,1,1,0,0,0,1,1,0,0
1,0,0,0,0.07042253521126761,1,1,0.75,0.05977382875605816,1,1,0,0,0,0,0,1,1,0,0,0,0,0
0,0,1,0,1.0,1,1,0.9700000000000002,0.9699976921301638,1,1,0,1,1,1,1,1,1,0,1,0,0,0
0,0,1,0,0.9014084507042254,1,1,0.81,0.7303254096468959,1,1,0,1,1,1,0,1,0,0,1,0,1,0
0,0,0,1,0.6619718309859155,1,1,0.6000000000000001,0.4228017539810755,1,0,0,1,0,1,0,1,1,1,0,1,0,0
0,0,0,1,0.8450704225352113,1,0,0.010000000000000009,0.12762520193861068,0,0,1,0,0,0,0,0,0,0,1,0,0,1
1,0,0,0,0.2112676056338028,1,1,0.45,0.12104777290560813,1,0,0,0,0,0,0,0,1,0,0,0,0,0
0,0,1,0,0.971830985915493,1,0,0.06,0.19686129702284794,1,0,1,0,0,0,0,0,0,0,1,0,0,0
0,1,1,0,0.46478873239436624,1,0,0.72,0.3588737595199631,0,1,0,1,0,0,1,1,0,1,0,0,0,1
0,0,1,0,0.3802816901408451,1,0,0.42,0.2039003000230787,0,0,0,1,1,0,1,0,0,0,0,0,0,1
1,0,0,0,0.4507042253521127,1,1,0.6100000000000001,0.3076390491576275,0,1,0,0,1,0,1,0,0,1,0,0,0,0
1,1,1,0,0.8028169014084507,1,1,0.79,0.6277405954304177,1,1,0,0,1,0,0,1,1,1,0,0,0,0
1,0,0,1,0.16901408450704225,1,0,0.7,0.13189476113547197,1,0,0,1,1,1,1,1,1,0,1,1,0,0
1,0,1,0,0.9014084507042254,1,1,0.8900000000000001,0.8151396261250865,1,1,0,0,1,1,1,1,1,0,1,0,0,0
1,0,1,0,1.0,1,1,0.8,0.8074082621740134,1,1,0,1,0,1,1,1,0,0,1,0,0,0
1,0,0,0,0.26760563380281693,1,1,0.5,0.15601200092314796,1,0,0,0,1,0,1,0,1,0,0,1,0,0
0,0,1,1,0.7183098591549296,1,0,0.06,0.13974151857835218,1,0,1,0,0,0,0,0,0,0,1,0,0,1
1,0,1,0,0.25352112676056343,1,1,0.55,0.16420493884144935,0,1,0,1,0,0,0,0,0,0,0,0,1,0
0,0,1,0,1.0,1,1,0.8200000000000001,0.8431802446342026,1,1,0,1,1,0,1,0,1,0,1,0,0,0
1,0,1,0,0.014084507042253521,0,0,0.26,0.009116085852757905,0,0,0,0,0,0,0,1,1,0,0,0,1,0
0,1,0,0,0.5070422535211268,0,0,0.18,0.14966535887375954,0,0,0,0,1,1,0,0,0,0,0,0,1,0
0,0,0,0,0.04225352112676056,1,1,0.37000000000000005,0.02538656819755366,0,0,0,0,0,0,0,0,1,0,0,0,0,1
1,0,0,0,0.6338028169014085,1,1,0.03,0.10604661897069007,0,0,1,0,0,0,0,0,0,0,1,0,1,0
1,0,1,1,0.19718309859154928,1,0,0.020000000000000018,0.03196399723055619,0,0,1,0,0,0,0,0,0,1,0,0,0,1
1,0,1,1,0.9295774647887325,1,1,0.8700000000000001,0.7730210016155089,1,1,0,0,0,1,1,1,1,0,1,0,0,0
1,1,1,1,0.8169014084507042,1,1,0.7,0.6150473113316409,1,1,0,0,0,1,0,0,1,0,0,1,0,0
0,0,0,0,0.0,1,1,0.56,0.006462035541195477,0,1,0,0,1,0,0,0,0,0,0,0,1,0
1,0,1,0,0.676056338028169,0,0,0.22000000000000003,0.23678744518809142,0,0,0,1,0,0,0,1,0,0,0,0,0,0
0,0,0,0,0.0,1,1,0.72,0.00830833141010847,1,1,0,0,1,0,0,0,1,0,0,1,0,0
1,0,0,0,0.8309859154929577,1,0,0.010000000000000009,0.12808677590583892,0,0,1,0,0,0,0,0,0,0,1,0,0,0
1,0,0,0,0.0,0,0,0.07,0.0008077544426494348,0,0,0,0,0,0,0,0,0,0,0,0,1,0
0,0,0,0,0.9577464788732395,1,1,0.6000000000000001,0.6159704592660974,1,0,0,1,1,1,1,0,1,1,0,1,0,0
1,0,1,0,0.02816901408450704,1,1,0.73,0.025848142164781908,1,1,0,0,1,0,0,0,1,0,0,1,0,0
1,1,0,0,0.18309859154929578,1,1,0.8600000000000001,0.17459035310408494,1,1,0,0,1,1,0,1,1,0,0,0,1,0
1,0,1,1,0.5915492957746479,1,0,0.5700000000000001,0.37341333948765293,0,0,0,1,0,1,0,1,1,0,1,0,0,0
1,0,0,0,0.02816901408450704,0,0,0.10999999999999999,0.009231479344564968,0,0,0,0,1,0,0,0,0,0,0,0,0,1
1,0,0,0,0.0,0,0,0.07,0.0008077544426494348,0,0,0,0,0,0,0,0,0,0,0,0,0,1
1,0,0,0,0.11267605633802817,1,1,0.5700000000000001,0.07096699746134319,1,1,0,0,0,0,0,0,0,0,0,1,0,0
1,0,0,0,0.9154929577464789,1,1,0.8500000000000001,0.7589429956150473,1,1,0,1,1,1,1,0,1,0,0,0,0,0
0,1,1,0,0.9859154929577465,1,0,0.07,0.20436187399030697,1,0,1,0,0,0,0,0,0,0,1,1,0,0
1,0,1,0,0.7746478873239437,1,1,0.8,0.60604661897069,1,1,0,1,0,0,0,1,1,1,0,0,1,0
1,0,1,1,0.8450704225352113,1,1,0.55,0.5305792753288714,0,0,0,0,0,1,1,1,1,0,1,0,0,0
1,0,0,0,0.0,0,0,0.10999999999999999,0.0012693284098776831,0,0,0,0,1,0,0,0,0,0,0,0,0,0
0,0,0,0,0.5492957746478874,1,1,0.71,0.40041541657050544,0,1,0,0,1,0,1,0,1,1,0,1,0,0
1,0,0,0,0.6338028169014085,1,0,0.36000000000000004,0.28179090699284565,0,0,0,0,0,1,1,0,0,0,1,1,0,0
0,1,1,0,0.5492957746478874,1,0,0.8300000000000001,0.46942072467112855,1,1,0,1,0,0,0,1,1,0,0,0,1,0
1,0,0,0,0.6056338028169015,1,1,0.7,0.4563812600969306,0,1,0,0,1,1,0,1,0,0,0,1,0,0
0,0,0,0,0.18309859154929578,0,1,0.37000000000000005,0.08689129933071775,0,0,0,0,0,1,1,1,1,0,0,0,1,0
0,1,0,0,0.014084507042253521,1,0,0.48000000000000004,0.008769905377336719,0,0,0,1,0,1,0,1,0,0,0,0,0,0
1,1,0,0,0.619718309859155,1,1,0.8200000000000001,0.5124624971151627,1,1,0,0,0,1,0,1,1,1,0,0,0,0
0,0,0,1,0.5352112676056339,1,0,0.8200000000000001,0.44738056773597973,1,1,0,0,0,0,1,1,1,0,1,0,0,1
0,0,0,0,0.1267605633802817,1,1,0.26,0.04811908608354489,0,0,0,0,0,0,0,0,0,0,0,1,0,0
0,0,1,0,0.28169014084507044,1,0,0.36000000000000004,0.12774059543041774,0,0,0,0,0,0,0,1,0,0,0,0,0,0
0,0,1,1,0.971830985915493,1,0,0.07,0.20447726748211403,1,0,1,0,0,0,0,0,0,0,1,1,0,0
1,1,0,0,0.04225352112676056,1,1,0.76,0.046849757673667204,1,1,0,0,0,0,0,1,1,0,0,0,1,0
1,0,1,1,0.0,1,1,0.8400000000000001,0.009693053311793215,1,1,0,1,0,1,0,1,1,0,0,0,1,0
1,0,0,0,0.02816901408450704,1,1,0.56,0.024809600738518352,0,1,0,1,0,0,0,0,0,0,0,0,1,0
1,0,0,0,0.14084507042253522,1,1,0.79,0.12543272559427648,1,1,0,0,0,1,0,1,1,0,0,0,0,0
0,1,0,0,0.6901408450704226,1,1,0.77,0.5536579736902838,1,1,0,0,0,0,0,1,1,0,0,0,1,0
0,0,0,0,0.16901408450704225,1,1,0.52,0.10535425801984769,0,1,0,0,0,0,0,0,0,0,0,0,1,0
1,1,1,0,0.7887323943661972,1,0,0.76,0.6254327255942764,1,1,0,0,1,1,0,0,1,0,0,1,0,0
1,0,1,0,0.8450704225352113,1,1,0.8500000000000001,0.7500576967459035,1,1,0,0,0,1,1,1,1,1,0,0,0,0
1,1,0,0,0.2112676056338028,1,1,0.76,0.1722824832679437,0,1,0,0,0,0,1,1,1,0,0,0,1,0
1,0,0,0,0.23943661971830985,1,1,0.32,0.10327717516732057,1,0,0,0,0,0,0,0,0,0,0,0,1,0
1,0,1,0,0.5070422535211268,1,1,0.010000000000000009,0.0806600507731364,0,0,1,0,0,0,0,0,0,1,0,0,0,0
1,0,1,0,0.8169014084507042,1,0,0.75,0.6194322640203093,1,1,0,0,0,1,1,1,0,0,0,0,1,0
1,1,1,0,0.4366197183098592,1,1,0.6699999999999999,0.30117701361643207,1,1,0,0,0,0,0,1,0,0,0,1,0,0
0,1,0,0,0.9154929577464789,1,0,0.9200000000000002,0.8555273482575583,1,1,0,0,1,1,1,1,1,1,0,1,0,0
1,0,0,0,0.7183098591549296,1,0,0.39000000000000007,0.34894991922455576,0,0,0,1,0,1,1,0,0,1,0,1,0,0
1,0,0,0,0.323943661971831,1,1,0.6599999999999999,0.22155550426955922,1,1,0,1,0,0,1,0,0,0,0,0,1,0
1,0,0,1,0.5352112676056339,0,0,0.12,0.12843295638126012,0,0,0,0,0,1,0,0,0,0,0,1,0,0
1,0,0,0,0.04225352112676056,1,1,0.52,0.028848372951765525,0,1,0,0,0,0,0,0,0,0,0,0,1,0
1,0,1,0,0.9859154929577465,1,0,0.010000000000000009,0.1613201015462728,0,0,1,0,0,0,0,0,0,0,1,0,0,1
1,0,1,1,0.9859154929577465,1,0,0.71,0.7297484421878606,1,0,0,1,1,1,1,1,1,0,1,0,0,0
0,0,0,0,0.014084507042253521,1,1,0.6200000000000001,0.014539579967689823,0,1,0,0,0,0,0,1,0,0,0,0,1,0
1,0,0,0,0.5774647887323944,1,1,0.8500000000000001,0.49723055619663054,0,1,0,0,1,1,1,1,1,0,0,0,0,0
1,0,0,0,0.02816901408450704,0,1,0.16000000000000003,0.010962381721670899,0,0,0,0,0,0,0,1,0,0,0,1,0,0
1,0,1,1,0.07042253521126761,1,0,0.36000000000000004,0.038887606738979924,0,0,0,0,0,0,0,1,0,0,0,0,1,0
1,0,0,0,0.22535211267605634,1,0,0.010000000000000009,0.03923378721440111,0,0,1,0,0,0,0,0,0,0,1,0,0,1
1,0,1,0,0.323943661971831,1,1,0.51,0.1841680129240711,0,0,0,0,1,0,0,1,1,0,0,0,0,0
0,0,1,1,0.8450704225352113,1,1,0.81,0.7180936995153473,1,1,0,0,0,1,0,1,1,1,0,0,1,0
0,0,1,1,0.7605633802816901,1,0,0.010000000000000009,0.13097161320101547,0,0,1,0,0,0,0,0,0,0,1,0,0,0
1,1,0,0,0.14084507042253522,1,1,0.37000000000000005,0.0648511423955689,1,0,0,1,0,0,0,0,0,0,0,0,1,0
0,1,1,0,0.6619718309859155,1,1,0.73,0.5021924763443342,1,1,0,0,0,1,0,0,1,0,0,1,0,0
0,0,1,1,0.33802816901408456,1,0,0.36000000000000004,0.14747288252942536,0,0,0,1,0,0,1,0,0,0,0,0,1,0
1,0,0,1,0.19718309859154928,1,0,0.47000000000000003,0.1144703438726056,0,0,0,1,1,1,1,0,0,1,0,1,0,0
0,0,0,0,0.014084507042253521,1,0,0.44,0.01153934918070621,1,0,0,0,0,0,0,0,1,0,0,0,0,0
1,0,1,0,0.6901408450704226,1,1,0.9100000000000001,0.6216247403646434,1,1,0,1,1,0,1,1,1,0,0,0,0,0
1,0,1,1,0.6619718309859155,1,0,0.010000000000000009,0.09981537041310871,0,0,1,0,0,0,0,0,0,0,1,0,0,1
1,1,0,0,0.28169014084507044,1,1,0.76,0.2255942764828064,1,1,0,0,0,0,0,1,1,0,0,0,1,0
0,1,1,0,0.647887323943662,1,1,0.8200000000000001,0.5600046157396723,1,1,0,0,0,1,0,1,1,0,0,0,1,0
1,0,0,0,0.014084507042253521,1,0,0.6200000000000001,0.01915531963997231,0,1,0,0,0,0,0,0,1,0,0,0,1,0
0,0,1,1,0.619718309859155,1,1,0.9100000000000001,0.5633510270020771,1,1,0,0,1,1,1,1,1,0,1,0,0,0
1,0,0,0,0.04225352112676056,1,0,0.020000000000000018,0.007731363951073159,0,0,1,0,0,0,0,0,0,0,0,0,0,0
0,1,0,0,0.36619718309859156,1,1,0.6300000000000001,0.24278790676205864,1,1,0,0,1,0,0,0,0,0,0,0,1,0
1,0,0,0,0.0,1,1,0.56,0.006462035541195477,0,1,0,0,0,1,0,0,0,0,0,0,0,1
0,0,1,1,0.3943661971830986,1,0,0.6200000000000001,0.25305792753288714,1,0,0,0,1,1,0,1,1,0,0,1,0,0
1,1,1,0,0.6901408450704226,1,1,0.8200000000000001,0.596699746134318,1,1,0,0,0,0,1,1,1,1,0,0,1,0
0,0,0,1,0.0,1,0,0.32,0.003692591737825987,0,0,0,1,0,0,0,0,0,0,0,0,0,1
0,0,0,0,0.04225352112676056,1,1,0.76,0.03946457419801523,0,1,0,1,1,0,1,0,1,0,0,0,0,1
0,0,0,0,0.9014084507042254,1,0,0.06,0.18255250403877224,1,0,1,0,0,0,0,0,0,1,0,1,0,0
0,0,1,0,0.5211267605633804,1,1,0.9200000000000002,0.5088852988691438,1,1,0,1,0,1,1,1,1,1,0,0,1,0
1,0,1,0,0.5915492957746479,1,1,0.46,0.33348719132240945,1,0,0,0,0,0,1,1,0,1,0,0,0,0
0,0,0,0,0.11267605633802817,0,1,0.06,0.01984768059081468,0,0,0,0,0,0,0,0,0,0,0,0,0,1
1,0,1,1,0.9014084507042254,1,1,0.6400000000000001,0.5996999769213016,1,0,0,1,1,0,1,1,1,0,1,0,0,0
1,0,0,0,0.02816901408450704,1,1,0.6100000000000001,0.026309716132010157,0,1,0,1,1,0,0,0,0,0,0,0,1,0
0,0,0,0,0.6901408450704226,1,0,0.020000000000000018,0.11204708054465728,0,0,1,0,0,0,0,0,0,1,0,1,0,0
1,1,0,0,0.619718309859155,1,1,0.6699999999999999,0.43387952919455347,0,1,0,1,1,0,1,0,0,0,0,0,0,0
0,0,0,0,0.056338028169014086,1,1,0.6200000000000001,0.04581121624740365,0,1,0,0,0,0,0,1,0,0,0,0,1,0
0,0,0,0,0.7464788732394366,1,0,0.69,0.5443111008539118,1,0,0,1,0,1,1,1,1,0,1,0,0,0
0,0,0,0,0.15492957746478872,1,1,0.81,0.12854834987306718,1,1,0,0,0,0,1,1,1,0,0,0,0,1
1,1,0,0,0.1267605633802817,1,1,0.6599999999999999,0.09773828756058159,0,1,0,0,0,1,0,0,1,0,0,1,0,0
0,1,1,0,0.2112676056338028,1,1,0.53,0.13258712208631435,0,1,0,0,0,0,0,0,0,0,0,0,0,0
0,0,0,0,0.04225352112676056,1,1,0.7,0.04061850911608585,0,1,0,0,0,0,0,1,1,0,0,0,1,0
0,0,1,1,0.5633802816901409,1,1,0.020000000000000018,0.09935379644588047,0,0,1,0,0,0,0,0,0,0,1,0,0,1
1,0,1,1,0.3098591549295775,1,0,0.05000000000000002,0.07004384952688669,1,0,1,0,0,0,0,0,0,0,1,0,0,1
0,0,0,0,0.8309859154929577,0,0,0.21000000000000002,0.27763674128779137,0,0,0,1,1,1,0,0,0,0,1,0,0,0
0,0,0,0,0.7464788732394366,1,0,0.020000000000000018,0.13051003923378723,0,0,1,0,0,0,0,0,0,0,1,0,0,1
1,0,0,0,0.3098591549295775,1,1,0.6100000000000001,0.2036695130394646,0,1,0,0,1,0,1,0,0,0,0,0,0,1
0,0,0,0,0.9154929577464789,1,1,0.8700000000000001,0.7876759750750058,0,1,0,1,0,1,1,1,1,0,1,0,0,0
0,0,1,1,0.8169014084507042,1,1,0.9300000000000002,0.7543272559427648,1,1,0,1,1,0,1,1,1,0,1,0,0,1
1,0,0,0,0.0,1,1,0.31,0.003577198246018925,0,0,0,0,0,0,1,0,0,0,0,0,1,0
1,0,1,1,1.0,1,0,0.8900000000000001,0.8816062774059543,1,1,0,1,1,1,1,0,1,0,1,1,0,0
0,1,1,0,0.2112676056338028,1,1,0.56,0.13385645049619202,0,1,0,0,1,0,0,0,0,0,0,1,0,0
0,0,1,1,0.6901408450704226,1,1,0.52,0.4001846295868913,1,0,0,1,0,0,1,1,0,0,1,1,0,0
0,0,0,0,0.9154929577464789,1,0,0.71,0.6875144241864759,1,1,0,0,1,0,0,0,1,0,0,1,0,0
1,0,0,0,0.971830985915493,1,0,0.010000000000000009,0.15266558966074315,0,0,1,0,0,0,0,0,0,1,0,0,0,0
0,0,1,1,0.323943661971831,1,0,0.020000000000000018,0.04858066005077313,0,0,1,0,0,0,0,0,0,1,0,0,0,1
1,1,1,0,0.14084507042253522,1,1,0.6400000000000001,0.09946918993768752,0,1,0,0,0,0,1,1,0,0,0,0,1,0
1,0,1,0,0.4366197183098592,1,0,0.010000000000000009,0.0663512577890607,0,0,1,0,0,0,0,0,0,1,0,0,0,1
0,1,1,0,0.6338028169014085,0,1,0.41,0.3228709900761597,0,0,0,0,1,1,1,1,1,1,0,0,0,0
0,0,1,1,0.6338028169014085,1,0,0.010000000000000009,0.09739210708516041,0,0,1,0,0,0,0,0,0,0,1,1,0,0
0,1,0,0,0.7605633802816901,0,1,0.32,0.3144472651742442,0,0,0,0,0,1,0,1,1,1,0,0,0,0
1,0,0,0,0.9295774647887325,1,0,0.42,0.44449573044080315,0,0,0,1,1,0,1,0,0,1,0,1,0,0
0,0,0,1,0.35211267605633806,0,1,0.21000000000000002,0.1159704592660974,0,0,0,0,1,0,0,1,0,1,0,0,0,0
0,0,1,1,0.9577464788732395,1,0,0.020000000000000018,0.1567043618739903,0,0,1,0,0,0,0,0,0,0,1,0,0,0
0,0,0,0,0.1267605633802817,1,1,0.76,0.11885529656127396,0,1,0,0,0,1,0,1,1,0,0,0,1,0
1,0,1,0,0.04225352112676056,1,0,0.36000000000000004,0.025040387722132476,0,0,0,1,1,0,0,0,0,0,0,0,0,1
1,0,0,0,0.04225352112676056,1,1,0.8200000000000001,0.04396492037849065,1,1,0,0,0,0,1,1,1,0,0,0,0,1
1,0,0,1,0.47887323943661975,1,0,0.32,0.18889914608816064,1,0,0,0,0,0,0,0,0,0,0,0,0,1
1,0,0,0,0.3098591549295775,0,1,0.26,0.11285483498730672,0,0,0,0,0,0,0,1,1,0,0,0,1,0
0,1,1,0,0.323943661971831,1,1,0.8600000000000001,0.27867528271405495,1,1,0,0,1,1,0,1,1,0,0,0,1,0
0,1,0,0,0.11267605633802817,1,1,0.81,0.10396953611816294,1,1,0,0,1,0,0,1,1,0,0,1,0,0
1,0,1,0,0.6619718309859155,1,1,0.51,0.39429956150473117,1,0,0,0,0,1,1,0,1,1,0,0,0,1
0,0,1,1,0.8732394366197184,0,0,0.41,0.425686591276252,0,0,0,1,1,1,0,1,1,0,1,0,1,0
0,0,1,0,0.22535211267605634,1,0,0.72,0.16570505423494117,1,1,0,1,1,1,0,0,0,0,0,1,0,0
1,0,1,1,0.5070422535211268,1,0,0.08000000000000002,0.10304638818370646,1,0,1,0,0,0,0,0,0,0,0,0,0,1
0,1,1,0,1.0,1,1,0.8600000000000001,0.8851834756519732,1,1,0,0,1,1,0,1,1,0,1,0,0,0
1,0,0,0,0.8309859154929577,0,1,0.32,0.3472190168474498,0,0,0,0,1,0,0,1,1,0,0,0,1,0
0,0,0,0,0.19718309859154928,1,0,0.6699999999999999,0.13858758366028157,0,1,0,0,0,1,0,1,0,0,0,0,1,0
0,0,1,1,0.056338028169014086,1,0,0.46,0.0343872605585045,1,0,0,1,1,0,1,0,0,0,0,1,0,0
1,0,0,0,0.14084507042253522,1,0,0.33,0.05919686129702285,0,0,0,0,1,0,0,0,0,0,0,0,1,0
1,1,1,0,0.971830985915493,1,1,0.8600000000000001,0.8459496884375721,1,1,0,0,1,0,1,1,1,0,1,0,0,0
0,0,0,0,0.04225352112676056,1,0,0.33,0.021117009000692362,1,0,0,0,0,0,0,0,0,0,0,1,0,0
0,0,1,1,0.5774647887323944,0,0,0.3,0.23240249249942305,0,0,0,1,0,1,1,1,0,0,1,1,0,0
1,0,0,0,0.014084507042253521,1,0,0.020000000000000018,0.002307869836141242,0,0,1,0,0,0,0,0,0,0,0,0,0,1
1,1,0,0,0.9859154929577465,1,1,0.8700000000000001,0.8657973690283868,1,1,0,0,1,1,0,1,1,1,0,0,1,0
0,0,0,0,0.11267605633802817,1,1,0.81,0.10385414262635588,1,1,0,0,1,0,0,1,1,0,0,1,0,0
1,0,1,0,0.323943661971831,1,0,0.48000000000000004,0.1778213708746827,1,0,0,1,1,1,0,0,0,0,0,0,0,1
0,0,1,1,0.9295774647887325,1,1,0.42,0.4540733902607893,0,0,0,1,0,1,1,0,0,0,1,0,0,0
0,0,1,0,0.9154929577464789,1,1,0.8600000000000001,0.7929840756981306,1,1,0,0,1,0,1,1,1,1,0,0,1,0
0,0,1,1,0.295774647887324,1,0,0.020000000000000018,0.05423494114931918,0,0,1,0,0,0,0,0,0,1,0,0,0,0
1,0,0,0,0.19718309859154928,1,1,0.6599999999999999,0.14816524348026772,1,1,0,1,0,1,0,0,0,0,0,1,0,0
1,0,1,1,0.16901408450704225,1,1,0.020000000000000018,0.027232864066466654,0,0,1,0,0,0,0,0,0,0,0,0,0,1
1,0,0,0,0.0,1,1,0.6100000000000001,0.007039003000230788,0,1,0,0,0,0,0,0,1,0,0,0,1,0
1,0,1,1,0.09859154929577466,1,0,0.03,0.013962612508654512,0,0,1,0,0,0,0,0,0,0,0,1,0,0
0,0,0,0,0.295774647887324,0,1,0.25,0.10212324024924996,0,0,0,0,1,1,0,0,1,1,0,0,0,0
0,0,1,0,0.9295774647887325,1,1,0.72,0.6967459035310408,0,1,0,1,1,0,0,0,1,1,0,1,0,0
1,1,1,0,0.971830985915493,1,1,0.74,0.7449803831063928,1,0,0,1,1,1,1,1,1,0,1,0,0,0
1,0,1,0,0.8873239436619719,1,0,0.010000000000000009,0.1373182552504039,0,0,1,0,0,0,0,0,0,0,1,1,0,0
1,0,0,1,0.14084507042253522,1,0,0.020000000000000018,0.023424878836833606,0,0,1,0,0,0,0,0,0,0,0,1,0,0
0,1,1,0,0.0,1,0,0.52,0.006000461573967228,0,1,0,0,0,0,0,0,0,0,0,0,0,1
1,0,1,0,0.7605633802816901,1,0,0.38000000000000006,0.3570274636510501,0,0,0,1,1,0,1,0,0,0,1,0,0,1
0,0,0,0,0.15492957746478872,1,0,0.76,0.13327948303715673,1,1,0,0,0,0,0,1,1,0,0,0,1,0
0,0,1,0,0.323943661971831,1,1,0.8600000000000001,0.29125317332102474,1,1,0,0,1,1,0,1,1,0,0,0,1,0
0,0,1,0,0.26760563380281693,1,1,0.71,0.20793907223632588,0,1,0,0,0,0,0,1,1,0,0,0,0,1
1,1,1,1,0.323943661971831,1,1,0.78,0.2590583891068544,0,1,0,0,0,1,0,1,1,0,1,0,1,0
1,0,0,0,0.02816901408450704,1,0,0.26,0.012000923147934456,0,0,0,0,0,0,0,0,0,0,0,0,1,0
1,0,0,0,0.08450704225352114,1,1,0.6000000000000001,0.05815831987075929,1,1,0,0,1,0,0,0,0,0,0,0,0,0
1,0,0,0,0.5633802816901409,1,1,0.6200000000000001,0.37445188091391646,1,0,0,0,1,1,0,1,1,1,0,0,1,0
1,0,0,0,0.11267605633802817,1,1,0.7,0.08885298869143782,0,1,0,0,0,0,0,1,1,0,0,0,0,1
0,0,0,0,0.7464788732394366,1,1,0.47000000000000003,0.4031848603738749,0,0,0,1,1,0,0,1,0,0,1,0,0,0
0,0,0,0,0.8732394366197184,1,0,0.72,0.6700900069236095,1,1,0,0,1,0,0,0,1,1,0,1,0,0
1,0,0,0,1.0,1,1,0.03,0.161666282021694,0,0,1,0,0,0,0,0,0,0,1,0,0,0
0,0,0,1,0.28169014084507044,1,0,0.27,0.11158550657742905,0,0,0,0,0,0,0,0,0,0,0,0,0,1
1,0,1,0,0.8309859154929577,1,1,0.81,0.6885529656127394,1,1,0,0,1,0,0,1,1,0,0,0,1,0
1,0,1,0,0.6901408450704226,1,1,0.8600000000000001,0.6016616662820217,1,1,0,1,0,1,0,1,1,1,0,0,0,1
0,0,1,1,0.7323943661971831,1,0,0.6699999999999999,0.5305792753288714,1,0,0,1,0,1,1,1,1,0,0,0,1,0
1,0,0,0,0.36619718309859156,1,1,0.76,0.31225478882991003,1,1,0,0,0,0,0,1,1,0,0,0,0,1
0,0,1,1,0.7887323943661972,1,1,0.79,0.6438956842834064,0,1,0,0,1,1,0,1,1,1,0,1,0,0
1,0,1,0,1.0,1,1,0.99,0.9821140087699054,1,1,0,1,1,1,1,1,1,0,1,1,0,0
1,0,0,0,0.1267605633802817,1,0,0.6799999999999999,0.09369951534733442,1,1,0,0,0,0,0,0,1,0,0,0,1,0
1,0,0,1,0.1267605633802817,1,1,0.73,0.10916224324948073,0,1,0,0,0,1,1,1,0,0,0,0,1,0
0,0,1,1,0.8028169014084507,1,1,0.5700000000000001,0.49411493191783984,0,0,0,0,1,0,1,1,1,1,0,1,0,0
1,1,0,0,0.2112676056338028,1,1,0.36000000000000004,0.10050773136395108,1,0,0,1,0,0,0,0,0,0,0,0,1,0
0,0,0,0,0.35211267605633806,1,1,0.33,0.14735748903761828,1,0,0,0,0,0,0,0,0,1,0,1,0,0
1,1,0,0,0.0,1,1,0.56,0.006462035541195477,1,1,0,0,0,0,0,0,0,0,0,0,0,1
1,0,0,0,0.07042253521126761,1,0,0.38000000000000006,0.04281098546042003,0,0,0,1,1,0,0,0,0,0,0,0,1,0
1,1,1,0,0.5915492957746479,1,1,0.8900000000000001,0.5210016155088852,1,1,0,0,0,1,1,1,1,1,0,0,1,0
1,0,0,0,0.7464788732394366,0,0,0.26,0.27129009923840297,0,0,0,1,0,0,1,0,1,1,0,0,0,0
1,0,0,0,0.676056338028169,1,0,0.8200000000000001,0.5653127163627971,0,1,0,0,0,1,1,1,1,0,1,1,0,0
1,1,0,0,1.0,1,1,0.9000000000000001,0.8949919224555735,1,1,0,0,1,1,1,1,1,0,1,0,0,0
1,0,0,1,0.6619718309859155,0,0,0.27,0.24117239787675976,0,0,0,0,1,1,0,0,1,0,0,1,0,0
0,0,0,0,0.22535211267605634,1,1,0.72,0.18393722594045697,0,1,0,0,1,1,0,0,1,0,0,1,0,0
1,0,1,1,0.15492957746478872,1,0,0.010000000000000009,0.024809600738518352,0,0,1,0,0,0,0,0,0,0,0,0,0,1
1,0,0,0,0.7887323943661972,1,0,0.76,0.6288945303484883,1,1,0,0,1,0,1,0,1,1,0,0,1,0
0,0,0,0,0.0,1,1,0.32,0.003692591737825987,0,0,0,0,1,0,0,0,0,0,0,0,1,0
1,0,0,0,0.5774647887323944,1,1,0.020000000000000018,0.10846988229863837,0,0,1,0,0,0,0,0,0,1,0,0,0,1
0,0,0,0,0.295774647887324,1,1,0.76,0.24071082390953152,1,1,0,0,0,0,0,1,1,0,0,1,0,0
0,0,1,1,0.09859154929577466,1,0,0.010000000000000009,0.012347103623355643,0,0,1,0,0,0,0,0,0,0,1,1,0,0
1,0,0,0,0.4366197183098592,1,0,0.6599999999999999,0.31883221786291255,1,1,0,0,0,0,0,1,0,1,0,0,1,0
1,0,1,1,0.09859154929577466,1,0,0.010000000000000009,0.016385875836602816,0,0,1,0,0,0,0,0,0,1,0,0,1,0
1,0,0,0,0.0,1,1,0.37000000000000005,0.004269559196861297,0,0,0,0,0,0,0,0,1,0,0,0,1,0
0,0,0,0,0.16901408450704225,1,1,0.020000000000000018,0.026886683591045464,0,0,1,0,0,0,0,0,0,0,0,0,1,0
0,0,1,1,0.8591549295774649,1,1,0.71,0.6223171013154858,1,1,0,0,0,1,0,1,0,0,1,1,0,0
0,0,0,0,0.5492957746478874,1,1,0.33,0.23932610200784676,0,0,0,0,0,0,1,0,0,0,0,0,1,0
1,0,0,0,0.6901408450704226,1,1,0.6400000000000001,0.48015231940918535,1,0,0,1,0,1,1,1,1,1,0,1,0,0
0,0,0,0,0.0,1,1,0.27,0.0031156242787906763,0,0,0,0,0,0,0,0,0,0,0,0,0,1
0,0,0,0,0.014084507042253521,1,0,0.56,0.015347334410339258,0,1,0,0,1,0,0,0,0,0,0,0,1,0
0,1,1,0,0.04225352112676056,1,1,0.56,0.03323332564043388,1,1,0,0,0,0,0,0,0,0,0,0,0,1
0,0,1,1,0.09859154929577466,1,1,0.25,0.0377336718209093,0,0,0,0,0,0,0,0,0,1,0,0,0,1
1,0,0,0,0.19718309859154928,1,1,0.31,0.07627509808446804,1,0,0,0,0,0,0,0,0,0,0,0,1,0
0,0,0,0,0.056338028169014086,1,1,0.31,0.02284791137779829,0,0,0,0,0,0,1,0,0,0,0,0,1,0
0,0,0,0,0.14084507042253522,1,0,0.020000000000000018,0.022732517885991232,0,0,1,0,0,0,0,0,0,0,0,0,0,1
0,1,0,0,0.47887323943661975,1,1,0.77,0.39879990768520657,1,1,0,0,0,0,0,1,1,0,0,0,1,0
0,0,0,0,0.0,1,0,0.43,0.0049619201477036695,1,0,0,1,1,0,0,0,0,0,0,0,1,0
0,0,0,0,0.8028169014084507,1,0,0.020000000000000018,0.13777982921763213,0,0,1,0,0,0,0,0,0,0,1,0,0,1
0,0,0,0,0.0,1,1,0.56,0.006462035541195477,1,1,0,0,0,0,0,0,0,0,0,0,0,1
1,0,0,0,0.014084507042253521,1,1,0.020000000000000018,0.002423263327948304,0,0,1,0,0,0,0,0,0,0,0,0,0,1
1,0,0,0,0.7042253521126761,1,0,0.020000000000000018,0.11562427879067622,0,0,1,0,0,0,0,0,0,0,1,0,0,0
1,0,0,0,0.056338028169014086,1,1,0.8200000000000001,0.057235171936302794,1,1,0,0,0,1,0,1,1,0,0,0,1,0
0,0,0,1,0.0,1,1,0.75,0.008654511885529657,1,1,0,0,0,0,0,1,1,0,0,0,1,0
0,0,0,0,0.8028169014084507,1,0,0.81,0.657973690283868,0,1,0,1,1,0,0,1,1,1,0,0,0,0
1,0,0,0,0.04225352112676056,1,1,0.020000000000000018,0.005769674590353104,0,0,1,0,0,0,0,0,0,0,0,1,0,0
1,1,1,0,0.6901408450704226,1,0,0.9000000000000001,0.6246249711516271,1,1,0,1,1,1,0,1,1,0,0,0,0,0
0,1,1,0,0.8309859154929577,1,1,0.79,0.6749365335795061,0,1,0,0,1,1,0,1,1,1,0,0,1,0
1,1,0,0,0.18309859154929578,1,1,0.56,0.12439418416801293,1,1,0,0,0,0,0,0,0,0,0,0,1,0
0,0,0,0,0.23943661971830985,1,0,0.6599999999999999,0.17528271405492732,1,1,0,0,0,0,0,1,0,0,0,0,0,0
1,0,0,0,0.1267605633802817,0,0,0.18,0.0410800830833141,0,0,0,0,1,0,1,0,0,0,0,0,1,0
0,0,1,1,0.15492957746478872,1,1,0.03,0.03323332564043388,0,0,1,0,0,0,0,0,0,0,0,0,1,0
0,0,0,0,0.5915492957746479,1,1,0.8200000000000001,0.48384491114701134,1,1,0,0,0,0,1,1,1,1,0,0,1,0
0,0,0,0,0.5915492957746479,0,1,0.17000000000000004,0.16674359566120472,0,0,0,1,0,1,0,0,0,1,0,1,0,0
1,0,0,0,0.9154929577464789,1,1,0.07,0.1921301638587584,1,0,1,0,0,0,0,0,0,0,1,1,0,0
0,0,1,1,0.943661971830986,1,1,0.74,0.7355181167782137,1,0,0,1,1,1,1,1,1,0,1,1,0,0
1,0,1,1,0.7605633802816901,1,1,0.6699999999999999,0.5287329794599585,1,1,0,1,1,0,0,0,0,0,0,0,1,0
0,0,1,1,0.9154929577464789,1,1,0.010000000000000009,0.15301177013616432,0,0,1,0,0,0,0,0,0,0,1,0,0,1
1,0,0,0,0.33802816901408456,1,1,0.5800000000000001,0.22778675282714056,0,0,0,1,0,0,1,1,1,0,0,1,0,0
0,1,0,0,0.7887323943661972,1,0,0.75,0.647011308562197,1,1,0,1,0,0,1,0,1,0,1,0,1,0
0,0,0,0,0.3943661971830986,1,0,0.3,0.15058850680821603,0,0,0,0,0,1,0,0,0,0,0,0,0,0
0,1,0,0,0.0,1,1,0.7,0.008077544426494346,1,1,0,0,0,1,0,1,0,0,0,0,1,0
1,1,0,0,0.0,1,1,0.51,0.005885068082160166,0,1,0,0,0,0,0,0,0,0,0,0,1,0
0,1,1,0,0.6056338028169015,1,0,0.7,0.4493422570966998,1,1,0,0,1,0,0,0,1,1,0,0,0,1
0,0,1,0,0.9859154929577465,1,1,0.6100000000000001,0.6399723055619663,0,0,0,0,1,1,1,1,1,0,1,1,0,0
1,1,1,1,0.9859154929577465,1,0,0.51,0.5728132933302561,1,0,0,1,1,0,0,1,0,1,0,0,1,0
1,0,0,0,0.014084507042253521,1,1,0.41,0.01107777521347796,0,0,0,0,1,0,0,1,0,0,0,0,1,0
1,0,0,0,1.0,1,1,0.9400000000000002,0.9432264020309254,1,1,0,1,1,1,1,1,1,0,1,1,0,0
1,0,1,0,0.3802816901408451,1,1,0.74,0.29817678282944843,0,1,0,1,0,0,0,1,1,0,0,0,0,1
0,0,0,0,0.02816901408450704,1,1,0.32,0.016385875836602816,0,0,0,1,0,0,0,0,0,0,0,0,0,1
0,0,1,1,0.9577464788732395,1,0,0.6200000000000001,0.6374336487422109,0,0,0,1,1,0,1,1,1,0,1,0,0,0
0,0,1,1,0.7183098591549296,1,0,0.010000000000000009,0.11954765751211632,0,0,1,0,0,0,0,0,0,0,1,0,0,1
0,0,0,1,0.0,1,0,0.010000000000000009,0.00011539349180706218,0,0,1,0,0,0,0,0,0,0,0,0,0,1
1,1,1,0,0.19718309859154928,1,1,0.6500000000000001,0.143087929840757,1,1,0,0,0,1,1,0,0,0,0,0,1,0
0,0,0,0,0.23943661971830985,1,1,0.6400000000000001,0.16235864297253635,1,0,0,0,0,1,1,1,1,1,0,1,0,0
1,0,0,1,0.6619718309859155,1,0,0.010000000000000009,0.105931225478883,0,0,1,0,0,0,0,0,0,1,0,0,0,1
1,0,0,1,0.5915492957746479,1,1,0.8800000000000001,0.5208862220170782,0,1,0,1,1,0,1,1,1,1,0,1,0,0
1,0,0,0,0.4084507042253521,1,1,0.37000000000000005,0.17447495961227788,0,0,0,1,1,0,0,0,0,0,0,0,0,0
1,0,0,0,0.14084507042253522,1,0,0.35000000000000003,0.0730440803138703,0,0,0,0,0,1,1,0,0,1,0,0,0,0
1,0,1,1,0.6619718309859155,1,1,0.8700000000000001,0.574544195707362,1,1,0,1,1,0,0,1,1,0,0,1,0,0
0,1,1,1,0.8873239436619719,1,1,0.06,0.176552042464805,1,0,1,0,0,0,0,0,0,0,1,0,0,0
0,0,0,1,0.5352112676056339,0,0,0.27,0.20447726748211403,0,0,0,1,0,0,1,1,0,1,0,0,0,0
1,0,0,1,0.02816901408450704,1,1,0.37000000000000005,0.015693514885760443,0,0,0,1,0,0,1,0,0,0,0,0,0,1
0,0,1,1,0.971830985915493,1,0,0.9600000000000002,0.9028386798984537,1,1,0,1,1,1,1,1,1,0,1,1,0,0
1,0,1,1,0.4084507042253521,0,0,0.33,0.1780521578582968,0,0,0,0,0,0,1,1,1,0,0,1,0,0
0,0,0,0,0.15492957746478872,1,1,0.27,0.05769674590353104,0,0,0,0,0,0,0,0,0,0,0,0,0,0
0,0,1,0,0.7042253521126761,1,1,0.6500000000000001,0.4949226863604893,0,0,0,1,1,1,1,1,1,0,1,1,0,0
0,1,1,0,0.4507042253521127,1,1,0.75,0.3504500346180476,0,1,0,1,1,0,1,0,1,1,0,0,1,0
1,0,0,0,0.11267605633802817,1,1,0.41,0.05908146780521579,0,0,0,0,0,0,1,1,0,0,0,0,0,0
0,0,1,1,0.47887323943661975,1,0,0.010000000000000009,0.07477498269097624,0,0,1,0,0,0,0,0,0,1,0,0,1,0
1,0,0,0,0.11267605633802817,1,0,0.48000000000000004,0.06946688206785138,0,0,0,0,1,0,1,1,0,0,0,0,0,1
1,1,1,0,0.14084507042253522,1,1,0.8600000000000001,0.12866374336487424,1,1,0,0,0,1,1,1,1,0,0,0,0,0
1,0,0,0,0.295774647887324,0,1,0.32,0.12174013385645051,0,0,0,0,0,1,0,1,1,0,0,0,1,0
0,0,0,0,0.0,1,0,0.020000000000000018,0.00023078698361412436,0,0,1,0,0,0,0,0,0,0,0,0,0,1
1,1,1,0,0.7323943661971831,1,0,0.07,0.14504961920147705,1,0,1,0,0,0,0,0,0,0,1,1,0,0
1,0,0,0,0.09859154929577466,1,1,0.6200000000000001,0.07627509808446804,0,1,0,0,0,0,0,1,0,0,0,0,0,0
1,0,1,1,1.0,1,0,0.99,0.9983844911147011,1,1,0,1,1,1,1,1,1,0,1,1,0,0
1,0,1,0,0.9577464788732395,1,0,0.06,0.18728363720286179,1,0,1,0,0,0,0,0,0,0,1,0,0,0
0,0,0,0,0.02816901408450704,1,1,0.51,0.01996307408262174,0,0,0,0,0,0,1,1,1,0,0,0,1,0
1,0,1,1,0.07042253521126761,1,0,0.010000000000000009,0.008769905377336719,0,0,1,0,0,0,0,0,0,1,0,0,0,1
0,0,1,1,0.8732394366197184,1,0,0.010000000000000009,0.14504961920147705,0,0,1,0,0,0,0,0,0,0,1,0,0,1
1,1,1,0,0.22535211267605634,1,1,0.74,0.1841680129240711,1,1,0,0,0,0,0,1,1,0,0,0,1,0
1,0,1,1,0.5211267605633804,1,0,0.020000000000000018,0.08804523424878838,0,0,1,0,0,0,0,0,0,0,0,0,0,1
0,0,1,1,0.8169014084507042,1,0,0.010000000000000009,0.1354719593814909,0,0,1,0,0,0,0,0,0,0,1,1,0,0
0,0,0,0,0.09859154929577466,0,1,0.07,0.019386106623586433,0,0,0,0,0,0,0,0,0,0,0,1,0,0
1,0,1,1,0.19718309859154928,1,1,0.07,0.043387952919455346,1,0,1,0,0,0,0,0,0,0,0,0,1,0
1,0,0,0,0.4084507042253521,1,1,0.3,0.17516732056312026,0,0,0,1,0,0,0,0,0,0,0,0,0,1
0,0,0,1,0.056338028169014086,1,0,0.020000000000000018,0.012000923147934456,0,0,1,0,0,0,0,0,0,0,0,1,0,0
0,0,1,1,0.19718309859154928,1,1,0.020000000000000018,0.03115624278790676,0,0,1,0,0,0,0,0,0,0,0,0,1,0
0,0,1,1,1.0,1,0,0.08000000000000002,0.2115162704823448,1,0,1,0,0,0,0,0,0,0,1,0,0,1
1,0,1,0,0.5070422535211268,1,0,0.5,0.2839833833371798,1,0,0,1,0,1,1,0,0,1,0,1,0,0
1,0,0,0,0.5774647887323944,1,0,0.55,0.3625663512577891,0,0,0,1,1,1,1,0,1,1,0,1,0,0
0,0,0,0,0.5915492957746479,1,0,0.010000000000000009,0.09900761597045928,0,0,1,0,0,0,0,0,0,0,1,0,0,1
1,0,1,1,0.47887323943661975,1,1,0.010000000000000009,0.08319870759289177,0,0,1,0,0,0,0,0,0,0,1,0,0,1
1,0,1,1,0.9154929577464789,1,0,0.71,0.6854373413339487,1,0,0,1,1,1,1,1,1,0,1,1,0,0
0,0,1,1,0.33802816901408456,1,1,0.37000000000000005,0.1670897761366259,1,0,0,0,0,0,1,0,0,1,0,0,0,1
0,1,0,0,0.4507042253521127,1,1,0.06,0.09566120470805448,1,0,1,0,0,0,0,0,0,1,0,0,0,0
0,0,1,1,0.9859154929577465,1,0,0.6699999999999999,0.6936302792522502,0,0,0,1,1,1,1,1,1,0,1,0,0,0
0,0,0,0,0.0,1,1,0.51,0.005885068082160166,0,1,0,0,0,0,0,0,0,0,0,0,1,0
1,0,1,0,1.0,1,1,0.9000000000000001,0.9214170320793907,1,1,0,0,1,1,1,1,1,1,0,0,0,0
0,0,0,0,0.4084507042253521,1,1,0.37000000000000005,0.18866835910454652,0,0,0,1,0,1,0,0,0,0,1,0,0,1
1,0,1,1,0.18309859154929578,1,0,0.6200000000000001,0.12912531733210247,1,0,0,0,1,0,1,1,1,0,0,1,0,0
0,0,1,1,0.014084507042253521,1,0,0.020000000000000018,0.0018462958689129932,0,0,1,0,0,0,0,0,0,1,0,0,0,1
0,0,0,0,0.02816901408450704,0,1,0.18,0.010385414262635588,0,0,0,0,1,0,1,0,0,0,0,0,0,1
1,0,0,0,0.0,1,1,0.77,0.008885298869143781,0,1,0,1,0,0,0,1,1,0,0,0,1,0
1,0,1,1,0.8591549295774649,0,0,0.3,0.34502654050311565,0,0,0,1,1,0,1,1,0,0,1,0,0,0
1,0,1,1,0.7323943661971831,1,1,0.9000000000000001,0.6827832910223863,0,1,0,0,1,1,1,1,1,0,0,0,0,0
1,0,1,1,0.8028169014084507,1,1,0.010000000000000009,0.1315485806600508,0,0,1,0,0,0,0,0,0,0,1,0,0,1
1,0,1,1,0.36619718309859156,1,0,0.48000000000000004,0.21417032079390724,0,0,0,1,1,1,1,0,0,1,0,0,0,1
1,0,0,0,0.02816901408450704,1,1,0.56,0.02538656819755366,0,1,0,0,0,1,0,0,0,0,0,0,0,1
1,0,1,1,0.7605633802816901,1,1,0.6699999999999999,0.535310408492961,1,0,0,1,0,1,1,1,1,0,1,0,0,0
0,0,1,0,0.7183098591549296,1,1,0.8800000000000001,0.6310870066928225,0,1,0,1,1,1,1,1,1,0,1,0,1,0
0,0,0,0,0.23943661971830985,1,0,0.51,0.13627971382414034,1,0,0,1,0,1,0,1,0,0,0,0,0,1
1,1,0,0,0.014084507042253521,1,1,0.6599999999999999,0.019386106623586433,1,1,0,0,0,0,0,0,1,0,0,0,1,0
1,0,0,0,0.5915492957746479,1,1,0.010000000000000009,0.08781444726517425,0,0,1,0,0,0,0,0,0,0,1,0,0,0
1,0,1,1,0.0,1,0,0.010000000000000009,0.00011539349180706218,0,0,1,0,0,0,0,0,0,0,0,0,1,0
1,1,0,0,0.02816901408450704,0,0,0.07,0.0068082160166166635,0,0,0,0,0,0,0,0,0,0,0,0,1,0
0,0,1,0,0.7183098591549296,1,0,0.43,0.36360489268405266,1,0,0,0,1,0,1,0,0,0,0,0,0,0
0,0,0,0,0.04225352112676056,1,1,0.55,0.030233094853450264,0,1,0,0,0,1,0,0,0,0,0,0,1,0
0,0,1,1,0.943661971830986,1,1,0.8700000000000001,0.8256404338795292,0,1,0,1,1,1,0,1,1,0,1,0,0,0
1,0,1,0,0.8309859154929577,0,0,0.42,0.4136856681283176,0,0,0,0,1,1,1,1,1,0,1,1,0,0
1,0,1,0,0.971830985915493,1,1,0.6599999999999999,0.6807062081698592,1,0,0,0,1,1,1,1,1,0,1,0,0,0
0,0,0,0,0.323943661971831,1,1,0.76,0.26586660512347104,1,1,0,0,0,0,0,1,1,0,0,0,1,0
1,0,0,0,0.5633802816901409,1,0,0.020000000000000018,0.09427648280636973,0,0,1,0,0,0,0,0,0,0,1,0,0,1
0,1,1,0,0.9577464788732395,1,1,0.9000000000000001,0.8423724901915531,1,1,0,0,1,1,1,1,1,0,1,0,0,0
0,0,1,1,0.943661971830986,1,1,0.010000000000000009,0.14828063697207478,0,0,1,0,0,0,0,0,0,0,1,0,0,0
1,0,1,0,0.9859154929577465,1,1,0.8600000000000001,0.853219478421417,1,1,0,1,0,1,0,1,1,1,0,1,0,0
1,0,0,0,0.647887323943662,1,1,0.47000000000000003,0.33014078006000463,1,0,0,1,0,1,1,0,0,0,1,0,0,1
0,0,1,1,0.8309859154929577,1,0,0.020000000000000018,0.13697207477498272,0,0,1,0,0,0,0,0,0,0,1,0,0,1
0,0,1,0,0.5915492957746479,1,1,0.6599999999999999,0.4063004846526656,0,1,0,1,0,1,1,0,0,1,0,0,0,0
1,0,0,0,0.14084507042253522,1,1,0.39999999999999997,0.0672744057235172,1,0,0,0,0,0,0,0,1,0,0,0,0,1
0,0,0,0,0.0,1,1,0.020000000000000018,0.00023078698361412436,0,0,1,0,0,0,0,0,0,0,0,0,0,1
1,0,0,0,0.07042253521126761,1,1,0.72,0.058042926378952225,1,1,0,0,1,0,0,1,0,0,0,0,1,0
0,0,1,1,0.9295774647887325,1,1,0.020000000000000018,0.1607431340872375,0,0,1,0,0,0,0,0,0,0,1,0,0,1
0,0,0,0,0.7323943661971831,0,0,0.36000000000000004,0.34929609969997694,0,0,0,0,0,1,1,1,1,1,0,1,0,0
0,0,1,1,0.36619718309859156,1,1,0.5700000000000001,0.22051696284329567,1,1,0,0,0,0,0,0,0,0,0,0,0,0
0,1,0,0,0.9014084507042254,1,1,0.9200000000000002,0.8340641587814447,1,1,0,1,0,1,1,1,1,0,1,0,1,0
0,0,0,0,0.02816901408450704,0,1,0.10999999999999999,0.009000692360950843,0,0,0,0,0,0,1,0,0,0,0,0,1,0
1,0,1,0,1.0,1,1,0.79,0.7905608123701823,1,1,0,0,1,0,0,1,1,0,1,1,0,0
0,0,0,0,0.0,1,1,0.51,0.005885068082160166,0,1,0,0,0,0,0,0,0,0,0,0,1,0
1,0,1,0,0.18309859154929578,1,0,0.020000000000000018,0.03161781675513501,0,0,1,0,0,0,0,0,0,0,1,0,0,1
0,0,1,1,1.0,1,0,0.020000000000000018,0.15958919916916686,0,0,1,0,0,0,0,0,0,0,1,0,0,0
0,0,0,0,0.943661971830986,1,1,0.8400000000000001,0.8228709900761597,1,1,0,1,1,1,0,0,1,0,1,0,0,0
1,1,0,0,0.6338028169014085,1,1,0.51,0.37352873297946,1,0,0,0,0,1,1,0,1,1,0,1,0,0
1,0,0,0,0.02816901408450704,1,0,0.020000000000000018,0.005423494114931918,0,0,1,0,0,0,0,0,0,0,0,0,1,0
0,0,1,0,1.0,1,1,0.8800000000000001,0.8708746826678975,1,1,0,0,1,1,0,1,1,0,1,0,0,0
0,1,0,0,0.2112676056338028,0,1,0.21000000000000002,0.07627509808446804,0,0,0,0,1,0,0,1,0,0,0,0,0,1
1,0,1,1,0.8450704225352113,1,0,0.010000000000000009,0.14920378490653127,0,0,1,0,0,0,0,0,0,0,1,1,0,0
0,0,1,1,0.4084507042253521,1,0,0.03,0.07996768982229403,0,0,1,0,0,0,0,0,0,0,1,0,0,1
0,0,1,0,0.2112676056338028,1,0,0.6200000000000001,0.15035771982460192,0,1,0,1,1,0,0,0,0,0,0,0,0,0
1,0,0,0,0.943661971830986,1,0,0.010000000000000009,0.16420493884144935,0,0,1,0,0,0,0,0,0,0,1,1,0,0
1,0,0,0,0.0,1,0,0.73,0.008423724901915532,0,1,0,0,1,0,1,1,0,0,0,0,1,0
1,0,0,0,0.07042253521126761,1,1,0.32,0.03115624278790676,0,0,0,0,0,0,1,0,0,0,0,0,0,0
1,0,1,0,0.8873239436619719,1,0,0.07,0.1957073621047773,1,0,1,0,0,0,0,0,0,0,1,0,0,1
1,0,0,0,0.1267605633802817,1,1,0.6200000000000001,0.09554581121624742,0,1,0,0,0,0,0,0,1,0,0,0,0,0
1,0,1,0,0.971830985915493,1,0,0.6799999999999999,0.6845141933994923,0,0,0,1,1,1,1,1,1,0,1,1,0,0
0,0,0,0,0.02816901408450704,1,1,0.55,0.024694207246711286,0,1,0,0,0,1,0,0,0,0,0,1,0,0
1,0,0,1,0.0,1,0,0.36000000000000004,0.004154165705054235,0,0,0,1,0,0,1,0,0,0,0,0,1,0
1,0,1,1,0.8591549295774649,1,1,0.52,0.48984537272097856,0,0,0,1,0,1,1,1,0,1,0,0,0,0
0,0,0,0,0.014084507042253521,1,0,0.28,0.00715439649203785,0,0,0,0,0,0,0,0,0,0,0,0,0,0
0,0,1,1,0.49295774647887325,1,0,0.35000000000000003,0.22167089776136628,0,0,0,1,1,0,0,0,0,1,0,0,0,1
0,1,1,0,0.9859154929577465,0,1,0.34,0.43237941380106165,0,0,0,0,1,1,0,1,1,0,0,0,0,0
0,0,1,1,0.28169014084507044,0,1,0.08000000000000002,0.06312024001846296,0,0,0,0,0,0,0,0,0,0,0,0,1,0
1,0,0,0,0.49295774647887325,1,0,0.010000000000000009,0.06946688206785138,0,0,1,0,0,0,0,0,0,1,0,0,0,1
0,0,0,0,0.22535211267605634,1,1,0.77,0.1871682437110547,1,1,0,0,0,1,1,0,1,0,0,0,0,0
1,0,1,0,0.33802816901408456,1,1,0.08000000000000002,0.0825063466420494,1,0,1,0,0,0,0,0,0,1,0,0,0,1
0,0,0,0,0.02816901408450704,1,0,0.6599999999999999,0.025040387722132476,0,1,0,0,1,0,0,0,1,0,0,0,1,0
1,0,0,0,0.02816901408450704,1,0,0.6699999999999999,0.029309946918993766,0,1,0,0,0,0,1,0,1,0,0,0,1,0
0,0,1,1,0.6901408450704226,1,0,0.36000000000000004,0.2995615047311332,1,0,0,0,0,1,0,0,0,1,0,0,0,0
1,0,0,1,0.295774647887324,0,1,0.31,0.1168936072005539,0,0,0,0,0,1,0,1,1,1,0,1,0,0
0,1,1,0,0.8309859154929577,1,1,0.8600000000000001,0.7294022617124394,1,1,0,0,1,1,0,1,1,1,0,0,1,0
1,0,0,0,0.15492957746478872,1,1,0.31,0.06842834064158783,0,0,0,0,1,0,0,0,0,0,0,0,1,0
1,0,0,0,0.2112676056338028,1,0,0.54,0.13570274636510501,1,1,0,0,0,0,0,0,0,0,0,0,1,0
0,0,0,0,0.4084507042253521,1,0,0.010000000000000009,0.07004384952688669,0,0,1,0,0,0,0,0,0,1,0,0,0,1
1,0,1,0,0.943661971830986,1,0,0.46,0.4971151627048235,0,0,0,0,1,0,1,1,0,0,1,0,0,0
0,1,0,0,0.9859154929577465,1,0,0.8700000000000001,0.8497576736672051,1,1,0,0,1,0,1,1,1,1,0,0,0,0
1,0,1,1,0.3802816901408451,1,0,0.31,0.16062774059543042,1,0,0,0,0,0,0,0,0,0,0,0,0,1
1,0,0,0,0.971830985915493,1,1,0.9300000000000002,0.8907223632587122,1,1,0,1,1,1,0,1,1,0,1,0,0,1
1,0,1,1,0.3098591549295775,1,1,0.39000000000000007,0.1458573736441265,0,0,0,1,1,0,1,0,0,1,0,0,0,1
1,0,1,1,0.1267605633802817,1,1,0.37000000000000005,0.06150473113316409,0,0,0,0,1,1,0,0,0,0,0,0,0,1
1,1,1,1,0.3802816901408451,0,1,0.17000000000000004,0.1102007846757443,0,0,0,0,0,0,0,1,0,0,0,0,1,0
0,1,0,0,0.323943661971831,1,0,0.52,0.19778444495730443,0,1,0,0,0,0,0,0,0,0,0,1,0,0
1,0,0,0,0.04225352112676056,1,1,0.6200000000000001,0.035310408492961,1,1,0,0,1,0,0,0,0,0,0,0,0,1
1,1,1,0,0.971830985915493,1,1,0.9500000000000002,0.8880683129471497,1,1,0,1,1,1,1,1,1,0,1,0,1,0
0,0,0,0,0.36619718309859156,1,1,0.010000000000000009,0.05896607431340872,0,0,1,0,0,0,0,0,0,0,0,0,1,0
1,0,1,1,0.7042253521126761,0,0,0.16000000000000003,0.20355411954765754,0,0,0,1,0,0,1,0,0,0,1,0,0,0
0,0,0,1,0.7605633802816901,1,0,0.010000000000000009,0.11343180244634203,0,0,1,0,0,0,0,0,0,1,0,0,0,0
0,0,0,0,0.014084507042253521,0,1,0.07,0.0043849526886683594,0,0,0,0,0,0,0,0,0,0,0,0,1,0
0,0,0,0,0.33802816901408456,1,1,0.010000000000000009,0.05746595891991692,0,0,1,0,0,0,0,0,0,1,0,0,0,0
0,0,1,0,0.3943661971830986,0,1,0.27,0.1516270482344796,0,0,0,0,0,0,0,1,1,0,0,0,1,0
0,0,1,1,0.8028169014084507,1,1,0.8700000000000001,0.6907454419570735,1,1,0,0,0,1,1,1,1,1,0,0,0,0
0,0,0,0,0.23943661971830985,1,0,0.010000000000000009,0.0453496422801754,0,0,1,0,0,0,0,0,0,1,0,0,0,1
0,0,1,1,0.9577464788732395,1,1,0.77,0.767712900992384,0,1,0,0,0,0,1,1,1,0,1,1,0,0
0,0,1,1,1.0,1,0,0.9200000000000002,0.9120701592430187,1,1,0,0,1,1,1,1,1,0,1,1,0,0
1,0,1,0,0.647887323943662,1,0,0.010000000000000009,0.10420032310177707,0,0,1,0,0,0,0,0,0,0,1,0,0,0
1,0,0,0,0.23943661971830985,1,1,0.81,0.20286175859681516,1,1,0,0,0,0,1,1,1,0,0,0,0,0
0,0,1,1,1.0,1,0,0.03,0.1702054004154166,0,0,1,0,0,0,0,0,0,0,1,0,0,0
1,0,0,0,0.6619718309859155,1,1,0.8400000000000001,0.5638126009693053,0,1,0,1,0,1,1,1,1,0,1,1,0,0
1,0,1,0,0.8591549295774649,1,1,0.8600000000000001,0.7610200784675745,0,1,0,1,0,1,1,1,1,1,0,0,1,0
1,0,0,0,0.647887323943662,1,0,0.76,0.5304638818370644,1,1,0,1,0,1,0,1,0,1,0,1,0,0
1,1,0,0,0.07042253521126761,1,0,0.56,0.048003692591737826,0,1,0,0,0,1,0,0,0,0,0,0,1,0
0,0,1,1,0.4225352112676057,1,0,0.07,0.08504500346180477,1,0,1,0,0,0,0,0,0,0,1,0,0,1
1,0,1,0,0.28169014084507044,1,1,0.6799999999999999,0.20655435033464115,1,1,0,0,0,0,0,0,1,0,0,0,1,0
1,0,1,0,0.5352112676056339,1,1,0.8600000000000001,0.47495961227786754,0,1,0,1,0,1,1,1,1,1,0,1,0,0
1,0,0,0,0.014084507042253521,1,1,0.52,0.014770366951303947,0,0,0,1,0,0,0,1,1,0,0,0,1,0
0,0,1,1,1.0,1,1,0.07,0.20540041541657053,1,0,1,0,0,0,0,0,0,0,1,0,0,0
0,0,0,0,0.35211267605633806,1,1,0.6699999999999999,0.24555735056542813,0,1,0,0,1,0,0,1,0,0,0,0,1,0
0,0,0,0,0.7323943661971831,1,0,0.010000000000000009,0.11908608354488807,0,0,1,0,0,0,0,0,0,0,1,1,0,0
0,0,1,1,0.3098591549295775,1,0,0.010000000000000009,0.04708054465728133,0,0,1,0,0,0,0,0,0,0,1,1,0,0
1,0,0,0,0.15492957746478872,1,1,0.36000000000000004,0.07339026078929149,0,0,0,0,1,0,1,0,0,0,0,0,1,0
1,1,1,0,0.9295774647887325,1,1,0.8700000000000001,0.8186014308792984,1,1,0,1,1,0,0,1,1,1,0,0,1,0
0,1,1,1,0.943661971830986,1,1,0.8900000000000001,0.849411493191784,1,1,0,0,0,1,1,1,1,1,0,1,0,0
1,0,1,1,0.7746478873239437,1,1,0.010000000000000009,0.12704823447957536,0,0,1,0,0,0,0,0,0,0,1,1,0,0
0,0,0,0,0.9154929577464789,0,0,0.10999999999999999,0.226748211400877,0,0,0,0,0,0,1,0,0,1,0,1,0,0
0,0,1,1,0.9014084507042254,1,1,0.56,0.5541195476575121,0,0,0,1,0,0,1,1,1,0,1,0,0,0
1,0,1,1,0.8450704225352113,1,1,0.010000000000000009,0.13431802446342028,0,0,1,0,0,0,0,0,0,0,0,0,0,1
0,1,1,0,1.0,1,0,0.8,0.797484421878606,1,1,0,0,1,0,0,1,1,0,1,0,0,0
0,0,0,0,0.7887323943661972,0,0,0.35000000000000003,0.35448880683129474,0,0,0,0,0,1,1,1,1,0,1,1,0,0
1,0,0,0,0.0,1,1,0.52,0.006000461573967228,0,1,0,0,0,0,0,0,0,0,0,0,1,0
0,0,1,1,0.295774647887324,1,1,0.39000000000000007,0.1445880452342488,0,0,0,1,1,0,1,0,0,0,0,0,0,1
0,0,0,0,0.04225352112676056,1,0,0.07,0.009577659819986152,1,0,1,0,0,0,0,0,0,0,0,0,0,1
1,0,0,0,0.3943661971830986,1,0,0.07,0.07892914839603048,1,0,1,0,0,0,0,0,0,0,0,0,1,0
0,0,0,0,0.4084507042253521,1,1,0.79,0.34652665589660747,0,1,0,0,1,0,0,1,1,1,0,0,0,0
0,0,1,1,0.49295774647887325,1,0,0.010000000000000009,0.0849296099699977,0,0,1,0,0,0,0,0,0,0,1,1,0,0
0,0,0,1,0.02816901408450704,1,0,0.73,0.027579044541887837,1,1,0,0,0,1,0,0,1,0,0,0,1,0
0,0,0,0,0.0,1,0,0.31,0.003577198246018925,0,0,0,0,0,0,1,0,0,0,0,1,0,0
1,0,1,0,0.943661971830986,1,0,0.07,0.21843987999076853,1,0,1,0,0,0,0,0,0,0,1,1,0,0
0,0,1,0,0.4225352112676057,1,1,0.72,0.33591045465035774,1,1,0,1,1,0,1,0,0,0,0,1,0,0
1,0,1,1,0.19718309859154928,1,0,0.020000000000000018,0.03657973690283868,0,0,1,0,0,0,0,0,0,1,0,1,0,0
0,0,0,0,0.323943661971831,1,1,0.6599999999999999,0.23424878836833604,1,1,0,0,1,1,0,0,0,0,0,0,0,0
1,0,1,1,0.943661971830986,1,1,0.6500000000000001,0.6594738056773598,1,1,0,0,1,0,1,0,0,1,0,0,0,0
1,0,1,1,1.0,1,1,0.6500000000000001,0.6855527348257558,1,0,0,1,1,1,0,1,1,0,1,1,0,0
1,1,0,0,0.9859154929577465,1,1,0.81,0.8000230786983614,1,1,0,0,1,0,0,1,1,0,0,1,0,0
1,0,1,1,0.47887323943661975,1,1,0.8800000000000001,0.43134087237479807,0,1,0,1,0,1,1,1,1,0,0,0,1,0
1,0,1,1,0.676056338028169,1,0,0.8200000000000001,0.5680821601661666,1,1,0,0,1,0,0,1,1,1,0,0,0,1
0,0,1,0,0.6338028169014085,0,0,0.22000000000000003,0.21047772905608125,0,0,0,1,0,1,1,0,0,0,1,1,0,0
1,0,1,1,0.22535211267605634,1,0,0.7,0.16639741518578355,1,1,0,0,0,1,0,1,0,0,0,0,1,0
0,0,1,1,0.3098591549295775,1,0,0.41,0.16108931456265868,1,0,0,0,1,0,1,0,0,0,1,0,0,1
1,0,0,0,0.04225352112676056,1,1,0.76,0.04258019847680591,0,1,0,1,0,1,1,0,1,0,0,0,0,0
1,1,0,0,0.0,1,1,0.55,0.006346642049388415,0,1,0,0,1,0,0,0,0,0,0,0,1,0
1,0,1,0,0.8450704225352113,1,1,0.8800000000000001,0.776944380336949,1,1,0,0,0,1,1,1,1,0,0,0,1,0
1,0,0,0,0.23943661971830985,1,1,0.56,0.1531271636279714,1,1,0,0,0,0,0,0,0,0,0,0,1,0
0,0,0,0,0.0,1,0,0.56,0.006462035541195477,0,1,0,0,0,0,1,0,0,0,0,0,1,0
1,0,1,1,1.0,1,1,0.6100000000000001,0.6511654742672514,1,0,0,1,1,1,1,0,1,0,1,0,0,0
1,0,0,0,0.08450704225352114,1,0,0.020000000000000018,0.016847449803831065,0,0,1,0,0,0,0,0,0,0,0,0,0,1
1,1,1,0,0.7605633802816901,1,0,0.72,0.579967689822294,1,1,0,0,1,1,1,0,0,0,0,0,1,0
0,0,1,0,0.9859154929577465,1,0,0.6500000000000001,0.7048234479575352,1,0,0,1,0,1,1,1,1,0,1,0,1,0
1,0,0,0,0.3098591549295775,1,1,0.5700000000000001,0.20309254558042927,0,1,0,1,0,0,0,0,0,0,0,0,0,0
1,0,0,0,0.0,1,0,0.6699999999999999,0.007731363951073159,1,1,0,0,0,0,0,0,1,0,0,0,0,1
1,0,0,0,0.8591549295774649,1,1,0.47000000000000003,0.4417262866374337,0,0,0,1,0,0,1,0,1,0,1,0,0,1
1,1,1,0,0.8309859154929577,1,1,0.8700000000000001,0.7365566582044772,1,1,0,0,1,1,0,1,1,0,0,0,1,0
0,1,1,1,0.295774647887324,0,0,0.22000000000000003,0.09946918993768752,0,0,0,1,0,0,0,0,1,0,0,0,0,1
1,0,0,0,0.0,1,1,0.42,0.004846526655896607,1,0,0,0,0,0,0,0,1,0,0,0,1,0
1,1,0,0,0.22535211267605634,1,1,0.71,0.17055158089083777,0,1,0,0,1,1,0,1,0,0,0,0,1,0
0,0,1,1,0.4225352112676057,1,0,0.71,0.3236787445188092,1,1,0,1,0,1,1,0,0,0,0,0,1,0
0,0,1,1,0.25352112676056343,1,0,0.020000000000000018,0.04569582275559658,0,0,1,0,0,0,0,0,0,0,0,0,0,1
1,0,1,0,0.4084507042253521,1,0,0.52,0.2515578121393954,0,0,0,0,1,1,1,0,1,1,0,0,0,0
0,0,0,0,0.08450704225352114,1,1,0.56,0.0544657281329333,0,1,0,0,0,1,0,0,0,0,0,0,1,0
1,0,0,0,0.28169014084507044,1,1,0.81,0.22363258712208633,0,1,0,0,1,0,1,1,1,0,0,0,0,0
0,0,0,1,0.07042253521126761,1,0,0.76,0.06427417493653359,0,1,0,0,0,1,0,1,1,0,0,0,0,1
0,0,1,0,0.971830985915493,1,1,0.7,0.6886683591045465,1,1,0,1,1,0,1,0,0,0,1,1,0,0
1,0,0,0,0.5211267605633804,1,1,0.06,0.10339256865912763,1,0,1,0,0,0,0,0,0,1,0,0,1,0
1,0,1,0,1.0,1,1,0.8500000000000001,0.869836141241634,1,1,0,1,1,1,1,1,0,0,1,0,0,0
1,0,0,0,0.676056338028169,1,0,0.49000000000000005,0.37941380106162015,0,0,0,1,1,1,1,0,0,0,1,0,0,0
1,0,0,0,0.36619718309859156,1,1,0.010000000000000009,0.06265866605123471,0,0,1,0,0,0,0,0,0,0,1,0,0,1
1,0,0,1,0.6901408450704226,1,1,0.52,0.3992614816524348,0,0,0,1,0,1,1,1,0,1,0,1,0,0
0,0,0,0,0.056338028169014086,1,0,0.6000000000000001,0.04708054465728133,0,1,0,0,0,0,0,0,1,0,0,0,0,1
0,0,0,0,0.25352112676056343,1,1,0.37000000000000005,0.11862450957765983,0,0,0,0,0,1,1,0,0,0,0,1,0,0
0,0,1,0,0.619718309859155,1,0,0.35000000000000003,0.26286637433648746,0,0,0,1,0,1,0,0,0,0,1,1,0,0
0,0,1,1,0.8591549295774649,1,0,0.9700000000000002,0.8240249249942303,1,1,0,1,1,1,1,1,1,0,1,0,0,0
0,0,0,0,0.16901408450704225,1,0,0.020000000000000018,0.028848372951765525,0,0,1,0,0,0,0,0,0,0,1,1,0,0
0,0,1,0,0.4225352112676057,1,0,0.7,0.30752365566582046,1,1,0,0,0,1,0,1,0,0,0,1,0,0
1,0,1,0,0.7464788732394366,1,0,0.020000000000000018,0.1250865451188553,0,0,1,0,0,0,0,0,0,0,1,1,0,0
1,0,0,0,0.49295774647887325,1,1,0.81,0.41507039003000235,1,1,0,0,1,0,0,1,1,0,0,0,1,0
1,0,0,0,0.9295774647887325,1,1,0.6699999999999999,0.6572813293330256,1,0,0,1,0,1,1,1,1,0,1,0,0,1
0,0,1,1,0.04225352112676056,1,1,0.6599999999999999,0.04073390260789291,1,1,0,0,1,1,0,0,0,0,0,0,0,0
1,0,0,0,0.4225352112676057,1,0,0.69,0.31225478882991003,0,1,0,1,0,1,1,0,0,0,0,0,1,0
1,1,1,0,0.6619718309859155,1,0,0.99,0.6254327255942764,1,1,0,1,1,1,1,1,1,0,0,0,1,0
0,0,0,0,0.02816901408450704,1,0,0.010000000000000009,0.005308100623124856,0,0,1,0,0,0,0,0,0,0,0,0,0,1
0,1,0,0,0.2112676056338028,1,1,0.56,0.14343411031617817,1,1,0,0,0,0,0,0,0,0,0,0,0,0
1,0,1,1,0.7042253521126761,1,1,0.6100000000000001,0.46157396722824834,0,1,0,1,1,0,0,0,0,0,0,0,0,0
0,0,0,1,0.0,0,1,0.07,0.0008077544426494348,0,0,0,0,0,0,0,0,0,0,0,0,1,0
1,0,1,0,0.9154929577464789,1,0,0.48000000000000004,0.5021924763443342,1,0,0,1,1,1,0,0,0,0,1,0,0,0
0,0,0,0,0.0,1,0,0.010000000000000009,0.00011539349180706218,0,0,1,0,0,0,0,0,0,0,0,0,0,1
1,0,1,1,0.971830985915493,1,0,0.06,0.1923609508423725,1,0,1,0,0,0,0,0,0,0,1,0,0,0
0,0,1,1,0.49295774647887325,1,1,0.45,0.25040387722132473,0,0,0,1,0,1,0,0,1,1,0,1,0,0
1,0,1,0,0.5070422535211268,1,0,0.54,0.30463881837064394,1,0,0,0,1,0,1,0,1,1,0,0,0,1
0,0,0,0,0.7323943661971831,1,0,0.010000000000000009,0.11077775213477961,0,0,1,0,0,0,0,0,0,0,1,0,0,0
0,0,1,0,0.0,1,1,0.51,0.005885068082160166,0,1,0,0,0,0,0,0,0,0,0,0,1,0
1,0,1,0,1.0,1,1,0.74,0.7809831525501961,1,0,0,1,1,1,1,1,1,0,1,0,1,0
1,0,0,0,0.9859154929577465,1,1,0.8800000000000001,0.838333717978306,1,1,0,1,1,1,0,1,1,0,1,1,0,0
1,1,1,0,0.33802816901408456,1,1,0.51,0.20009231479344566,1,0,0,1,0,0,1,1,0,0,0,1,0,0
0,0,0,0,0.0,1,1,0.71,0.008192937918301408,0,1,0,0,0,0,0,1,1,0,0,0,1,0
1,0,0,0,0.943661971830986,1,1,0.36000000000000004,0.421878606046619,0,0,0,1,0,1,0,0,0,1,0,1,0,0
1,0,1,1,1.0,1,0,0.06,0.195130394645742,1,0,1,0,0,0,0,0,0,0,1,0,0,0
0,0,0,1,0.014084507042253521,1,0,0.020000000000000018,0.0027694438033694898,0,0,1,0,0,0,0,0,0,0,0,0,0,1
0,0,0,0,0.1267605633802817,1,0,0.07,0.026886683591045464,1,0,1,0,0,0,0,0,0,0,1,0,0,0
1,0,0,0,0.14084507042253522,1,0,0.5800000000000001,0.09462266328179092,0,1,0,1,0,0,0,0,0,0,0,0,1,0
0,1,0,0,0.014084507042253521,1,1,0.56,0.016962843295638123,0,1,0,0,1,0,0,0,0,0,0,0,1,0
0,0,1,0,0.6619718309859155,1,1,0.78,0.5140780060004615,1,1,0,1,1,1,0,1,0,0,1,0,0,0
1,0,0,0,0.014084507042253521,1,1,0.37000000000000005,0.009693053311793215,0,0,0,0,1,0,1,0,0,0,0,1,0,0
1,0,1,0,0.2112676056338028,1,1,0.76,0.1665128086775906,0,1,0,0,1,0,0,1,1,0,0,0,0,0
0,0,0,0,0.11267605633802817,1,0,0.26,0.04765751211631664,0,0,0,0,0,0,0,0,0,0,0,0,0,1
0,0,0,0,0.014084507042253521,1,0,0.020000000000000018,0.0020770828525271175,0,0,1,0,0,0,0,0,0,0,0,0,0,1
1,0,1,1,0.7605633802816901,1,1,0.07,0.15808908377567507,1,0,1,0,0,0,0,0,0,0,1,1,0,0
1,0,0,0,0.6901408450704226,1,0,0.010000000000000009,0.1159704592660974,0,0,1,0,0,0,0,0,0,0,1,1,0,0
1,0,0,0,0.014084507042253521,1,0,0.020000000000000018,0.0019616893607200554,0,0,1,0,0,0,0,0,0,0,0,1,0,0
1,0,1,0,1.0,1,0,0.9400000000000002,0.9170320793907224,1,1,0,1,1,1,1,1,1,0,1,1,0,0
1,0,0,0,0.49295774647887325,1,0,0.37000000000000005,0.2219016847449804,1,0,0,0,0,1,0,0,0,1,0,0,1,0
1,0,1,1,0.0,0,0,0.12,0.0013847219016847449,0,0,0,1,0,0,0,0,0,0,0,0,0,0
0,0,0,0,0.36619718309859156,1,0,0.51,0.22028617585968152,0,0,0,1,0,1,1,1,0,1,0,1,0,0
1,0,1,0,0.3943661971830986,1,1,0.010000000000000009,0.058042926378952225,0,0,1,0,0,0,0,0,0,0,1,0,0,1
1,0,1,1,1.0,0,0,0.37000000000000005,0.4456496653588738,0,0,0,1,1,1,1,0,1,0,1,1,0,0
0,1,0,0,0.15492957746478872,1,1,0.55,0.09346872836372029,1,1,0,0,0,0,0,0,0,0,0,1,0,0
1,0,1,1,0.5633802816901409,1,0,0.010000000000000009,0.08700669282252482,0,0,1,0,0,0,0,0,0,0,1,0,0,0
0,0,1,0,0.49295774647887325,1,0,0.020000000000000018,0.08100623124855759,0,0,1,0,0,0,0,0,0,1,0,0,0,0
1,0,0,0,0.0,1,0,0.020000000000000018,0.00023078698361412436,0,0,1,0,0,0,0,0,0,0,0,0,0,1
1,0,0,0,0.02816901408450704,1,0,0.53,0.022501730902377108,0,0,0,1,1,0,1,0,1,0,1,0,0,1
0,0,1,1,1.0,0,1,0.47000000000000003,0.5146549734594968,0,0,0,1,1,1,1,1,1,0,1,1,0,0
0,0,1,0,0.4225352112676057,1,1,0.48000000000000004,0.23090237710593123,0,0,0,0,0,1,1,0,1,0,0,1,0,0
1,0,1,0,0.014084507042253521,1,1,0.52,0.011770136164320332,0,1,0,0,0,0,0,0,0,0,0,0,1,0
1,0,1,1,0.1267605633802817,1,0,0.020000000000000018,0.02330948534502654,0,0,1,0,0,0,0,0,0,0,1,0,0,1
0,0,0,0,0.7887323943661972,1,1,0.56,0.4960766212785599,0,0,0,1,0,1,0,1,1,0,1,0,0,0
1,0,0,1,0.35211267605633806,0,0,0.27,0.1302792522501731,0,0,0,1,0,0,1,0,1,0,0,0,0,1
0,0,1,0,0.36619718309859156,1,0,0.010000000000000009,0.05792753288714517,0,0,1,0,0,0,0,0,0,0,1,0,0,0
1,0,0,0,0.7464788732394366,1,0,0.020000000000000018,0.12243249480729287,0,0,1,0,0,0,0,0,0,0,1,0,0,1
1,0,0,0,0.14084507042253522,1,0,0.5700000000000001,0.10039233787214402,1,1,0,0,0,0,0,0,0,0,0,0,1,0
0,0,0,0,0.0,1,0,0.27,0.0031156242787906763,0,0,0,0,0,0,0,0,0,0,0,0,1,0
1,0,1,1,0.46478873239436624,1,1,0.07,0.10373874913454882,1,0,1,0,0,0,0,0,0,1,0,1,0,0
0,0,0,0,0.09859154929577466,1,1,0.010000000000000009,0.017309023771059313,0,0,1,0,0,0,0,0,0,0,0,0,0,0
0,1,1,0,0.9014084507042254,1,1,0.52,0.5235402723286406,0,1,0,0,0,0,0,0,0,1,0,0,0,0
0,0,0,0,0.28169014084507044,0,1,0.25,0.11458573736441266,0,0,0,1,0,0,1,1,0,0,0,0,0,1
0,0,1,1,0.3802816901408451,1,0,0.6699999999999999,0.262058619893838,0,1,0,0,0,1,0,1,0,0,0,0,1,0
0,0,1,1,0.19718309859154928,1,1,0.010000000000000009,0.025501961689360718,0,0,1,0,0,0,0,0,0,1,0,0,0,1
1,0,1,1,0.7746478873239437,1,1,0.06,0.16732056312024002,1,0,1,0,0,0,0,0,0,0,1,1,0,0
0,0,1,1,0.2112676056338028,1,0,0.6599999999999999,0.15924301869374569,1,0,0,1,1,0,1,1,1,0,0,0,1,0
0,1,0,0,0.0,1,1,0.56,0.006462035541195477,1,1,0,0,0,0,0,0,0,0,0,0,1,0
0,0,1,1,1.0,1,0,0.8700000000000001,0.8761827832910224,0,1,0,1,1,0,1,1,1,0,1,0,0,0
0,1,1,0,0.4366197183098592,1,0,0.8800000000000001,0.40410800830833143,1,1,0,0,1,1,0,1,1,0,0,0,0,0
0,0,0,0,0.6619718309859155,1,0,0.6000000000000001,0.433071774751904,0,0,0,0,1,1,1,1,1,0,1,1,0,0
0,0,1,0,0.8732394366197184,1,0,0.6100000000000001,0.5788137549042234,1,0,0,0,0,1,1,1,1,0,1,1,0,0
1,1,1,0,0.6901408450704226,1,0,0.07,0.14862681744749598,1,0,1,0,0,0,0,0,0,1,0,0,1,0
1,0,0,0,0.07042253521126761,1,1,0.55,0.04419570736210478,1,1,0,0,0,0,0,0,0,0,0,0,0,1
0,0,0,0,0.16901408450704225,1,1,0.81,0.14804984998846066,1,1,0,0,0,0,1,1,1,0,0,0,0,1
1,0,0,0,0.014084507042253521,1,0,0.020000000000000018,0.0026540503115624284,0,0,1,0,0,0,0,0,0,0,0,0,0,1
1,0,0,0,0.014084507042253521,1,0,0.020000000000000018,0.0031156242787906763,0,0,1,0,0,0,0,0,0,0,0,0,0,1
0,0,0,0,0.0,1,0,0.51,0.005885068082160166,0,1,0,0,0,0,0,0,0,0,0,0,1,0
1,0,0,0,0.0,1,0,0.0,0.0,0,0,1,0,0,0,0,0,0,0,0,0,1,0
0,1,0,0,0.09859154929577466,0,1,0.10999999999999999,0.023424878836833606,0,0,0,0,0,1,0,0,0,0,0,0,1,0
0,0,0,1,0.23943661971830985,1,1,0.6200000000000001,0.16016616662820218,1,1,0,0,0,1,0,0,0,0,0,1,0,0
0,0,0,0,0.09859154929577466,1,1,0.48000000000000004,0.06473574890376184,0,0,0,1,0,1,0,0,1,0,0,0,1,0
1,0,1,1,1.0,1,1,0.98,0.9761135471959381,1,1,0,1,1,1,1,1,1,0,1,0,0,0
0,0,0,0,0.02816901408450704,0,0,0.12,0.007385183475651974,0,0,0,0,0,0,1,0,0,0,0,0,1,0
0,0,0,0,0.0,1,0,0.020000000000000018,0.00023078698361412436,0,0,1,0,0,0,0,0,0,0,0,0,0,1
1,0,1,1,0.9859154929577465,1,1,0.72,0.7178629125317332,1,0,0,1,1,1,1,1,1,0,1,1,0,0
0,0,0,0,0.1267605633802817,1,1,0.54,0.08954534964228018,1,0,0,0,0,0,0,1,1,0,0,1,0,0
1,0,1,1,0.15492957746478872,1,1,0.39999999999999997,0.08331410108469883,0,0,0,0,0,1,0,1,0,0,0,1,0,0
1,0,1,0,0.26760563380281693,1,1,0.51,0.1756288945303485,0,1,0,0,0,0,0,0,0,0,0,0,0,0
0,0,0,0,0.7042253521126761,1,1,0.69,0.5140780060004615,1,1,0,0,1,1,1,0,0,0,0,0,1,0
0,0,0,0,0.33802816901408456,1,0,0.51,0.19743826448188323,0,1,0,0,0,0,0,0,0,0,0,0,1,0
1,0,1,1,0.7464788732394366,1,1,0.8600000000000001,0.6493191783983383,1,1,0,1,1,0,0,1,1,0,0,0,0,0
1,0,1,0,0.6338028169014085,1,1,0.46,0.3451419339949227,0,0,0,0,1,0,1,1,0,0,1,1,0,0
0,0,0,0,0.0,1,1,0.26,0.003000230786983614,0,0,0,0,0,0,0,0,0,0,0,0,0,1
0,0,0,0,0.014084507042253521,1,1,0.51,0.013385645049619203,0,1,0,0,0,0,0,0,0,0,0,1,0,0
1,1,0,0,0.1267605633802817,0,1,0.16000000000000003,0.03588737595199631,0,0,0,0,0,0,0,0,1,0,0,0,1,0
1,1,1,0,0.014084507042253521,1,1,0.51,0.015578121393953382,0,1,0,0,0,0,0,0,0,0,0,0,1,0
0,0,0,0,0.19718309859154928,1,1,0.010000000000000009,0.033579506115855064,0,0,1,0,0,0,0,0,0,0,0,0,0,1
1,0,1,1,0.8450704225352113,1,0,0.9700000000000002,0.8066005077313639,1,1,0,1,1,1,1,1,1,0,1,1,0,0
1,0,1,1,0.08450704225352114,1,0,0.51,0.052965612739441496,0,0,0,1,1,1,0,1,0,1,0,0,1,0
1,0,0,0,0.5633802816901409,1,0,0.52,0.32887145165012693,0,1,0,0,0,0,0,0,0,0,0,0,0,0
1,0,0,0,0.22535211267605634,1,0,0.020000000000000018,0.036810523886452805,0,0,1,0,0,0,0,0,0,1,0,1,0,0
1,0,1,0,0.9577464788732395,1,0,0.8700000000000001,0.8333717978306023,1,1,0,0,0,1,1,1,1,0,1,0,0,0
1,1,0,0,0.014084507042253521,1,0,0.71,0.01650126932840988,1,1,0,0,1,0,0,0,1,0,0,0,1,0
0,1,1,0,1.0,1,1,0.07,0.20586198938379877,1,0,1,0,0,0,0,0,0,0,1,0,0,0
0,0,1,1,1.0,1,1,0.8600000000000001,0.8701823217170551,0,1,0,1,0,1,1,1,1,0,1,1,0,0
1,0,1,1,0.7464788732394366,1,1,0.41,0.3724901915531964,1,0,0,0,1,1,0,0,0,0,1,0,0,0
1,0,1,1,0.3098591549295775,1,0,0.6300000000000001,0.20678513731825526,1,1,0,1,0,0,0,0,0,1,0,1,0,0
0,0,1,1,0.971830985915493,1,1,0.98,0.938610662358643,1,1,0,1,1,1,1,1,1,0,1,1,0,0
0,0,1,1,0.3098591549295775,1,0,0.06,0.060004615739672286,1,0,1,0,0,0,0,0,0,1,0,0,0,1
0,0,1,1,0.676056338028169,1,0,0.41,0.3406415878144473,0,0,0,1,1,0,1,0,0,0,0,1,0,0
0,0,0,0,0.0,1,0,0.020000000000000018,0.00023078698361412436,0,0,1,0,0,0,0,0,0,0,0,0,1,0
1,0,1,1,0.9859154929577465,1,0,0.8200000000000001,0.8240249249942303,1,1,0,1,0,1,1,0,1,0,1,0,1,0
1,0,0,1,0.23943661971830985,1,0,0.39000000000000007,0.11239326102007847,1,0,0,1,0,0,0,0,0,0,0,0,0,1
1,0,1,1,0.7323943661971831,1,0,0.42,0.37837525963535656,0,0,0,0,0,1,0,0,1,1,0,1,0,0
1,0,1,0,1.0,1,1,0.9700000000000002,0.9570736210477729,1,1,0,1,1,1,1,1,1,0,1,1,0,0
1,0,0,0,0.1267605633802817,1,1,0.76,0.10789291483960306,1,1,0,0,1,1,0,0,1,0,0,0,1,0
1,0,0,0,0.5915492957746479,1,1,0.73,0.45418878375259636,0,1,0,0,1,1,0,1,0,0,0,0,1,0
0,0,1,0,0.9154929577464789,1,1,0.6699999999999999,0.6435495038079853,0,0,0,1,1,1,1,1,1,0,1,0,0,0
1,1,0,0,0.9014084507042254,1,1,0.77,0.7160166166628202,1,1,0,0,1,1,0,1,0,0,0,0,0,0
0,0,0,0,0.0,1,1,0.72,0.00830833141010847,0,1,0,0,0,0,0,1,1,0,0,0,1,0
0,0,0,1,0.25352112676056343,0,1,0.07,0.06323563351027003,0,0,0,0,0,0,0,0,0,0,0,1,0,0
1,0,1,0,0.619718309859155,1,1,0.32,0.2542118624509578,0,0,0,0,0,1,0,0,0,0,0,1,0,0
1,1,0,0,0.7746478873239437,1,1,0.78,0.6001615508885298,1,1,0,1,1,0,0,0,1,0,0,0,1,0
1,0,1,1,0.8732394366197184,1,1,0.81,0.7261712439418416,1,1,0,1,0,0,0,1,1,1,0,1,0,0
1,0,1,1,0.5352112676056339,1,1,0.71,0.39879990768520657,1,1,0,0,1,1,1,0,0,1,0,0,1,0
0,0,1,0,1.0,1,1,0.6699999999999999,0.726748211400877,1,0,0,0,1,1,1,1,1,0,1,0,0,0
0,0,1,1,0.08450704225352114,1,1,0.31,0.03611816293561043,0,0,0,1,0,0,0,0,0,1,0,0,1,0
0,0,1,1,0.46478873239436624,1,0,0.6000000000000001,0.2937918301407801,0,1,0,0,0,0,0,1,0,0,0,0,1,0
0,0,1,1,0.971830985915493,1,1,0.6100000000000001,0.6592430186937457,1,0,0,1,1,1,1,1,0,0,1,0,0,0
1,0,1,0,0.7183098591549296,1,1,0.8700000000000001,0.64689591507039,1,1,0,0,1,1,0,1,1,0,0,0,1,0
1,0,0,0,0.1267605633802817,1,1,0.56,0.09012231710131549,1,1,0,0,0,0,0,0,0,0,0,0,1,0
0,0,0,0,0.6338028169014085,0,1,0.42,0.3317562889453035,0,0,0,1,0,1,1,1,1,0,1,0,0,0
0,0,0,0,0.619718309859155,1,1,0.5700000000000001,0.3756058158319871,0,0,0,1,0,1,0,1,1,0,0,0,1,0
1,0,0,1,0.04225352112676056,1,1,0.07,0.007615970459266097,1,0,1,0,0,0,0,0,0,0,0,0,0,1
1,1,0,0,0.5492957746478874,1,1,0.8500000000000001,0.48119086083544893,1,1,0,0,0,1,1,1,1,1,0,1,0,0
0,0,0,0,0.15492957746478872,1,0,0.38000000000000006,0.07339026078929149,0,0,0,1,0,0,1,0,0,0,0,0,0,1
1,0,1,0,0.8169014084507042,1,0,0.020000000000000018,0.14412647126702055,0,0,1,0,0,0,0,0,0,1,0,0,0,1
0,0,1,0,1.0,1,1,0.9100000000000001,0.9039926148165244,1,1,0,1,1,0,1,1,1,0,1,1,0,0
1,0,1,1,1.0,1,0,0.07,0.2122086314331872,1,0,1,0,0,0,0,0,0,0,1,0,0,0
0,1,1,1,0.14084507042253522,1,1,0.5700000000000001,0.087352873297946,1,1,0,0,0,0,0,0,0,0,0,1,0,0
1,0,0,0,0.16901408450704225,1,1,0.56,0.10939303023309487,0,1,0,0,1,0,0,0,0,1,0,0,0,1
1,0,1,1,0.07042253521126761,0,0,0.22000000000000003,0.022963304869605357,0,0,0,0,1,1,1,0,0,0,1,0,0,1
1,0,1,1,0.971830985915493,1,0,0.6100000000000001,0.6606277405954304,1,0,0,1,1,1,1,1,0,0,1,0,0,0
1,0,0,0,0.02816901408450704,1,0,0.56,0.022732517885991232,1,1,0,0,0,0,0,0,0,0,0,0,0,0
0,1,0,0,0.18309859154929578,1,0,0.72,0.1440110777752135,0,1,0,0,0,0,0,1,1,0,0,1,0,0
0,0,1,1,0.19718309859154928,0,1,0.12,0.052042464804985,0,0,0,1,0,0,0,0,0,0,0,0,0,0
1,1,1,0,0.5352112676056339,1,1,0.8300000000000001,0.45361181629356107,1,1,0,0,0,0,1,1,1,0,0,0,1,0
0,0,1,1,0.9154929577464789,1,1,0.020000000000000018,0.15474267251327026,0,0,1,0,0,0,0,0,0,1,0,0,1,0
0,0,1,0,0.0,1,0,0.37000000000000005,0.004269559196861297,0,0,0,1,0,1,0,0,0,0,0,0,0,1
1,0,0,0,0.0,1,1,0.020000000000000018,0.00023078698361412436,0,0,1,0,0,0,0,0,0,0,0,0,0,1
1,1,0,0,0.11267605633802817,1,1,0.56,0.0696976690514655,1,1,0,0,0,0,0,0,0,0,0,0,1,0
0,1,1,0,0.4225352112676057,1,0,0.71,0.3218324486498962,1,1,0,1,0,0,0,1,0,0,0,0,1,0
0,0,0,0,0.9859154929577465,1,1,0.6100000000000001,0.6385875836602816,1,1,0,0,1,0,0,0,0,1,0,1,0,0
0,0,0,0,0.15492957746478872,1,1,0.6599999999999999,0.12012462497115164,1,1,0,0,0,0,0,1,0,0,0,0,1,0
0,0,1,1,0.02816901408450704,1,0,0.71,0.02654050311562428,0,1,0,1,1,0,0,1,0,0,0,0,1,0
1,0,0,0,0.056338028169014086,1,1,0.72,0.05042695591968613,1,1,0,0,1,0,0,1,0,0,0,0,1,0
1,0,0,0,0.647887323943662,0,0,0.23000000000000004,0.2142857142857143,0,0,0,1,0,1,1,0,0,0,1,0,0,1
0,1,1,0,1.0,0,1,0.45,0.5385414262635587,0,0,0,1,1,1,1,1,1,0,1,0,0,0
1,1,1,0,1.0,1,0,0.6000000000000001,0.6535887375951996,1,0,0,1,1,1,1,0,1,0,1,0,0,0
1,1,0,0,0.15492957746478872,1,1,0.73,0.12416339718439881,1,1,0,0,1,0,0,1,0,0,0,0,1,0
0,1,0,0,1.0,1,0,0.9500000000000002,0.9031848603738749,1,1,0,1,1,1,1,1,1,0,1,0,0,0
0,0,0,1,0.23943661971830985,1,1,0.27,0.08412185552734827,0,0,0,0,0,0,0,0,0,0,0,1,0,0
0,0,0,0,0.8309859154929577,1,0,0.43,0.41772444034156475,0,0,0,1,1,1,0,0,0,0,1,0,1,0
0,0,1,0,0.09859154929577466,1,1,0.5700000000000001,0.07385183475651974,0,1,0,1,0,0,0,0,0,0,0,0,0,1
0,0,0,0,0.15492957746478872,1,0,0.56,0.09335333487191323,1,0,0,0,0,1,0,1,1,0,0,0,0,0
1,0,0,0,0.8450704225352113,1,0,0.010000000000000009,0.15208862220170782,0,0,1,0,0,0,0,0,0,1,0,0,0,0
1,0,1,0,1.0,1,1,0.6599999999999999,0.7013616432033233,1,0,0,1,0,1,1,1,1,0,1,1,0,0
1,0,1,1,0.14084507042253522,0,0,0.32,0.06312024001846296,0,0,0,1,0,0,0,1,1,0,0,0,1,0
1,0,1,0,0.943661971830986,1,1,0.9200000000000002,0.8694899607662128,1,1,0,1,1,1,0,1,1,0,1,0,0,0
0,0,0,1,0.18309859154929578,1,0,0.010000000000000009,0.028848372951765525,0,0,1,0,0,0,0,0,0,0,0,0,0,1
1,0,0,0,0.7042253521126761,0,1,0.38000000000000006,0.3357950611585507,0,0,0,0,1,1,0,1,1,1,0,1,0,0
1,0,1,1,0.619718309859155,0,0,0.33,0.2591737825986615,0,0,0,0,1,1,1,0,1,1,0,0,0,0
1,0,1,0,0.943661971830986,1,0,0.6799999999999999,0.6628202169397646,1,1,0,0,1,1,0,0,0,1,0,1,0,0
1,0,1,1,0.5492957746478874,0,1,0.32,0.2328640664666513,0,0,0,0,1,0,0,1,1,0,0,0,1,0
1,0,0,0,0.8450704225352113,1,1,0.9700000000000002,0.804869605354258,1,1,0,1,1,1,1,1,1,1,0,0,0,1
1,0,0,0,1.0,1,1,0.8300000000000001,0.8357950611585506,1,1,0,1,1,1,0,1,0,0,1,0,0,0
1,0,1,1,0.7464788732394366,1,0,0.42,0.3756058158319871,1,0,0,1,0,0,1,0,0,0,1,0,0,0
0,0,1,1,1.0,1,1,0.72,0.749249942303254,1,1,0,0,0,1,0,0,1,0,1,1,0,0
1,0,0,0,0.28169014084507044,1,1,0.79,0.24244172628663746,1,1,0,0,0,0,0,1,1,0,0,0,1,0
0,0,0,0,0.6056338028169015,0,1,0.36000000000000004,0.27948303715670436,0,0,0,1,0,1,0,1,1,1,0,0,1,0
1,1,0,0,0.3098591549295775,1,1,0.76,0.26252019386106623,0,1,0,0,1,0,0,1,1,0,0,0,1,0
1,0,1,1,0.5633802816901409,1,1,0.76,0.4419570736210478,0,1,0,0,0,1,0,1,1,0,0,0,0,0
1,0,1,1,1.0,1,1,0.6699999999999999,0.7029771520886222,1,0,0,1,0,1,1,1,1,0,1,1,0,0
1,0,0,0,0.0,1,1,0.07,0.0008077544426494348,1,0,1,0,0,0,0,0,0,0,0,0,0,1
0,0,0,0,0.7042253521126761,1,0,0.41,0.3490653127163628,1,0,0,1,0,0,1,0,0,1,0,1,0,0
1,0,1,1,0.6619718309859155,1,0,0.51,0.3467574428802216,0,0,0,1,0,1,1,1,0,1,0,0,0,0
1,0,1,0,0.28169014084507044,1,1,0.6799999999999999,0.20770828525271176,0,1,0,0,0,0,1,1,0,0,0,0,1,0
1,0,0,0,0.8309859154929577,1,0,0.020000000000000018,0.12404800369259175,0,0,1,0,0,0,0,0,0,0,1,0,0,1
0,0,1,0,0.971830985915493,1,0,0.9600000000000002,0.9492268636048927,1,1,0,1,1,1,1,1,1,0,1,1,0,0
0,0,0,0,0.08450704225352114,1,1,0.33,0.03877221324717286,0,0,0,1,0,0,0,0,0,0,0,0,0,1
0,0,0,0,0.0,1,1,0.52,0.006000461573967228,0,1,0,0,0,0,0,0,0,0,0,0,0,1
1,0,0,0,0.014084507042253521,1,0,0.51,0.014654973459496885,0,1,0,0,0,0,0,0,0,0,0,0,1,0
0,0,1,1,0.9295774647887325,1,1,0.9300000000000002,0.8612970228479113,1,1,0,1,1,1,0,1,1,1,0,0,1,0
1,0,0,0,0.49295774647887325,1,1,0.71,0.3842603277175168,1,0,0,1,0,1,1,1,1,1,0,1,0,0
0,1,0,0,0.14084507042253522,1,1,0.6100000000000001,0.09335333487191323,0,1,0,0,0,0,0,0,1,0,0,1,0,0
0,0,1,0,0.3802816901408451,1,0,0.36000000000000004,0.1624740364643434,0,0,0,1,0,0,1,0,0,1,0,0,0,1
0,0,0,0,0.14084507042253522,1,0,0.52,0.08562197092084008,0,1,0,0,0,0,0,0,0,0,0,0,1,0
0,0,0,0,0.8169014084507042,1,0,0.36000000000000004,0.3574890376182783,1,0,0,0,0,1,0,0,0,0,1,1,0,0
0,0,1,1,0.7605633802816901,1,0,0.39000000000000007,0.349411493191784,0,0,0,1,1,0,1,0,0,0,1,0,0,0
0,0,0,0,0.08450704225352114,1,1,0.51,0.058042926378952225,0,1,0,0,0,0,0,0,0,0,0,0,1,0
1,0,0,0,0.14084507042253522,1,1,0.5800000000000001,0.09450726978998386,1,1,0,0,0,0,0,0,0,0,0,0,1,0
1,0,1,1,1.0,1,1,0.98,0.9736902838679898,1,1,0,1,1,1,1,1,1,0,1,1,0,0
1,0,0,0,0.056338028169014086,1,0,0.020000000000000018,0.009000692360950843,0,0,1,0,0,0,0,0,0,0,0,1,0,0
1,0,1,1,0.9577464788732395,1,0,0.55,0.5616201246249711,1,0,0,1,1,0,1,1,0,1,0,1,0,0
1,0,0,0,0.1267605633802817,1,1,0.42,0.07050542349411494,0,0,0,0,0,0,1,0,1,0,0,0,0,1
0,0,1,0,0.02816901408450704,0,0,0.10999999999999999,0.008769905377336719,0,0,0,0,1,0,0,0,0,0,0,1,0,0
0,0,0,0,0.014084507042253521,1,0,0.010000000000000009,0.0032310177705977385,0,0,1,0,0,0,0,0,0,0,0,0,0,1
1,0,1,0,0.7605633802816901,1,1,0.72,0.56519732287099,1,0,0,1,1,1,1,1,1,1,0,0,1,0
0,0,0,0,0.6901408450704226,1,0,0.06,0.13581813985691207,1,0,1,0,0,0,0,0,0,0,1,0,0,0
1,0,1,0,0.0,1,1,0.5,0.005769674590353104,0,1,0,0,0,0,0,0,0,0,0,0,1,0
1,0,1,0,0.4366197183098592,1,1,0.5700000000000001,0.26609739210708516,0,1,0,1,0,0,0,0,0,0,0,0,0,0
0,0,1,0,0.8028169014084507,0,1,0.27,0.3082160166166628,0,0,0,0,0,0,0,1,1,1,0,1,0,0
0,0,0,0,0.0,1,0,0.020000000000000018,0.00023078698361412436,0,0,1,0,0,0,0,0,0,0,0,0,0,1
1,0,0,0,0.1267605633802817,1,1,0.020000000000000018,0.026425109623817215,0,0,1,0,0,0,0,0,0,0,0,0,0,1
0,0,0,0,0.323943661971831,1,0,0.36000000000000004,0.15347334410339258,0,0,0,1,0,0,1,0,0,0,0,0,1,0
0,0,1,0,0.8450704225352113,1,1,0.51,0.4855758135241173,1,0,0,1,0,1,0,0,1,0,1,0,0,1
0,0,1,0,0.07042253521126761,1,1,0.6400000000000001,0.05100392337872144,1,1,0,0,0,0,0,1,0,0,0,0,1,0
0,0,1,0,0.619718309859155,1,0,0.6000000000000001,0.41299330717747523,0,0,0,1,1,1,0,1,1,1,0,0,0,0
0,0,1,1,0.5352112676056339,1,0,0.6200000000000001,0.3651050080775444,0,0,0,1,0,1,1,1,1,1,0,1,0,0
0,0,0,0,0.08450704225352114,0,1,0.06,0.015231940918532196,0,0,0,0,0,0,0,0,0,1,0,1,0,0
0,0,1,0,0.02816901408450704,0,1,0.17000000000000004,0.00934687283637203,0,0,0,0,0,0,0,0,1,0,0,0,1,0
0,0,1,1,0.04225352112676056,1,1,0.51,0.030694668820678513,0,1,0,0,0,0,0,0,0,0,0,0,0,1
1,0,0,0,0.08450704225352114,1,1,0.6100000000000001,0.05815831987075929,0,1,0,0,0,0,0,1,0,0,0,0,1,0
1,0,0,0,0.14084507042253522,1,1,0.76,0.11320101546272791,0,1,0,0,1,1,1,0,1,0,0,0,1,0
0,0,0,0,0.7323943661971831,1,0,0.06,0.14804984998846066,1,0,1,0,0,0,0,0,0,1,0,0,0,0
0,0,1,1,1.0,1,0,0.06,0.20205400415416572,1,0,1,0,0,0,0,0,0,0,1,0,0,0
1,0,1,0,0.28169014084507044,0,0,0.10000000000000003,0.07050542349411494,0,0,0,1,0,0,0,0,0,0,0,0,1,0
0,0,0,0,0.47887323943661975,1,0,0.010000000000000009,0.07604431110085393,0,0,1,0,0,0,0,0,0,0,1,0,0,1
1,0,0,0,0.46478873239436624,1,0,0.020000000000000018,0.07558273713362568,0,0,1,0,0,0,0,0,0,0,0,0,0,1
0,0,1,1,0.7183098591549296,1,0,0.6100000000000001,0.4613431802446342,0,0,0,1,1,1,0,1,1,0,1,0,1,0
1,0,1,0,1.0,1,1,0.6799999999999999,0.6969766905146549,1,0,0,1,1,0,1,1,1,0,1,0,0,0
1,0,0,0,0.014084507042253521,1,0,0.27,0.007615970459266097,0,0,0,0,0,0,0,0,0,0,0,0,1,0
1,0,0,0,0.6619718309859155,1,1,0.8900000000000001,0.5888529886914378,1,1,0,0,1,1,0,1,1,0,0,0,0,0
1,0,1,1,0.25352112676056343,1,0,0.020000000000000018,0.0420032310177706,0,0,1,0,0,0,0,0,0,0,0,0,0,1
1,0,1,1,0.6901408450704226,1,0,0.8500000000000001,0.5925455804292638,0,1,0,0,0,1,1,1,1,1,0,0,0,1
0,1,1,0,0.18309859154929578,1,0,0.010000000000000009,0.024232633279483037,0,0,1,0,0,0,0,0,0,1,0,0,0,1
0,1,0,0,0.1267605633802817,1,1,0.54,0.0773136395107316,0,1,0,0,1,0,0,0,0,0,0,0,1,0
0,0,1,1,0.6056338028169015,1,0,0.020000000000000018,0.09716132010154628,0,0,1,0,0,0,0,0,0,1,0,0,0,0
0,1,0,0,0.2112676056338028,1,1,0.6799999999999999,0.14574198015231943,1,1,0,0,0,0,0,1,0,0,0,0,1,0
0,0,0,0,0.056338028169014086,1,0,0.020000000000000018,0.008885298869143781,0,0,1,0,0,0,0,0,0,0,0,1,0,0
1,0,0,0,0.02816901408450704,1,1,0.51,0.02330948534502654,0,0,0,0,0,1,0,1,1,1,0,0,1,0
1,0,0,0,0.5352112676056339,1,1,0.6200000000000001,0.36729748442187865,0,1,0,0,0,1,1,0,0,0,1,0,1,0
0,0,1,1,0.014084507042253521,1,0,0.72,0.01984768059081468,0,1,0,0,0,1,1,0,1,0,0,1,0,0
0,0,0,0,0.0,1,0,0.26,0.003000230786983614,0,0,0,0,0,0,0,0,0,0,0,0,0,1
0,1,1,0,0.36619718309859156,0,0,0.12,0.09081467805215787,0,0,0,1,0,0,0,0,0,0,0,1,0,0
0,0,0,1,0.7887323943661972,1,1,0.010000000000000009,0.13293330256173552,0,0,1,0,0,0,0,0,0,0,1,0,0,1
1,0,0,1,0.0,1,1,0.55,0.006346642049388415,0,1,0,1,0,0,0,0,0,0,0,0,0,1
0,1,0,0,0.1267605633802817,1,1,0.77,0.10154627279021464,1,1,0,0,0,0,0,1,1,0,0,0,1,0
1,0,0,0,0.014084507042253521,1,0,0.5,0.01165474267251327,0,1,0,0,0,0,0,0,0,0,0,0,1,0
0,1,1,1,1.0,0,1,0.46,0.5439649203784906,0,0,0,1,1,1,1,1,1,0,1,0,0,0
1,0,0,0,0.7323943661971831,1,1,0.76,0.5797369028386798,0,1,0,0,1,1,1,0,1,1,0,1,0,0
0,0,1,1,0.7746478873239437,1,0,0.06,0.15970459266097392,1,0,1,0,0,0,0,0,0,0,1,0,0,0
0,0,1,1,0.7887323943661972,1,0,0.41,0.40283867989845373,0,0,0,1,1,0,1,0,0,1,0,0,0,1
1,0,1,1,1.0,1,0,0.48000000000000004,0.5469651511654743,1,0,0,1,0,1,1,0,0,0,1,0,0,0
0,1,0,0,0.295774647887324,1,1,0.72,0.21832448649896147,1,1,0,0,0,0,1,1,0,0,0,0,0,0
1,1,1,1,0.9154929577464789,1,1,0.8600000000000001,0.7930994691899377,1,1,0,0,1,1,0,1,1,1,0,0,1,0
0,0,1,1,0.295774647887324,1,1,0.33,0.14008769905377338,0,0,0,0,0,0,1,0,0,0,0,0,1,0
0,0,1,0,1.0,1,1,0.9000000000000001,0.9026078929148396,1,1,0,0,1,1,1,1,1,0,1,0,1,0
0,1,1,0,0.7605633802816901,1,1,0.56,0.46549734594968845,1,1,0,0,0,0,0,0,0,0,0,0,1,0
0,1,0,0,0.07042253521126761,1,1,0.6699999999999999,0.05596584352642511,0,1,0,1,0,0,0,1,0,0,0,0,0,0
1,0,0,0,0.33802816901408456,1,1,0.6000000000000001,0.20990076159704593,1,0,0,1,1,1,1,1,0,0,0,0,0,0
1,0,1,1,0.5915492957746479,1,1,0.74,0.4639972305561967,1,1,0,0,0,1,0,0,1,0,0,0,0,0
1,0,0,0,0.014084507042253521,1,0,0.52,0.015578121393953382,0,1,0,0,0,0,0,0,0,0,0,0,0,0
1,0,0,0,0.0,1,0,0.52,0.006000461573967228,0,1,0,0,0,0,0,0,0,0,0,0,0,1
1,0,0,1,0.04225352112676056,1,0,0.020000000000000018,0.008769905377336719,0,0,1,0,0,0,0,0,0,0,0,1,0,0
0,0,0,0,0.6338028169014085,1,0,0.010000000000000009,0.10270020770828527,0,0,1,0,0,0,0,0,0,0,1,1,0,0
1,0,1,1,0.323943661971831,1,1,0.010000000000000009,0.05492730210016155,0,0,1,0,0,0,0,0,0,0,1,0,0,1
1,0,0,0,0.0,1,1,0.020000000000000018,0.00023078698361412436,0,0,1,0,0,0,0,0,0,0,0,0,0,1
1,0,0,0,0.5492957746478874,1,1,0.8700000000000001,0.498153704131087,1,1,0,0,0,1,1,1,1,1,0,1,0,0
0,0,1,0,0.9014084507042254,1,0,0.71,0.663627971382414,1,1,0,1,1,1,0,0,0,1,0,0,1,0
1,0,1,0,0.26760563380281693,0,1,0.06,0.053542580198476804,0,0,0,0,0,0,0,0,0,0,0,0,1,0
1,0,1,0,0.04225352112676056,0,1,0.10999999999999999,0.012808677590583892,0,0,0,1,0,0,0,0,0,0,0,0,1,0
0,0,0,0,0.07042253521126761,1,1,0.6599999999999999,0.0620816985921994,0,1,0,0,1,0,0,0,1,0,0,0,1,0
0,0,1,1,0.323943661971831,1,0,0.06,0.0681975536579737,1,0,1,0,0,0,0,0,0,0,1,0,0,1
1,0,0,0,0.28169014084507044,0,0,0.17000000000000004,0.08677590583891069,0,0,0,1,0,0,1,0,0,0,1,0,0,1
0,1,1,0,0.28169014084507044,1,1,0.51,0.1680129240710824,0,1,0,0,0,0,0,0,0,0,0,0,1,0
0,0,1,0,0.7183098591549296,1,1,0.6300000000000001,0.5003461804754211,1,0,0,1,1,1,1,0,1,1,0,1,0,0
1,0,1,0,0.8873239436619719,1,0,0.39999999999999997,0.43134087237479807,1,0,0,0,0,1,1,0,0,1,0,0,0,0
1,0,1,1,0.46478873239436624,1,0,0.06,0.10108469882298639,1,0,1,0,0,0,0,0,0,0,1,1,0,0
1,0,0,0,0.6338028169014085,1,0,0.37000000000000005,0.30810062312485575,0,0,0,0,0,0,0,0,1,1,0,1,0,0
1,0,1,1,0.0,1,0,0.020000000000000018,0.00023078698361412436,0,0,1,0,0,0,0,0,0,0,0,0,1,0
1,0,1,0,0.22535211267605634,0,1,0.17000000000000004,0.072467112854835,0,0,0,0,1,1,0,0,0,0,0,1,0,0
0,0,0,0,0.7746478873239437,1,0,0.34,0.34629586891299335,0,0,0,1,0,1,0,0,0,1,0,0,0,1
0,1,1,0,0.9154929577464789,1,1,0.9200000000000002,0.8623355642741749,1,1,0,0,1,1,1,1,1,1,0,0,1,0
1,0,1,0,0.46478873239436624,1,1,0.42,0.22905608123701826,1,0,0,1,0,0,1,0,0,0,0,0,0,0
0,0,0,0,0.8732394366197184,1,0,0.9100000000000001,0.8113316408954535,0,1,0,1,1,1,1,1,1,0,1,1,0,0
1,0,0,0,0.5774647887323944,1,1,0.49000000000000005,0.3304869605354258,0,0,0,1,1,0,1,0,1,1,0,0,0,1
0,0,0,0,0.3802816901408451,1,0,0.8200000000000001,0.30810062312485575,1,1,0,0,1,0,0,1,1,1,0,0,1,0
0,0,0,0,0.6056338028169015,1,0,0.010000000000000009,0.09427648280636973,0,0,1,0,0,0,0,0,0,1,0,1,0,0
1,0,1,1,0.08450704225352114,1,0,0.32,0.03831063927994461,0,0,0,1,0,0,0,0,0,0,0,0,0,1
0,0,1,1,0.8028169014084507,1,1,0.010000000000000009,0.1257789060696977,0,0,1,0,0,0,0,0,0,1,0,0,1,0
0,0,1,0,0.5774647887323944,1,0,0.020000000000000018,0.09427648280636973,0,0,1,0,0,0,0,0,0,0,1,0,1,0
0,0,1,0,0.4084507042253521,1,0,0.010000000000000009,0.07142857142857144,0,0,1,0,0,0,0,0,0,0,1,0,0,1
1,0,1,1,0.4507042253521127,1,1,0.75,0.35841218555273485,0,1,0,0,0,1,0,1,1,1,0,0,1,0
1,0,1,1,0.07042253521126761,1,1,0.76,0.05769674590353104,1,1,0,0,1,1,0,1,0,0,0,0,0,1
1,0,0,0,0.02816901408450704,1,0,0.0,0.0043849526886683594,0,0,1,0,0,0,0,0,0,0,0,0,0,1
1,0,0,0,0.4084507042253521,1,0,0.8200000000000001,0.3551811677821371,1,1,0,0,0,1,0,1,1,0,0,0,1,0
0,0,1,1,1.0,1,1,0.8800000000000001,0.9035310408492961,1,1,0,1,0,1,0,1,1,1,0,0,0,0
0,0,1,1,0.7746478873239437,1,1,0.8500000000000001,0.6756288945303485,1,1,0,0,0,1,1,1,1,0,1,0,1,0
0,0,0,0,0.7183098591549296,1,1,0.6699999999999999,0.49849988460650824,0,1,0,0,1,0,0,0,1,0,0,0,1,0
0,0,1,1,0.14084507042253522,1,0,0.72,0.11562427879067622,0,1,0,0,0,0,0,1,1,0,0,0,1,0
1,0,1,1,0.6901408450704226,1,0,0.020000000000000018,0.12139395338102932,0,0,1,0,0,0,0,0,0,0,1,1,0,0
1,0,1,1,0.7042253521126761,1,1,0.72,0.5234248788368335,1,1,0,0,0,1,0,0,1,1,0,0,1,0
1,0,1,0,0.15492957746478872,1,1,0.33,0.06854373413339489,0,0,0,0,1,0,0,0,0,0,0,0,1,0
1,0,1,1,0.46478873239436624,1,1,0.020000000000000018,0.07662127855988923,0,0,1,0,0,0,0,0,0,1,0,0,0,0
0,0,1,1,0.3943661971830986,1,1,0.71,0.3092545580429264,1,1,0,0,0,1,0,0,1,0,0,0,1,0
1,0,0,0,0.0,1,0,0.6599999999999999,0.007615970459266097,0,1,0,0,1,0,0,1,0,0,0,0,1,0
0,0,0,0,0.22535211267605634,1,1,0.37000000000000005,0.10570043849526888,0,0,0,1,1,0,0,0,0,0,0,1,0,0
1,0,1,0,0.7323943661971831,1,1,0.75,0.5601200092314793,0,1,0,0,0,0,1,1,1,1,0,0,1,0
0,0,0,0,0.4507042253521127,1,0,0.6200000000000001,0.2982921763212555,1,1,0,1,0,0,0,0,0,1,0,0,0,0
0,0,0,0,0.15492957746478872,1,0,0.32,0.0663512577890607,0,0,0,0,0,0,1,0,0,0,0,0,0,0
0,0,0,0,0.04225352112676056,1,1,0.32,0.02123240249249942,0,0,0,0,0,0,1,0,0,0,0,0,0,1
1,0,1,0,0.7464788732394366,1,1,0.9600000000000002,0.6959381490883914,1,1,0,1,1,1,1,1,1,1,0,0,0,1
1,0,1,0,0.7042253521126761,1,0,0.51,0.41899376875144245,0,1,0,0,0,0,0,0,0,0,0,0,0,1
0,0,0,1,0.9154929577464789,1,1,0.07,0.19097622894068775,1,0,1,0,0,0,0,0,0,0,1,1,0,0
1,0,0,0,0.47887323943661975,1,1,0.9500000000000002,0.4495730440803139,1,1,0,1,1,1,1,1,1,0,1,0,0,1
0,0,0,0,0.16901408450704225,1,1,0.010000000000000009,0.02711747057465959,0,0,1,0,0,0,0,0,0,1,0,0,1,0
0,0,0,0,0.11267605633802817,1,0,0.46,0.06104315716593584,0,0,0,1,0,0,1,0,1,0,0,0,0,1
0,0,0,0,0.7746478873239437,1,1,0.5700000000000001,0.49226863604892684,0,0,0,0,1,0,1,1,1,1,0,0,0,0
1,0,0,0,0.014084507042253521,0,1,0.27,0.007731363951073159,0,0,0,0,0,0,0,1,1,0,0,0,1,0
0,0,1,0,0.5774647887323944,1,1,0.8800000000000001,0.518578352180937,1,1,0,0,0,1,1,1,1,0,0,0,0,0
0,0,1,1,0.014084507042253521,1,1,0.71,0.019270713131779367,0,1,0,0,0,0,0,1,1,0,0,0,0,0
0,0,1,0,1.0,1,1,0.9000000000000001,0.9066466651280868,1,1,0,1,1,0,1,1,1,0,1,1,0,0
1,1,0,0,0.09859154929577466,1,1,0.69,0.08019847680590815,0,1,0,0,1,0,0,1,0,0,0,0,1,0
0,0,1,1,0.25352112676056343,1,1,0.8200000000000001,0.2142857142857143,1,1,0,0,0,0,1,1,1,1,0,0,1,0
0,1,0,0,0.15492957746478872,1,1,0.81,0.1363951073159474,1,1,0,0,0,1,0,1,1,0,0,0,1,0
0,0,0,0,0.4507042253521127,1,0,0.6200000000000001,0.30383106392799447,0,1,0,0,1,0,1,0,0,0,1,0,0,0
1,0,1,1,0.971830985915493,1,1,0.9500000000000002,0.9059543041772444,1,1,0,1,1,1,1,1,1,0,1,1,0,0
1,0,0,0,0.3943661971830986,0,0,0.21000000000000002,0.12277867528271406,0,0,0,1,1,0,1,0,0,1,0,1,0,0
1,0,0,0,0.23943661971830985,1,1,0.010000000000000009,0.04281098546042003,0,0,1,0,0,0,0,0,0,0,0,0,0,1
0,1,0,0,0.7464788732394366,1,1,0.72,0.5669282252480959,1,1,0,0,1,0,0,0,1,0,0,0,1,0
1,0,0,0,0.0,1,0,0.32,0.003692591737825987,0,0,0,0,1,0,0,0,0,0,0,0,1,0
1,0,0,0,0.0,1,1,0.52,0.006000461573967228,0,1,0,0,0,0,0,0,0,0,0,0,0,1
0,0,0,0,0.9014084507042254,1,1,0.07,0.196976690514655,1,0,1,0,0,0,0,0,0,0,1,0,0,0
1,0,1,0,1.0,1,1,0.9200000000000002,0.8923378721440111,1,1,0,1,1,1,0,1,1,0,1,0,1,0
0,0,0,0,0.8028169014084507,1,1,0.8600000000000001,0.715555042695592,1,1,0,0,0,1,1,1,1,1,0,0,1,0
0,0,1,0,0.9859154929577465,1,0,0.6200000000000001,0.6587814447265175,1,0,0,1,1,1,1,0,1,0,1,1,0,0
1,0,1,1,0.5070422535211268,1,1,0.77,0.3803369489960766,1,1,0,0,0,0,0,1,1,0,0,0,1,0
0,0,1,0,0.5774647887323944,1,1,0.9000000000000001,0.5271174705746595,1,1,0,0,0,1,1,1,1,1,0,0,1,0
1,0,0,0,0.33802816901408456,1,1,0.010000000000000009,0.05931225478882991,0,0,1,0,0,0,0,0,0,0,0,1,0,0
0,0,1,1,0.8591549295774649,1,0,0.9000000000000001,0.7854834987306716,0,1,0,1,1,1,1,1,1,0,1,0,0,1
1,0,1,0,0.33802816901408456,0,1,0.16000000000000003,0.09635356565889684,0,0,0,0,0,0,0,1,0,0,0,0,0,0
0,1,1,0,0.014084507042253521,1,1,0.56,0.014078006000461574,0,1,0,0,0,1,0,0,0,0,0,0,1,0
0,0,1,1,0.9577464788732395,0,0,0.21000000000000002,0.31860143087929843,0,0,0,1,0,1,1,0,0,0,1,0,0,1
0,0,1,0,0.971830985915493,1,0,0.6599999999999999,0.656358181398569,0,1,0,1,1,0,1,0,0,0,1,0,0,0
1,0,1,1,0.7746478873239437,1,0,0.5,0.43814908839141475,1,0,0,1,1,0,0,0,1,1,0,0,0,0
0,0,0,0,0.36619718309859156,1,1,0.6300000000000001,0.26009693053311794,1,1,0,0,0,1,0,0,0,0,0,0,1,0
1,0,0,0,0.04225352112676056,1,1,0.6100000000000001,0.03450265405031156,0,1,0,0,0,0,0,0,1,0,0,0,1,0
1,0,1,0,0.8450704225352113,1,0,0.07,0.17724440341564737,1,0,1,0,0,0,0,0,0,0,1,0,0,0
0,0,0,0,0.0,1,0,0.33,0.0038079852296330485,0,0,0,0,0,0,1,0,0,0,0,0,0,1
1,0,1,1,0.4366197183098592,1,0,0.43,0.21301638587583663,0,0,0,1,1,0,1,0,0,0,0,0,0,0
0,0,0,0,0.7042253521126761,1,0,0.020000000000000018,0.11816293561043158,0,0,1,0,0,0,0,0,0,0,1,0,0,1
0,0,0,1,0.295774647887324,1,1,0.71,0.2228248326794369,1,1,0,0,1,0,0,1,0,0,0,1,0,0
0,0,0,0,0.15492957746478872,0,0,0.16000000000000003,0.04892684052619432,0,0,0,0,1,0,1,0,0,0,0,0,0,1
1,0,1,0,0.04225352112676056,1,0,0.010000000000000009,0.008654511885529657,0,0,1,0,0,0,0,0,0,0,0,0,0,1
1,0,1,1,0.9859154929577465,1,0,0.010000000000000009,0.15820447726748213,0,0,1,0,0,0,0,0,0,0,1,0,0,0
0,0,1,0,0.619718309859155,1,0,0.6300000000000001,0.43353334871913224,1,1,0,0,1,0,0,0,0,0,0,0,0,0
0,0,0,1,0.0,1,1,0.5700000000000001,0.006577429033002539,0,1,0,0,1,0,0,0,0,0,0,0,1,0
0,0,0,0,0.23943661971830985,1,1,0.71,0.1863604892684053,1,1,0,0,0,1,0,1,0,1,0,1,0,0
0,0,1,1,0.014084507042253521,1,0,0.38000000000000006,0.010962381721670899,1,0,0,1,0,0,0,0,0,0,0,0,0,1
1,0,0,0,0.943661971830986,0,0,0.26,0.35391183937225945,0,0,0,0,1,0,1,0,1,0,0,0,1,0
0,0,0,0,0.07042253521126761,1,1,0.6599999999999999,0.05827371336256635,0,1,0,0,1,0,0,1,0,0,0,0,1,0
0,0,1,0,0.02816901408450704,1,1,0.6100000000000001,0.026886683591045464,1,1,0,0,0,0,1,0,0,0,0,0,0,0
1,0,0,0,0.0,1,1,0.010000000000000009,0.00011539349180706218,0,0,1,0,0,0,0,0,0,0,0,0,0,1
0,0,0,0,0.9577464788732395,1,1,0.8800000000000001,0.845834294945765,1,1,0,0,0,1,1,1,1,0,1,0,0,0
0,0,0,0,0.4225352112676057,1,1,0.6300000000000001,0.30256173551811677,1,1,0,0,1,0,0,0,0,0,0,0,1,0
0,0,1,0,0.18309859154929578,1,0,0.26,0.07189014539579969,0,0,0,0,0,0,0,0,0,1,0,0,1,0
1,0,1,0,0.8450704225352113,1,1,0.76,0.6560120009231479,1,1,0,0,1,0,1,0,1,0,1,0,0,0
0,0,1,0,0.676056338028169,1,1,0.81,0.5579275328871451,1,1,0,0,1,0,0,1,1,0,0,0,0,0
1,0,1,1,0.07042253521126761,1,1,0.3,0.03219478421417032,0,0,0,0,0,0,1,0,0,0,0,0,0,1
0,0,0,0,0.15492957746478872,1,0,0.6300000000000001,0.09693053311793216,0,1,0,1,0,1,0,0,0,0,0,0,0,0
0,0,1,0,0.8732394366197184,1,0,0.49000000000000005,0.48649896145857374,1,0,0,0,1,0,1,0,1,0,1,0,0,1
1,0,1,1,0.8873239436619719,1,0,0.010000000000000009,0.15208862220170782,0,0,1,0,0,0,0,0,0,1,0,0,0,0
0,0,1,1,1.0,0,1,0.47000000000000003,0.546503577198246,0,0,0,1,1,1,1,1,1,0,1,1,0,0
1,0,1,0,0.09859154929577466,1,1,0.6599999999999999,0.08608354488806833,1,1,0,0,0,0,0,0,1,0,0,0,1,0
1,1,0,0,0.056338028169014086,1,0,0.6000000000000001,0.04154165705054235,0,1,0,0,0,0,0,0,1,0,0,0,1,0
1,0,1,1,0.7183098591549296,1,1,0.77,0.5721209323794137,1,1,0,0,1,1,0,1,0,1,0,1,0,0
1,1,0,0,0.26760563380281693,1,1,0.43,0.13339487652896379,1,0,0,0,0,0,0,0,1,0,0,0,0,1
1,0,0,0,0.1267605633802817,1,1,0.6599999999999999,0.09393030233094854,0,1,0,1,0,0,0,1,0,0,0,0,0,1
0,0,0,0,0.3802816901408451,1,0,0.0,0.05954304177244404,0,0,1,0,0,0,0,0,0,1,0,1,0,0
1,0,1,1,0.056338028169014086,0,0,0.07,0.012347103623355643,0,0,0,0,0,0,0,0,0,0,0,0,0,1
0,0,0,1,0.28169014084507044,1,0,0.6200000000000001,0.19951534733441034,1,1,0,1,0,0,0,0,0,0,0,0,1,0
0,0,1,1,0.971830985915493,0,0,0.42,0.47542118624509583,0,0,0,0,1,1,1,1,1,1,0,0,1,0
1,1,0,0,0.35211267605633806,1,1,0.71,0.26067389799215324,1,1,0,0,1,0,0,1,0,0,0,0,1,0
0,0,0,1,0.0,1,0,0.010000000000000009,0.00011539349180706218,0,0,1,0,0,0,0,0,0,0,0,0,0,1
0,0,0,0,0.02816901408450704,1,1,0.6799999999999999,0.026078929148396032,0,1,0,1,0,0,0,0,1,0,0,0,0,1
0,1,0,0,0.8732394366197184,1,1,0.9100000000000001,0.8092545580429263,1,1,0,1,1,1,0,1,1,0,0,0,0,0
1,1,1,0,1.0,1,1,0.9600000000000002,0.9594968843757212,1,1,0,1,1,1,1,1,1,0,1,0,0,0
0,0,0,0,0.8591549295774649,1,1,0.74,0.6592430186937457,1,1,0,1,1,0,0,0,1,1,0,0,0,0
1,1,1,0,0.3802816901408451,1,0,0.07,0.08262174013385645,1,0,1,0,0,0,0,0,0,0,0,0,0,1
0,1,1,0,0.08450704225352114,1,1,0.8300000000000001,0.07869836141241635,1,1,0,0,0,1,0,1,1,0,0,0,1,0
1,0,0,0,0.014084507042253521,1,0,0.010000000000000009,0.003000230786983614,0,0,1,0,0,0,0,0,0,0,0,0,0,1
1,0,1,1,0.5633802816901409,1,1,0.48000000000000004,0.31271636279713827,0,0,0,0,1,0,1,0,1,1,0,0,0,0
0,1,1,0,0.1267605633802817,1,0,0.6699999999999999,0.09612277867528272,1,1,0,0,0,0,0,0,1,0,0,0,1,0
1,0,1,0,0.28169014084507044,1,1,0.8500000000000001,0.25801984768059083,1,1,0,1,0,1,0,1,1,0,0,0,1,0
1,0,0,0,1.0,1,0,0.07,0.21324717285945075,1,0,1,0,0,0,0,0,0,0,1,1,0,0
0,0,1,1,0.0,1,1,0.020000000000000018,0.00023078698361412436,0,0,1,0,0,0,0,0,0,1,0,0,1,0
0,0,0,1,0.0,1,0,0.3,0.003461804754211863,0,0,0,0,0,1,0,0,0,0,0,0,1,0
0,0,0,0,0.7183098591549296,1,1,0.6100000000000001,0.4845372720978537,1,0,0,1,0,0,1,1,1,0,1,1,0,0
1,1,1,0,0.3802816901408451,1,1,0.9200000000000002,0.3676436648972998,1,1,0,0,1,1,1,1,1,0,0,0,1,0
0,0,0,0,0.4084507042253521,1,1,0.46,0.21578582967920612,1,0,0,1,0,0,0,0,1,0,0,0,0,1
0,0,1,1,0.7323943661971831,1,0,0.51,0.42326332794830374,1,0,0,1,1,0,0,0,1,0,1,0,0,0
1,0,1,0,0.6619718309859155,1,1,0.47000000000000003,0.354950380798523,0,0,0,0,1,1,0,0,1,1,0,0,1,0
1,0,0,0,0.04225352112676056,1,1,0.32,0.025040387722132476,0,0,0,1,0,0,0,0,0,0,0,0,0,0
1,0,1,1,0.8028169014084507,1,0,0.81,0.6725132702515578,0,1,0,1,1,0,0,1,1,1,0,1,0,0
1,0,1,1,0.07042253521126761,1,0,0.010000000000000009,0.010039233787214401,0,0,1,0,0,0,0,0,0,1,0,1,0,0
1,0,1,1,0.7464788732394366,1,0,0.73,0.570851603969536,1,0,0,1,1,1,1,1,1,0,1,1,0,0
0,0,0,0,0.5070422535211268,0,0,0.17000000000000004,0.1497807523655666,0,0,0,0,0,0,0,1,0,0,1,1,0,0
1,1,0,0,0.25352112676056343,1,1,0.8700000000000001,0.2295176552042465,0,1,0,1,1,0,1,1,1,0,0,0,0,1
0,0,1,0,0.5492957746478874,1,1,0.32,0.23540272328640666,0,0,0,0,1,0,0,0,0,0,0,0,0,1
0,0,1,1,0.47887323943661975,1,1,0.55,0.3049849988460651,1,0,0,0,0,0,1,1,1,1,0,0,0,0
1,0,0,0,0.6338028169014085,1,1,0.8600000000000001,0.5638126009693053,0,1,0,0,1,1,1,1,1,0,1,0,0,0
1,0,0,0,0.295774647887324,0,1,0.32,0.12462497115162705,0,0,0,0,1,0,0,1,1,0,0,0,1,0
1,0,1,1,0.9859154929577465,1,0,0.020000000000000018,0.171013154858066,0,0,1,0,0,0,0,0,0,0,1,0,0,0
1,1,1,0,0.7605633802816901,1,1,0.6699999999999999,0.5603507962150934,1,1,0,0,1,1,0,0,0,0,0,0,1,0
0,1,0,0,0.4084507042253521,1,1,0.51,0.23944149549965382,1,0,0,0,0,1,1,1,0,0,1,1,0,0
1,0,0,0,0.6619718309859155,1,0,0.06,0.12866374336487424,1,0,1,0,0,0,0,0,0,1,0,0,0,0
1,0,1,1,0.619718309859155,1,0,0.6300000000000001,0.4065312716362797,1,0,0,1,1,1,1,1,0,0,0,0,0,1
1,0,1,1,1.0,1,1,0.6599999999999999,0.6886683591045465,1,0,0,1,0,1,1,1,1,0,1,0,0,0
1,0,0,0,0.014084507042253521,0,0,0.06,0.0032310177705977385,0,0,0,0,0,0,0,0,0,0,0,0,1,0
0,1,1,0,0.7464788732394366,1,0,0.56,0.4501500115393492,1,1,0,0,0,0,0,0,0,0,0,0,0,0
1,0,1,1,1.0,1,1,0.6200000000000001,0.6771290099238403,0,0,0,1,0,1,1,1,1,0,1,0,0,0
1,0,0,0,0.11267605633802817,1,0,0.53,0.0754673436418186,0,1,0,0,0,0,0,0,0,0,0,0,1,0
0,0,0,1,0.0,1,0,0.020000000000000018,0.00023078698361412436,0,0,1,0,0,0,0,0,0,0,0,0,0,1
1,0,0,1,0.14084507042253522,1,0,0.010000000000000009,0.02284791137779829,0,0,1,0,0,0,0,0,0,0,0,1,0,0
0,0,1,1,0.9014084507042254,1,0,0.54,0.5348488345257327,1,0,0,1,1,1,0,0,1,1,0,1,0,0
1,0,1,1,0.16901408450704225,1,1,0.45,0.09208400646203554,0,0,0,1,0,1,0,0,1,0,0,0,0,1
1,0,0,0,0.6901408450704226,1,1,0.6100000000000001,0.46226632817909075,1,0,0,0,1,0,1,1,1,0,1,0,0,1
1,0,0,0,0.5211267605633804,1,1,0.8500000000000001,0.45811216247403647,1,1,0,0,0,1,1,1,1,0,0,0,1,0
0,0,1,0,0.8873239436619719,1,1,0.8400000000000001,0.7657512116316639,0,1,0,0,1,1,1,1,1,1,0,1,0,0
1,1,0,0,0.19718309859154928,1,0,0.71,0.14654973459496887,1,1,0,0,1,0,0,1,0,0,0,1,0,0
0,0,0,0,0.07042253521126761,1,0,0.26,0.02907915993537965,0,0,0,0,0,0,0,0,0,0,0,0,1,0
1,0,1,0,0.8450704225352113,1,0,0.020000000000000018,0.14539579967689822,0,0,1,0,0,0,0,0,0,0,1,1,0,0
0,0,1,0,1.0,1,1,0.9600000000000002,0.9309946918993769,1,1,0,1,1,1,1,1,1,0,1,1,0,0
1,0,1,0,0.014084507042253521,0,1,0.17000000000000004,0.005769674590353104,0,0,0,0,0,0,0,0,1,0,0,0,1,0
0,0,1,0,0.9859154929577465,1,1,0.06,0.20747749826909764,1,0,1,0,0,0,0,0,0,0,1,0,1,0
0,1,1,0,0.2112676056338028,1,1,0.73,0.1756288945303485,0,1,0,0,0,1,1,0,1,0,0,0,1,0
0,0,1,0,0.943661971830986,1,1,0.9200000000000002,0.8761827832910224,1,1,0,0,1,1,1,1,1,0,1,0,0,0
0,0,0,0,0.22535211267605634,1,1,0.020000000000000018,0.040041541657050546,0,0,1,0,0,0,0,0,0,1,0,0,0,1
0,0,1,1,0.08450704225352114,0,0,0.2,0.030233094853450264,0,0,0,1,1,1,0,0,0,0,1,0,0,1
0,0,0,0,0.014084507042253521,1,0,0.72,0.018001384721901686,1,1,0,1,0,0,0,0,1,0,0,0,0,1
0,0,0,0,0.09859154929577466,0,0,0.10999999999999999,0.02284791137779829,0,0,0,1,0,0,0,0,0,0,0,0,0,1
0,0,1,1,0.6338028169014085,1,1,0.020000000000000018,0.10373874913454882,0,0,1,0,0,0,0,0,0,0,1,0,0,1
1,0,0,0,0.09859154929577466,1,1,0.010000000000000009,0.01650126932840988,0,0,1,0,0,0,0,0,0,1,0,0,0,1
0,0,1,1,0.9577464788732395,1,1,0.020000000000000018,0.159819986152781,0,0,1,0,0,0,0,0,0,1,0,1,0,0
0,1,0,0,0.02816901408450704,1,1,0.5900000000000001,0.0252711747057466,1,1,0,0,0,0,0,0,0,0,0,0,1,0
0,0,1,0,0.6901408450704226,1,0,0.020000000000000018,0.12104777290560813,0,0,1,0,0,0,0,0,0,0,1,0,0,1
1,0,0,0,0.3943661971830986,1,0,0.020000000000000018,0.06704361873990308,0,0,1,0,0,0,0,0,0,1,0,0,0,1
0,0,0,1,0.0,1,1,0.53,0.00611585506577429,0,1,0,0,0,0,0,0,0,0,0,0,1,0
1,0,0,0,0.11267605633802817,1,0,0.51,0.0730440803138703,0,1,0,0,0,0,0,0,0,0,0,0,1,0
0,0,1,1,0.1267605633802817,1,1,0.06,0.02711747057465959,1,0,1,0,0,0,0,0,0,0,0,0,0,1
1,0,0,0,0.8732394366197184,1,1,0.6200000000000001,0.5743134087237479,1,0,0,1,1,1,1,0,1,0,1,1,0,0
1,0,0,0,0.056338028169014086,1,0,0.010000000000000009,0.010385414262635588,0,0,1,0,0,0,0,0,0,0,0,1,0,0
1,0,0,0,0.943661971830986,0,0,0.2,0.3116778213708747,0,0,0,1,0,1,1,0,0,0,1,0,0,1
1,1,1,0,0.35211267605633806,1,1,0.75,0.27267482114008773,1,1,0,0,1,1,0,0,1,0,0,0,1,0
1,0,0,0,0.15492957746478872,1,0,0.010000000000000009,0.024232633279483037,0,0,1,0,0,0,0,0,0,1,0,0,0,1
1,0,0,1,0.09859154929577466,0,1,0.2,0.036002769443803366,0,0,0,1,0,0,0,0,1,0,0,0,1,0
1,0,0,1,0.6338028169014085,1,1,0.81,0.5046157396722825,0,1,0,0,1,1,0,1,1,0,0,0,1,0
1,0,0,0,0.5915492957746479,1,0,0.37000000000000005,0.27994461112393265,0,0,0,0,1,0,1,0,0,1,0,0,1,0
1,0,1,1,0.8309859154929577,1,0,0.9700000000000002,0.7777521347795984,1,1,0,1,1,1,1,1,1,0,1,1,0,0
1,0,0,0,0.22535211267605634,1,0,0.010000000000000009,0.035195015001153934,0,0,1,0,0,0,0,0,0,1,0,0,0,0
1,1,1,0,0.0,0,1,0.06,0.0006923609508423727,0,0,0,0,0,0,0,0,0,0,0,0,1,0
1,0,0,0,0.7464788732394366,1,1,0.8500000000000001,0.648626817447496,1,1,0,1,0,1,0,1,1,1,0,0,0,0
0,0,0,0,0.4225352112676057,1,1,0.37000000000000005,0.19582275559658438,0,0,0,0,0,1,1,0,0,0,0,0,1,0
1,0,0,0,0.07042253521126761,1,0,0.010000000000000009,0.011308562197092085,0,0,1,0,0,0,0,0,0,0,1,1,0,0
0,0,1,0,0.09859154929577466,1,1,0.56,0.0681975536579737,0,1,0,1,0,0,0,0,0,0,0,0,1,0
0,0,0,1,0.0,1,0,0.010000000000000009,0.00011539349180706218,0,0,1,0,0,0,0,0,0,0,0,0,0,1
1,0,1,0,0.7323943661971831,1,1,0.76,0.5748903761827833,0,1,0,0,0,1,0,1,1,1,0,0,0,0
0,0,0,0,0.35211267605633806,1,0,0.010000000000000009,0.05065774290330025,0,0,1,0,0,0,0,0,0,1,0,1,0,0
1,0,1,0,0.7887323943661972,1,1,0.52,0.47380567735979695,0,0,0,1,1,0,1,1,0,0,1,1,0,0
1,0,1,0,0.7323943661971831,1,1,0.9000000000000001,0.6577429033002539,1,1,0,0,1,1,1,1,1,1,0,0,0,0
0,0,1,1,0.9859154929577465,1,0,0.8200000000000001,0.8297945995845835,0,1,0,1,1,1,1,1,0,0,1,1,0,0
0,0,0,0,0.15492957746478872,1,0,0.07,0.0343872605585045,1,0,1,0,0,0,0,0,0,0,0,0,1,0
0,0,1,1,1.0,1,1,0.9600000000000002,0.9277636741287791,1,1,0,1,1,1,1,1,1,0,1,1,0,0
1,0,0,0,0.9295774647887325,0,1,0.35000000000000003,0.4109162243249481,0,0,0,0,0,1,1,1,1,0,0,1,0,0
1,1,1,1,0.6338028169014085,1,1,0.9200000000000002,0.5716593584121855,1,1,0,1,1,0,1,1,1,0,0,0,1,0
0,0,0,0,0.25352112676056343,1,1,0.43,0.12404800369259175,0,0,0,0,0,0,1,1,0,0,0,1,0,0
0,0,0,0,0.3098591549295775,1,1,0.81,0.2624048003692592,0,1,0,1,0,1,0,1,1,1,0,1,0,0
1,0,0,0,0.0,1,0,0.5700000000000001,0.006577429033002539,0,1,0,0,0,1,0,0,0,0,0,0,1,0
1,0,0,0,0.971830985915493,1,0,0.08000000000000002,0.21209323794138013,1,0,1,0,0,0,0,0,0,1,0,1,0,0
1,0,1,1,1.0,1,0,0.010000000000000009,0.16674359566120472,0,0,1,0,0,0,0,0,0,0,1,0,0,0
1,0,1,0,0.19718309859154928,1,0,0.020000000000000018,0.036002769443803366,0,0,1,0,0,0,0,0,0,0,0,1,0,0
1,0,0,1,0.0,0,0,0.06,0.0006923609508423727,0,0,0,0,0,0,0,0,0,0,0,0,0,1
1,1,0,0,0.9295774647887325,1,1,0.74,0.7064389568428341,0,1,0,1,1,0,1,1,0,0,1,0,0,0
0,0,0,0,0.25352112676056343,1,1,0.6000000000000001,0.17043618739903071,0,1,0,0,0,0,0,1,0,0,0,0,0,0
0,0,0,0,0.22535211267605634,1,0,0.38000000000000006,0.10708516039695362,0,0,0,1,1,0,0,0,0,1,0,0,0,1
1,0,1,1,0.09859154929577466,1,0,0.38000000000000006,0.04419570736210478,0,0,0,0,1,0,1,0,0,0,0,0,0,0
1,0,1,1,0.1267605633802817,1,0,0.37000000000000005,0.058850680821601664,0,0,0,0,0,1,1,0,0,0,0,1,0,0
1,0,1,1,0.9577464788732395,1,0,0.43,0.4663051003923379,1,0,0,1,0,0,1,0,0,0,1,1,0,0
0,1,1,0,0.16901408450704225,1,0,0.52,0.0958919916916686,0,1,0,0,0,0,0,0,0,0,0,0,0,0
1,0,1,0,0.0,0,1,0.10999999999999999,0.0012693284098776831,0,0,0,0,1,0,0,0,0,0,0,0,1,0
1,1,0,0,0.4084507042253521,1,1,0.8600000000000001,0.3580660050773137,1,1,0,0,1,1,0,1,1,0,0,0,1,0
1,0,1,0,0.6056338028169015,1,1,0.77,0.46642049388414497,1,1,0,1,1,1,1,0,0,0,0,1,0,0
1,1,0,0,0.014084507042253521,1,1,0.7,0.018578352180936994,1,1,0,0,0,1,0,0,1,0,0,0,1,0
1,0,1,0,1.0,1,0,0.74,0.7449803831063928,1,0,0,1,1,1,1,1,1,0,1,0,0,0
0,0,1,1,0.8028169014084507,1,0,0.76,0.6398569120701593,1,1,0,0,0,1,1,0,1,0,1,0,0,0
0,0,0,0,0.02816901408450704,1,1,0.010000000000000009,0.004038772213247173,0,0,1,0,0,0,0,0,0,0,0,0,0,1
0,0,1,1,0.943661971830986,1,1,0.9200000000000002,0.8595661204708054,1,1,0,1,1,1,0,1,1,0,1,0,1,0
1,0,0,0,0.0,1,0,0.020000000000000018,0.00023078698361412436,0,0,1,0,0,0,0,0,0,0,0,0,0,1
1,0,0,0,0.2112676056338028,1,0,0.010000000000000009,0.035541195476575124,0,0,1,0,0,0,0,0,0,1,0,0,0,1
0,1,1,0,0.4507042253521127,1,1,0.9100000000000001,0.42418647588276026,1,1,0,1,0,1,1,1,1,0,0,0,0,0
1,0,1,0,0.9859154929577465,1,1,0.6200000000000001,0.656242787906762,0,0,0,0,1,1,1,1,1,0,1,1,0,0
0,0,1,1,0.943661971830986,1,0,0.6400000000000001,0.6644357258250635,0,0,0,1,1,0,1,1,1,0,1,0,0,0
0,0,0,0,0.09859154929577466,1,0,0.6599999999999999,0.07431340872374799,1,1,0,0,0,0,0,0,1,0,0,0,0,0
1,0,1,1,0.9014084507042254,1,1,0.07,0.19963074082621743,1,0,1,0,0,0,0,0,0,0,1,0,0,0
1,0,0,0,0.04225352112676056,1,0,0.020000000000000018,0.007615970459266097,0,0,1,0,0,0,0,0,0,0,0,0,0,1
0,1,1,0,0.4366197183098592,1,0,0.6699999999999999,0.3049849988460651,1,1,0,0,0,0,0,0,1,0,0,0,1,0
0,0,0,1,0.6056338028169015,1,0,0.010000000000000009,0.09243018693745673,0,0,1,0,0,0,0,0,0,0,1,0,0,0
1,1,0,0,0.8591549295774649,1,0,0.6599999999999999,0.5701592430186937,1,1,0,0,0,0,0,1,0,1,0,0,1,0
1,0,0,0,0.4225352112676057,1,1,0.5800000000000001,0.25490422340180013,1,1,0,0,0,0,0,0,0,0,0,0,1,0
0,0,1,0,0.28169014084507044,1,1,0.9300000000000002,0.26528963766443575,1,1,0,0,1,1,1,1,1,0,0,0,1,0
1,1,1,0,0.28169014084507044,1,0,0.53,0.17066697438264483,1,0,0,0,1,1,0,0,1,1,0,0,0,0
1,0,0,0,0.5211267605633804,1,1,0.6500000000000001,0.37099007615970464,0,1,0,1,1,1,0,0,0,0,0,1,0,0
0,1,1,0,0.4366197183098592,1,1,0.6699999999999999,0.30279252250173094,1,1,0,0,0,0,0,0,1,0,0,0,1,0
1,0,1,0,0.16901408450704225,0,1,0.3,0.07096699746134319,0,0,0,0,0,1,0,1,1,0,0,0,0,0
0,0,1,1,0.22535211267605634,1,0,0.010000000000000009,0.03588737595199631,0,0,1,0,0,0,0,0,0,1,0,0,0,0
1,0,1,0,0.23943661971830985,0,1,0.21000000000000002,0.07512116316639743,0,0,0,0,0,1,0,1,0,0,0,0,1,0
0,0,0,0,0.07042253521126761,1,1,0.6000000000000001,0.05492730210016155,0,1,0,1,1,0,0,0,0,0,0,0,1,0
0,0,1,1,0.676056338028169,1,1,0.75,0.5195015001153934,1,1,0,0,1,1,0,1,0,1,0,0,1,0
1,0,0,0,0.08450704225352114,0,1,0.22000000000000003,0.03173321024694207,0,0,0,0,1,0,0,0,1,0,0,1,0,0
0,0,1,1,1.0,1,1,0.8700000000000001,0.8682206323563351,1,1,0,1,0,1,0,1,1,0,1,0,0,0
0,0,1,1,0.647887323943662,1,1,0.9500000000000002,0.6114701130856219,1,1,0,1,1,1,1,1,1,1,0,0,0,0
0,0,1,1,0.35211267605633806,1,0,0.32,0.14620355411954766,0,0,0,0,0,1,0,0,0,1,0,0,0,1
1,0,0,0,0.04225352112676056,1,1,0.07,0.011308562197092085,1,0,1,0,0,0,0,0,0,0,1,1,0,0
1,0,1,1,0.9154929577464789,1,1,0.56,0.5586198938379875,1,1,0,0,0,0,0,0,0,1,0,0,0,0
1,0,0,0,0.11267605633802817,1,1,0.72,0.09127625201938612,0,1,0,0,0,0,0,1,1,0,0,0,0,0
1,0,1,1,0.295774647887324,1,0,0.020000000000000018,0.050080775444264945,0,0,1,0,0,0,0,0,0,1,0,0,0,0
1,0,0,0,0.0,1,0,0.27,0.0031156242787906763,0,0,0,0,0,0,0,0,0,0,0,0,0,1
1,0,1,1,0.7746478873239437,1,1,0.5,0.4373413339487653,1,0,0,1,0,1,0,0,1,1,0,0,0,0
1,1,1,0,0.9859154929577465,1,1,0.6400000000000001,0.6707823678744519,1,0,0,1,1,1,1,0,1,0,1,0,0,0
0,0,0,0,0.323943661971831,1,1,0.72,0.2612508654511886,1,1,0,0,1,0,0,1,0,0,0,1,0,0
1,0,0,0,0.07042253521126761,1,0,0.6500000000000001,0.05527348257558274,0,1,0,0,0,1,0,0,1,0,0,0,1,0
0,0,1,0,0.295774647887324,1,1,0.38000000000000006,0.1470113085621971,0,0,0,1,0,0,1,0,0,1,0,1,0,0
0,0,1,1,0.4507042253521127,1,0,0.6400000000000001,0.2982921763212555,0,0,0,0,1,1,1,1,1,0,1,1,0,0
0,1,1,0,0.36619718309859156,1,1,0.5700000000000001,0.21636279713824141,1,1,0,0,0,0,0,0,0,0,0,0,1,0
0,0,0,0,0.47887323943661975,1,0,0.6500000000000001,0.3265635818139857,1,1,0,0,0,0,0,1,0,0,0,0,1,0
1,0,1,0,0.323943661971831,1,0,0.020000000000000018,0.053542580198476804,0,0,1,0,0,0,0,0,0,1,0,1,0,0
0,0,1,1,0.26760563380281693,1,0,0.78,0.20863143318716826,1,1,0,0,1,0,1,1,0,0,0,0,0,1
1,1,0,0,0.5211267605633804,1,1,0.39000000000000007,0.2575582737133626,0,0,0,1,1,0,0,0,0,0,0,1,0,0
0,0,1,1,0.25352112676056343,0,1,0.16000000000000003,0.06831294714978076,0,0,0,1,1,0,0,0,0,0,0,0,0,1
0,0,0,1,0.08450704225352114,1,0,0.010000000000000009,0.013616432033233325,0,0,1,0,0,0,0,0,0,1,0,0,0,1
0,0,1,0,0.49295774647887325,1,0,0.020000000000000018,0.07477498269097624,0,0,1,0,0,0,0,0,0,1,0,0,0,1
1,0,0,0,0.9577464788732395,1,1,0.6699999999999999,0.678398338333718,1,0,0,1,0,1,1,1,1,0,1,1,0,0
1,0,0,0,0.647887323943662,1,1,0.39999999999999997,0.32252480960073854,0,0,0,1,1,0,1,0,0,1,0,0,0,1
0,0,0,0,0.4366197183098592,1,0,0.73,0.32921763212554817,0,1,0,0,0,0,0,1,1,0,0,0,1,0
0,0,1,0,0.8169014084507042,1,0,0.6699999999999999,0.5845834294945765,1,1,0,0,0,0,0,0,1,1,0,0,1,0
0,0,0,0,0.23943661971830985,1,0,0.05000000000000002,0.046849757673667204,1,0,1,0,0,0,0,0,0,1,0,0,0,1
0,0,1,0,0.22535211267605634,0,0,0.16000000000000003,0.06623586429725364,0,0,0,1,0,1,0,0,0,0,0,0,0,1
0,0,0,0,0.28169014084507044,1,1,0.6599999999999999,0.19836141241633973,1,1,0,0,0,0,0,0,1,0,0,0,1,0
1,0,0,0,0.7746478873239437,1,0,0.010000000000000009,0.11920147703669515,0,0,1,0,0,0,0,0,0,0,1,0,0,0
1,0,0,1,0.6338028169014085,1,1,0.8700000000000001,0.5543503346411263,0,1,0,1,1,0,1,1,1,1,0,0,0,0
1,0,1,0,0.295774647887324,1,1,0.36000000000000004,0.13385645049619202,0,0,0,0,1,1,0,0,0,0,0,0,0,1
1,0,0,1,0.0,1,1,0.42,0.004846526655896607,0,0,0,1,1,0,1,0,0,0,0,0,1,0
0,1,0,0,0.19718309859154928,1,0,0.5700000000000001,0.13016385875836603,1,1,0,0,0,0,0,0,0,0,0,0,1,0
0,0,0,0,0.7605633802816901,1,1,0.78,0.6075467343641818,1,1,0,0,0,0,0,1,1,0,0,0,1,0
1,0,0,1,0.295774647887324,1,1,0.6599999999999999,0.20747749826909764,1,1,0,0,0,0,0,0,1,0,0,0,1,0
1,0,0,0,0.619718309859155,1,1,0.69,0.4526886683591046,1,1,0,0,0,1,1,0,0,0,0,0,1,0
0,0,0,0,0.33802816901408456,1,0,0.020000000000000018,0.06035079621509347,0,0,1,0,0,0,0,0,0,0,0,0,0,1
1,0,1,1,0.056338028169014086,1,0,0.26,0.02330948534502654,0,0,0,0,0,0,0,0,0,0,0,0,0,1
0,0,1,0,0.8732394366197184,1,1,0.6599999999999999,0.6183937225940457,1,1,0,1,0,0,1,0,0,0,1,1,0,0
0,0,1,1,0.7605633802816901,1,1,0.72,0.5863143318716824,1,1,0,0,0,1,0,1,0,0,0,1,0,0
1,0,1,1,0.02816901408450704,1,0,0.010000000000000009,0.004154165705054235,0,0,1,0,0,0,0,0,0,0,0,0,0,1
0,0,0,0,0.11267605633802817,1,1,0.55,0.0791599353796446,0,1,0,0,0,1,0,0,0,0,0,0,1,0
0,0,0,0,0.35211267605633806,1,1,0.010000000000000009,0.05227325178859912,0,0,1,0,0,0,0,0,0,1,0,0,0,0
0,0,1,1,0.3098591549295775,1,0,0.020000000000000018,0.05031156242787907,0,0,1,0,0,0,0,0,0,0,1,0,0,1
0,0,0,0,0.5352112676056339,1,1,0.35000000000000003,0.2517885991230095,1,0,0,0,0,0,1,0,0,0,1,1,0,0
0,0,0,0,0.6056338028169015,1,1,0.9300000000000002,0.565081929379183,1,1,0,1,1,1,0,1,1,0,0,0,1,0
1,1,0,0,0.5774647887323944,1,1,0.8600000000000001,0.4967689822294023,1,1,0,0,1,1,0,1,1,0,0,0,0,0
1,0,0,1,0.09859154929577466,1,0,0.020000000000000018,0.016732056312024006,0,0,1,0,0,0,0,0,0,0,0,0,0,1
0,1,0,1,0.5211267605633804,1,1,0.6200000000000001,0.3627971382414032,1,1,0,1,0,0,0,0,0,0,0,0,0,1
1,0,1,1,0.5774647887323944,1,1,0.76,0.45061158550657743,1,1,0,1,1,0,0,1,0,1,0,1,0,0
0,0,0,0,0.5211267605633804,1,1,0.8600000000000001,0.4464574198015232,1,1,0,1,1,0,0,1,1,1,0,0,1,0
0,0,1,0,0.5211267605633804,1,0,0.020000000000000018,0.08366028156012002,0,0,1,0,0,0,0,0,0,0,1,0,0,0
1,0,1,1,1.0,1,0,0.9100000000000001,0.9359566120470806,1,1,0,1,1,1,0,1,1,0,1,1,0,0
0,0,0,0,0.09859154929577466,1,0,0.25,0.03657973690283868,0,0,0,0,0,0,0,0,0,0,0,0,0,1
0,0,0,0,0.3098591549295775,1,1,0.8600000000000001,0.28294484191091623,1,1,0,0,0,1,1,1,1,0,0,0,0,1
0,0,0,0,0.014084507042253521,1,1,0.010000000000000009,0.002307869836141242,0,0,1,0,0,0,0,0,0,0,0,0,0,1
1,1,0,0,0.0,1,1,0.52,0.006000461573967228,0,1,0,0,0,0,0,0,0,0,0,0,1,0
1,0,0,0,0.014084507042253521,1,1,0.73,0.020193861066235864,1,1,0,0,0,1,0,1,0,0,0,0,1,0
1,0,1,0,0.056338028169014086,1,1,0.7,0.05031156242787907,0,1,0,1,0,1,0,0,1,0,0,0,0,1
0,0,1,0,0.9859154929577465,1,1,0.9100000000000001,0.9042234018001385,1,1,0,1,1,1,0,1,1,1,0,0,1,0
1,0,1,1,0.09859154929577466,1,1,0.76,0.08758366028156013,0,1,0,0,0,1,0,1,1,0,0,0,1,0
1,0,1,0,0.8591549295774649,1,1,0.54,0.49226863604892684,0,0,0,1,1,1,0,1,0,0,1,1,0,0
0,0,1,1,0.6338028169014085,1,1,0.020000000000000018,0.105931225478883,0,0,1,0,0,0,0,0,0,0,1,0,0,1
1,0,1,1,0.33802816901408456,0,1,0.39999999999999997,0.17124394184168015,0,0,0,1,1,1,0,1,1,0,0,1,0,0
1,0,1,1,0.19718309859154928,1,1,0.8700000000000001,0.1778213708746827,1,1,0,0,1,1,0,1,1,0,0,0,0,0
0,0,0,0,0.04225352112676056,1,1,0.5800000000000001,0.03461804754211863,1,1,0,0,0,0,0,0,0,0,0,0,1,0
0,0,0,0,0.07042253521126761,1,0,0.020000000000000018,0.011308562197092085,0,0,1,0,0,0,0,0,0,1,0,0,0,1
1,0,1,0,0.07042253521126761,1,0,0.27,0.035195015001153934,0,0,0,0,0,0,0,0,0,0,0,0,0,1
0,1,1,0,1.0,1,0,0.5900000000000001,0.6205861989383799,1,0,0,0,1,1,1,1,0,0,1,1,0,0
1,1,1,0,0.6901408450704226,1,1,0.7,0.5018462958689129,1,1,0,0,1,0,0,1,0,0,0,0,1,0
1,1,1,0,0.33802816901408456,1,0,0.7,0.2507500576967459,0,1,0,0,1,1,0,0,1,0,0,0,0,0
1,1,1,0,0.4366197183098592,1,0,0.6100000000000001,0.29448419109162244,1,1,0,0,0,1,0,0,0,0,0,0,0,1
1,0,0,0,0.0,1,0,0.76,0.008769905377336719,0,1,0,0,0,1,0,1,1,0,0,0,1,0
0,0,0,0,0.014084507042253521,0,1,0.31,0.00830833141010847,0,0,0,0,0,1,0,1,1,0,0,0,1,0
1,0,0,0,0.14084507042253522,1,0,0.020000000000000018,0.026309716132010157,0,0,1,0,0,0,0,0,0,0,0,0,0,0
1,0,0,0,0.0,1,1,0.020000000000000018,0.00023078698361412436,0,0,1,0,0,0,0,0,0,0,0,0,0,1
0,0,1,0,0.5070422535211268,1,0,0.020000000000000018,0.07835218093699516,0,0,1,0,0,0,0,0,0,0,0,0,0,0
1,0,0,0,0.5633802816901409,1,1,0.06,0.10893145626586662,1,0,1,0,0,0,0,0,0,1,0,0,0,1
0,0,0,0,0.11267605633802817,1,1,0.6200000000000001,0.08019847680590815,0,1,0,0,0,0,0,0,1,0,0,0,1,0
0,0,1,1,0.07042253521126761,1,1,0.26,0.027925225017309027,0,0,0,0,0,0,0,0,0,0,0,0,0,0
0,0,0,0,0.1267605633802817,1,1,0.52,0.08331410108469883,0,1,0,0,0,0,0,0,0,0,0,0,1,0
0,0,0,0,0.5774647887323944,1,1,0.8300000000000001,0.4909993076390492,1,1,0,0,1,0,0,1,1,0,0,0,1,0
1,0,1,0,0.08450704225352114,1,1,0.6799999999999999,0.06508192937918303,1,1,0,0,0,0,0,1,0,0,0,0,1,0
0,0,1,1,0.9859154929577465,1,0,0.6699999999999999,0.7249019155319639,1,0,0,1,0,1,1,1,1,1,0,0,1,0
0,0,1,1,0.3943661971830986,1,1,0.020000000000000018,0.07339026078929149,0,0,1,0,0,0,0,0,0,0,0,0,0,1
0,0,1,1,0.6056338028169015,1,1,0.43,0.33533348719132244,0,0,0,0,1,1,1,0,0,0,0,0,0,1
1,0,1,1,0.9154929577464789,1,1,0.49000000000000005,0.5181167782137087,1,0,0,1,1,1,0,0,0,0,0,0,0,0
1,0,1,0,0.8028169014084507,1,1,0.5,0.45626586660512347,1,0,0,1,0,0,1,0,1,1,0,0,1,0
0,0,1,1,0.11267605633802817,1,1,0.6100000000000001,0.07419801523194093,1,1,0,0,0,1,0,0,0,0,0,0,0,0
0,0,0,0,0.22535211267605634,1,0,0.33,0.10177705977382877,0,0,0,0,0,0,1,0,0,0,0,0,0,1
0,0,0,0,1.0,1,0,0.9500000000000002,0.9399953842603277,1,1,0,1,1,1,1,1,1,0,1,0,0,0
1,1,0,0,0.4084507042253521,1,0,0.73,0.31617816755135014,1,1,0,1,1,1,0,0,0,0,0,1,0,0
0,1,1,0,0.9859154929577465,1,1,0.9700000000000002,0.9229171474728826,1,1,0,1,1,1,1,1,1,0,1,0,0,0
1,0,0,0,0.26760563380281693,1,1,0.010000000000000009,0.045580429263789524,0,0,1,0,0,0,0,0,0,0,0,0,0,0
1,0,1,1,0.7042253521126761,0,1,0.38000000000000006,0.3323332564043388,0,0,0,0,0,1,1,1,1,1,0,0,1,0
0,0,0,0,0.7323943661971831,1,0,0.6699999999999999,0.5191553196399723,1,1,0,0,0,0,0,1,0,0,0,0,0,0
1,0,0,0,0.0,1,0,0.020000000000000018,0.00023078698361412436,0,0,1,0,0,0,0,0,0,0,0,0,0,1
1,0,0,0,0.22535211267605634,1,1,0.51,0.1257789060696977,1,0,0,0,0,1,1,1,0,0,0,0,0,1
0,0,0,0,0.6619718309859155,1,0,0.010000000000000009,0.10362335564274176,0,0,1,0,0,0,0,0,0,0,1,1,0,0
1,0,1,1,1.0,1,1,1.0,0.9986152780983153,1,1,0,1,1,1,1,1,1,0,1,0,0,0
1,0,1,1,0.8028169014084507,1,0,0.07,0.17205169628432956,1,0,1,0,0,0,0,0,0,0,1,1,0,0
1,0,1,0,0.7887323943661972,1,0,0.010000000000000009,0.12658666051234713,0,0,1,0,0,0,0,0,0,0,1,0,0,0
0,0,1,1,0.7042253521126761,0,0,0.41,0.345718901453958,0,0,0,1,1,1,0,1,1,1,0,0,1,0
1,0,1,0,0.07042253521126761,1,1,0.8700000000000001,0.060812370182321725,1,1,0,0,1,1,0,1,1,0,0,0,1,0
0,1,1,0,0.19718309859154928,1,1,0.6699999999999999,0.1531271636279714,1,1,0,0,0,0,0,0,1,0,0,0,0,0
1,0,0,1,0.04225352112676056,1,0,0.6599999999999999,0.036348949919224556,1,1,0,0,1,1,0,0,0,0,0,0,0,0
0,0,1,1,0.07042253521126761,1,1,0.31,0.03196399723055619,0,0,0,1,0,0,0,0,0,0,0,0,1,0
1,0,0,0,0.1267605633802817,1,0,0.27,0.04731133164089545,0,0,0,0,0,0,0,0,0,0,0,0,0,1
1,0,0,0,0.1267605633802817,1,1,0.8,0.1102007846757443,1,1,0,1,0,0,0,1,1,0,0,0,1,0
1,0,0,0,0.5070422535211268,0,1,0.22000000000000003,0.16847449803831066,0,0,0,0,0,1,0,0,1,0,0,1,0,0
0,0,0,0,0.6338028169014085,0,0,0.2,0.20043849526886684,0,0,0,1,0,1,1,0,0,0,1,0,0,1
0,0,0,0,0.0,1,0,0.020000000000000018,0.00023078698361412436,0,0,1,0,0,0,0,0,0,0,0,0,0,1
1,0,0,0,0.7042253521126761,1,0,0.69,0.5143087929840757,0,1,0,0,0,0,0,1,1,1,0,1,0,0
0,1,0,0,0.9859154929577465,1,1,0.8800000000000001,0.8775675051927071,1,1,0,0,1,0,1,1,1,0,1,0,1,0
0,0,0,0,0.04225352112676056,1,1,0.6300000000000001,0.03715670436187399,0,1,0,0,0,0,0,1,0,0,0,0,1,0
1,0,1,1,0.04225352112676056,1,1,0.010000000000000009,0.007385183475651974,0,0,1,0,0,0,0,0,0,0,0,0,1,0
1,0,0,0,0.33802816901408456,1,1,0.47000000000000003,0.19166858989153013,0,0,0,0,1,0,1,0,1,0,0,0,0,0
1,0,0,0,0.07042253521126761,1,0,0.010000000000000009,0.01223171013154858,0,0,1,0,0,0,0,0,0,0,1,0,0,1
1,0,0,0,0.0,0,0,0.17000000000000004,0.0019616893607200554,0,0,0,0,0,1,1,0,0,0,0,0,0,1
1,0,0,0,0.7042253521126761,1,0,0.8900000000000001,0.6533579506115855,1,1,0,1,1,1,0,1,1,1,0,0,0,0
0,0,1,0,0.323943661971831,1,0,0.020000000000000018,0.05942764828063697,0,0,1,0,0,0,0,0,0,1,0,0,0,1
1,0,1,0,1.0,1,1,0.79,0.7873297945995845,1,1,0,0,0,1,0,1,1,0,1,0,1,0
1,0,1,0,0.0,1,1,0.020000000000000018,0.00023078698361412436,0,0,1,0,0,0,0,0,0,0,0,0,0,1
1,0,1,0,1.0,1,1,0.8700000000000001,0.8684514193399492,1,1,0,1,0,1,0,1,1,0,1,0,1,0
1,0,1,1,0.8873239436619719,1,0,0.47000000000000003,0.46734364181860144,0,0,0,1,0,0,1,1,0,1,0,0,0,1
0,0,0,0,0.8028169014084507,1,0,0.6200000000000001,0.5526194322640203,1,1,0,0,0,0,1,0,0,0,0,0,0,0
0,0,1,0,0.943661971830986,1,0,0.52,0.5450034618047542,0,0,0,1,1,1,0,0,1,0,1,0,0,0
0,1,0,0,0.11267605633802817,1,1,0.6100000000000001,0.08077544426494347,0,1,0,0,0,0,0,0,1,0,0,0,1,0
0,0,0,1,0.3098591549295775,0,0,0.22000000000000003,0.10720055388876068,0,0,0,1,1,0,1,0,0,1,0,0,0,0
1,0,0,0,0.02816901408450704,1,0,0.39000000000000007,0.01650126932840988,0,0,0,0,0,1,0,1,0,0,0,0,1,0
1,0,1,1,0.5774647887323944,1,1,0.8200000000000001,0.49446111239326107,0,1,0,0,0,1,1,1,1,0,1,0,1,0
1,0,0,0,0.19718309859154928,1,0,0.010000000000000009,0.03242557119778444,0,0,1,0,0,0,0,0,0,0,0,0,0,1
0,0,0,0,0.014084507042253521,1,1,0.27,0.009231479344564968,0,0,0,0,0,0,0,0,0,0,0,0,1,0
1,0,0,0,0.4225352112676057,1,0,0.6100000000000001,0.28606046618970693,0,0,0,0,1,1,1,1,1,0,1,0,0,1
0,0,1,1,0.5492957746478874,1,1,0.020000000000000018,0.08389106854373414,0,0,1,0,0,0,0,0,0,0,0,0,0,0
0,0,1,0,0.8591549295774649,1,0,0.78,0.6903992614816524,1,1,0,1,1,0,0,0,1,1,0,0,1,0
0,1,0,0,1.0,1,1,0.07,0.20436187399030697,1,0,1,0,0,0,0,0,0,0,1,1,0,0
1,0,0,0,0.647887323943662,1,0,0.56,0.40133856450496197,1,0,0,1,1,0,1,0,1,0,1,0,0,1
0,0,0,0,0.619718309859155,1,0,0.9400000000000002,0.5784675744288021,0,1,0,1,1,1,1,1,1,1,0,1,0,0
1,0,1,1,0.0,1,0,0.020000000000000018,0.00023078698361412436,0,0,1,0,0,0,0,0,0,0,0,0,0,1
0,0,0,0,0.647887323943662,1,1,0.8500000000000001,0.5620816985921994,1,1,0,0,1,1,0,1,1,1,0,0,1,0
0,0,0,0,0.26760563380281693,1,0,0.46,0.15924301869374569,0,0,0,1,0,1,0,0,1,0,0,1,0,0
0,1,1,0,0.36619718309859156,1,1,0.52,0.22213247172859452,0,1,0,0,0,0,0,0,0,0,0,0,1,0
1,0,1,1,0.18309859154929578,1,1,0.010000000000000009,0.02827140549273021,0,0,1,0,0,0,0,0,0,0,1,0,0,1
0,0,1,0,0.295774647887324,1,1,0.69,0.21140087699053775,0,1,0,0,0,1,0,1,0,0,0,0,0,0
1,0,1,1,0.7605633802816901,1,0,0.37000000000000005,0.35921993999538426,0,0,0,1,1,0,0,0,0,0,0,0,1,0
0,0,0,0,0.09859154929577466,0,1,0.12,0.024001846295868913,0,0,0,1,0,0,0,0,0,0,0,0,1,0
0,0,0,1,0.647887323943662,1,1,0.37000000000000005,0.30417724440341565,0,0,0,1,1,0,0,0,0,0,0,0,1,0
0,0,0,0,0.11267605633802817,1,0,0.52,0.07373644126471268,0,1,0,0,0,0,0,0,0,0,0,0,0,1
1,0,0,0,0.23943661971830985,1,1,0.5700000000000001,0.15716593584121857,0,1,0,1,0,0,0,0,0,0,0,0,1,0
0,0,1,1,0.7323943661971831,1,1,0.6000000000000001,0.45280406185091165,1,0,0,0,0,1,1,1,1,1,0,0,0,1
1,1,1,0,0.0,1,1,0.51,0.005885068082160166,0,1,0,0,0,0,0,0,0,0,0,0,1,0
0,0,0,0,0.14084507042253522,1,0,0.020000000000000018,0.021924763443341794,0,0,1,0,0,0,0,0,0,0,0,0,0,1
1,0,0,0,0.47887323943661975,0,1,0.15000000000000002,0.13351027002077084,0,0,0,0,0,1,1,0,0,0,0,0,0,1
0,0,0,1,0.49295774647887325,1,1,0.76,0.4031848603738749,0,1,0,0,1,0,0,1,1,0,0,0,1,0
1,0,1,0,1.0,1,0,0.08000000000000002,0.21878606046618973,1,0,1,0,0,0,0,0,0,0,1,1,0,0
1,0,0,0,0.014084507042253521,1,1,0.77,0.020540041541657054,1,1,0,0,0,0,0,1,1,0,0,0,1,0
1,0,0,0,0.46478873239436624,1,1,0.55,0.28917609046849757,0,1,0,0,1,0,0,0,0,0,0,1,0,0
1,0,0,0,0.0,1,1,0.37000000000000005,0.004269559196861297,0,0,0,0,0,0,0,1,0,0,0,1,0,0
0,0,1,1,0.5352112676056339,1,0,0.07,0.11181629356104317,1,0,1,0,0,0,0,0,0,0,1,0,0,1
1,0,1,1,0.323943661971831,1,0,0.6000000000000001,0.20932379413801064,1,0,0,1,1,0,0,1,1,1,0,0,1,0
1,0,0,0,0.5915492957746479,0,1,0.31,0.23747980613893377,0,0,0,0,0,1,0,1,1,0,0,0,0,0
0,1,1,0,0.323943661971831,1,1,0.6000000000000001,0.2024001846295869,1,1,0,1,0,0,0,0,0,0,0,0,1,0
1,0,0,0,0.0,1,0,0.5800000000000001,0.006692822524809601,1,1,0,0,0,0,0,0,0,0,0,0,1,0
0,0,0,0,0.18309859154929578,1,1,0.06,0.03496422801753981,1,0,1,0,0,0,0,0,0,1,0,1,0,0
1,1,0,0,0.7183098591549296,1,0,0.41,0.35598892222478656,1,0,0,1,0,1,0,0,0,0,1,0,0,0
1,0,0,0,0.7183098591549296,1,1,0.41,0.3490653127163628,0,0,0,0,0,1,0,0,1,0,0,0,1,0
1,0,1,1,0.056338028169014086,1,1,0.81,0.05158089083775675,0,1,0,0,1,0,1,1,1,0,0,0,0,1
0,0,0,0,0.1267605633802817,1,0,0.6100000000000001,0.08989153011770137,1,1,0,0,1,0,0,0,0,0,0,0,1,0
0,0,1,1,0.014084507042253521,1,0,0.41,0.012924071082390954,0,0,0,1,1,0,1,0,0,0,1,0,0,1
0,0,1,1,0.619718309859155,1,0,0.020000000000000018,0.10512347103623357,0,0,1,0,0,0,0,0,0,0,1,0,0,1
0,0,0,0,0.0,1,1,0.6799999999999999,0.007846757442880221,1,1,0,0,0,0,0,0,1,0,0,0,1,0
1,0,1,0,0.943661971830986,1,0,0.9600000000000002,0.9029540733902608,1,1,0,1,1,1,1,1,1,0,1,0,0,0
1,0,0,0,0.4225352112676057,1,0,0.47000000000000003,0.22801753981075468,1,0,0,1,0,1,1,0,0,0,0,1,0,0
1,0,1,1,0.9577464788732395,1,0,0.010000000000000009,0.15901223171013157,0,0,1,0,0,0,0,0,0,0,1,0,0,0
0,0,1,1,0.47887323943661975,1,1,0.71,0.36314331871682437,0,1,0,0,1,0,1,1,0,1,0,0,1,0
0,1,1,0,0.9859154929577465,1,1,0.53,0.576275098084468,0,0,0,1,1,0,1,1,0,1,0,0,0,0
1,0,0,1,0.6056338028169015,1,1,0.5900000000000001,0.3984537272097854,1,0,0,0,1,0,0,1,1,1,0,0,0,1
0,0,1,1,0.9577464788732395,1,0,0.010000000000000009,0.15439649203784908,0,0,1,0,0,0,0,0,0,0,1,0,0,0
1,0,1,0,0.08450704225352114,1,1,0.5700000000000001,0.055158089083775674,0,1,0,0,0,1,0,0,0,0,0,0,0,0
0,1,0,0,0.4225352112676057,1,1,0.72,0.3262174013385645,1,1,0,0,1,0,0,1,0,0,0,0,1,0
1,0,0,0,0.8732394366197184,1,0,0.8,0.7154396492037849,1,1,0,1,1,1,0,1,0,0,1,1,0,0
1,0,1,1,0.04225352112676056,1,1,0.79,0.042234018001384724,1,1,0,0,1,0,0,1,1,0,0,0,1,0
0,1,0,0,0.8873239436619719,1,0,0.8400000000000001,0.769674590353104,1,1,0,0,0,1,1,1,1,1,0,0,1,0
0,0,0,0,0.11267605633802817,0,1,0.16000000000000003,0.03207939072236326,0,0,0,0,0,0,0,1,0,0,0,1,0,0
1,0,1,1,0.0,0,0,0.22000000000000003,0.0025386568197553663,0,0,0,0,0,0,1,1,0,0,0,0,1,0
1,0,1,1,1.0,0,1,0.45,0.5384260327717516,0,0,0,1,1,1,1,1,1,0,1,0,0,0
0,0,1,1,0.6056338028169015,1,0,0.07,0.1260096930533118,1,0,1,0,0,0,0,0,0,1,0,0,0,1
0,1,1,0,0.014084507042253521,1,1,0.6799999999999999,0.015924301869374567,1,1,0,0,0,0,0,1,0,0,0,0,0,1
1,0,0,0,0.9014084507042254,1,1,0.77,0.7079390722363259,1,1,0,0,1,1,0,1,0,1,0,0,1,0
0,0,0,0,0.0,0,1,0.26,0.003000230786983614,0,0,0,0,1,0,1,0,1,0,0,0,0,1
0,0,0,0,0.09859154929577466,1,0,0.8200000000000001,0.09243018693745673,1,1,0,0,1,0,0,1,1,0,0,0,1,0
0,0,0,0,0.11267605633802817,1,0,0.010000000000000009,0.01869374567274406,0,0,1,0,0,0,0,0,0,0,0,1,0,0
0,0,1,1,0.5211267605633804,1,0,0.56,0.32125548119086084,0,0,0,1,1,1,1,1,0,1,0,0,1,0
0,0,1,1,0.647887323943662,1,1,0.78,0.5046157396722825,0,1,0,1,1,1,0,0,1,1,0,0,1,0
0,0,0,1,0.1267605633802817,1,0,0.77,0.10523886452804063,1,1,0,0,0,0,0,1,1,0,0,0,1,0
1,0,1,0,0.323943661971831,1,1,0.6100000000000001,0.22040156935148858,1,1,0,0,0,1,0,0,0,0,0,0,0,1
0,0,0,0,0.35211267605633806,1,1,0.020000000000000018,0.06658204477267483,0,0,1,0,0,0,0,0,0,1,0,1,0,0
1,0,1,0,1.0,1,1,0.8700000000000001,0.873644126471267,1,1,0,1,0,1,0,1,1,0,1,1,0,0
1,1,1,0,0.9859154929577465,1,1,0.6200000000000001,0.6528963766443573,1,1,0,1,0,0,0,0,0,0,1,1,0,0
1,0,1,0,0.676056338028169,1,0,0.010000000000000009,0.10385414262635588,0,0,1,0,0,0,0,0,0,1,0,1,0,0
1,0,0,0,0.09859154929577466,1,0,0.53,0.06288945303484884,1,0,0,1,0,0,1,0,1,0,0,0,1,0
1,0,1,1,0.22535211267605634,1,1,0.6699999999999999,0.16535887375951996,1,1,0,0,0,0,0,0,1,0,0,0,1,0
1,0,0,0,1.0,1,1,0.73,0.7707131317793676,1,0,0,1,1,1,1,1,1,0,1,0,0,0
0,0,1,0,0.8732394366197184,1,1,0.8400000000000001,0.7415185783521809,1,1,0,0,1,1,0,1,1,0,0,0,1,0
1,0,1,0,0.295774647887324,1,1,0.51,0.17724440341564737,0,1,0,0,0,0,0,0,0,0,0,0,1,0
1,0,0,0,0.5633802816901409,1,0,0.8,0.45834294945765064,1,1,0,0,0,1,0,1,1,0,0,0,0,0
0,0,0,0,0.33802816901408456,1,1,0.020000000000000018,0.055504269559196864,0,0,1,0,0,0,0,0,0,0,1,0,0,1
1,1,1,0,0.7746478873239437,1,1,0.5,0.4611123932610201,1,0,0,1,1,1,1,0,0,1,0,1,0,0
1,1,1,0,0.6056338028169015,1,0,0.8600000000000001,0.5166166628202169,1,1,0,0,0,1,1,1,1,0,0,0,1,0
1,0,1,1,0.7605633802816901,1,0,0.020000000000000018,0.12243249480729287,0,0,1,0,0,0,0,0,0,0,1,0,0,1
0,0,0,0,0.0,0,0,0.06,0.0006923609508423727,0,0,0,0,0,0,0,0,0,0,0,0,0,1
0,0,1,0,1.0,1,0,0.6000000000000001,0.6629356104315717,1,0,0,1,1,1,1,0,1,0,1,0,0,0
0,0,1,0,0.23943661971830985,1,0,0.38000000000000006,0.12185552734825757,1,0,0,0,1,0,0,0,0,0,0,1,0,0
1,0,1,0,1.0,1,1,0.9500000000000002,0.9353796445880452,1,1,0,1,1,1,1,1,1,0,1,1,0,0
0,1,1,0,0.9295774647887325,1,0,0.6500000000000001,0.6427417493653358,1,1,0,1,1,0,0,0,0,0,0,0,0,0
1,0,0,0,0.9014084507042254,1,1,0.6599999999999999,0.6278559889222247,0,0,0,1,1,1,1,1,1,0,1,0,0,0
1,0,1,0,0.3098591549295775,1,1,0.55,0.18739903069466884,1,0,0,0,0,0,1,1,1,0,0,1,0,0
0,1,1,0,0.22535211267605634,1,1,0.76,0.17828294484191093,1,1,0,0,0,0,0,1,1,0,0,0,1,0
1,0,1,1,1.0,1,1,0.08000000000000002,0.22732517885991232,1,0,1,0,0,0,0,0,0,0,1,0,0,0
0,0,0,0,0.0,1,1,0.5700000000000001,0.006577429033002539,1,1,0,0,0,0,0,0,0,0,0,0,1,0
0,0,0,0,0.5633802816901409,1,0,0.020000000000000018,0.09046849757673668,0,0,1,0,0,0,0,0,0,0,1,0,0,1
1,0,0,0,0.09859154929577466,1,0,0.5700000000000001,0.059658435264251096,0,1,0,0,1,0,0,0,0,0,0,0,1,0
0,0,1,1,0.9577464788732395,1,1,0.41,0.4674590353104085,0,0,0,1,1,1,0,0,0,0,1,0,0,0
0,0,1,1,0.8873239436619719,1,1,0.55,0.5388876067389798,0,0,0,1,0,1,0,1,1,1,0,1,0,0
0,1,1,0,0.7605633802816901,1,0,0.42,0.3805677359796908,1,0,0,1,1,0,0,0,0,1,0,1,0,0
0,0,1,1,0.7042253521126761,1,0,0.42,0.3580660050773137,0,0,0,1,1,0,1,0,0,0,1,1,0,0
0,0,1,1,0.4084507042253521,1,1,0.36000000000000004,0.18116778213708748,1,0,0,1,0,0,0,0,0,0,0,0,0,0
0,0,1,1,0.943661971830986,1,0,0.07,0.18486037387491347,1,0,1,0,0,0,0,0,0,0,1,0,0,0
1,0,0,0,0.16901408450704225,1,1,0.52,0.10016155088852989,0,1,0,0,0,0,0,0,0,0,0,0,0,1
1,0,1,1,0.09859154929577466,1,1,0.27,0.0453496422801754,0,0,0,0,0,0,0,0,0,0,0,0,1,0
1,0,0,0,0.056338028169014086,1,1,0.75,0.05400415416570505,1,1,0,0,0,0,0,1,1,0,0,0,0,1
0,0,0,0,0.35211267605633806,0,0,0.36000000000000004,0.15508885298869146,0,0,0,1,0,0,1,1,1,1,0,1,0,0
0,0,0,0,0.0,1,0,0.03,0.0003461804754211861,0,0,1,0,0,0,0,0,0,0,0,0,0,1
1,0,1,1,0.18309859154929578,1,1,0.6200000000000001,0.1308562197092084,0,1,0,0,0,0,0,0,1,0,0,0,0,0
0,0,1,1,0.46478873239436624,1,1,0.79,0.3914147242095546,1,1,0,0,1,0,0,1,1,0,0,0,0,0
0,1,1,0,0.5633802816901409,1,1,0.6500000000000001,0.3756058158319871,1,1,0,1,0,1,0,0,0,0,0,0,0,0
0,0,1,1,0.5633802816901409,1,0,0.5,0.3255250403877222,1,0,0,0,1,1,0,1,0,1,0,0,0,0
1,0,1,1,0.35211267605633806,1,1,0.020000000000000018,0.05481190860835449,0,0,1,0,0,0,0,0,0,0,0,1,0,0
1,0,1,1,0.4507042253521127,1,1,0.06,0.08331410108469883,1,0,1,0,0,0,0,0,0,0,1,0,0,1
0,0,1,0,1.0,1,0,0.010000000000000009,0.14839603046388186,0,0,1,0,0,0,0,0,0,0,1,1,0,0
0,0,0,0,0.11267605633802817,1,1,0.77,0.09358412185552736,1,1,0,0,0,0,0,1,1,0,0,0,1,0
1,0,0,0,0.35211267605633806,1,1,0.38000000000000006,0.1771290099238403,0,0,0,0,1,1,0,0,0,1,0,0,0,1
1,0,1,1,0.36619718309859156,1,0,0.010000000000000009,0.06138933764135703,0,0,1,0,0,0,0,0,0,0,1,0,0,1
1,0,0,0,0.07042253521126761,1,0,0.52,0.04788829909993077,0,1,0,0,0,0,0,0,0,0,0,1,0,0
1,0,0,0,0.3802816901408451,0,1,0.17000000000000004,0.10881606277405956,0,0,0,0,0,1,1,0,0,0,0,0,0,1
0,0,1,1,1.0,0,0,0.2,0.31675513501038544,0,0,0,1,1,1,0,0,0,0,1,1,0,0
1,0,1,1,0.16901408450704225,1,0,0.0,0.026886683591045464,0,0,1,0,0,0,0,0,0,0,0,0,0,1
1,0,1,1,0.8450704225352113,0,1,0.43,0.4307639049157628,0,0,0,0,1,1,1,1,1,0,1,0,0,0
0,0,0,0,0.9577464788732395,1,1,0.79,0.7760212324024924,1,1,0,0,1,1,1,1,0,0,1,1,0,0
1,0,0,0,0.6619718309859155,1,1,0.6500000000000001,0.4464574198015232,1,0,0,1,1,1,0,1,1,1,0,1,0,0
1,0,1,0,0.8873239436619719,1,1,0.8700000000000001,0.7819063004846527,1,1,0,0,1,0,1,1,1,0,1,0,0,0
0,0,0,0,0.47887323943661975,1,0,0.020000000000000018,0.0849296099699977,0,0,1,0,0,0,0,0,0,1,0,0,0,0
0,0,0,0,0.1267605633802817,1,1,0.020000000000000018,0.02077082852527118,0,0,1,0,0,0,0,0,0,0,0,1,0,0
1,1,0,0,0.8309859154929577,1,1,0.8300000000000001,0.7105931225478883,1,1,0,1,0,0,0,1,1,1,0,0,0,0
0,0,1,1,0.5633802816901409,1,1,0.8400000000000001,0.48407569813062545,1,1,0,0,0,1,1,1,1,1,0,0,1,0
0,0,1,1,0.46478873239436624,1,0,0.010000000000000009,0.07615970459266098,0,0,1,0,0,0,0,0,0,1,0,1,0,0
0,0,0,1,0.4366197183098592,1,0,0.020000000000000018,0.0782367874451881,0,0,1,0,0,0,0,0,0,0,1,0,0,1
0,0,1,0,1.0,1,1,0.81,0.8543734133394877,1,1,0,1,1,1,0,0,1,0,1,0,1,0
0,1,0,0,0.943661971830986,1,1,0.77,0.7483267943687976,1,1,0,0,1,1,0,0,1,0,0,0,1,0
0,0,0,1,0.6619718309859155,1,1,0.46,0.34814216478190635,1,0,0,1,1,1,0,0,0,1,0,0,0,0
1,0,0,0,1.0,1,0,0.41,0.4900761597045927,1,0,0,1,1,0,0,0,0,0,1,0,0,0
1,0,0,0,0.16901408450704225,1,1,0.6200000000000001,0.11458573736441266,0,1,0,0,0,0,0,0,1,0,0,0,1,0
0,0,0,0,0.04225352112676056,1,0,0.010000000000000009,0.008654511885529657,0,0,1,0,0,0,0,0,0,0,0,0,0,1
0,0,0,0,0.6619718309859155,1,0,0.010000000000000009,0.11377798292176322,0,0,1,0,0,0,0,0,0,1,0,0,0,0
1,0,0,0,0.47887323943661975,1,1,0.44,0.23978767597507503,0,0,0,0,0,1,0,0,1,0,0,0,1,0
1,0,0,1,0.23943661971830985,0,1,0.17000000000000004,0.06173551811677821,0,0,0,0,0,0,0,0,1,0,0,0,1,0
1,0,1,0,0.619718309859155,1,0,0.9500000000000002,0.5785829679206093,1,1,0,1,1,1,1,1,1,1,0,0,0,1
0,0,0,0,0.35211267605633806,1,1,0.6200000000000001,0.23886452804061853,1,1,0,0,0,0,1,0,0,0,0,0,1,0
0,0,1,0,0.8732394366197184,1,0,0.6200000000000001,0.5795061158550657,1,0,0,1,1,1,1,0,1,1,0,1,0,0
1,1,1,0,0.7042253521126761,1,1,0.5900000000000001,0.43722594045695823,1,1,0,1,0,0,0,0,0,0,0,0,1,0
0,0,0,1,0.0,1,1,0.72,0.00830833141010847,0,1,0,0,0,0,0,1,1,0,0,0,1,0
0,0,1,1,0.35211267605633806,1,1,0.6400000000000001,0.2382875605815832,1,0,0,0,0,1,1,1,1,1,0,1,0,0
1,0,0,0,0.014084507042253521,0,0,0.33,0.009000692360950843,0,0,0,0,1,0,0,1,1,0,0,0,1,0
1,0,1,0,0.5915492957746479,1,0,0.6200000000000001,0.3900300023078699,1,1,0,0,1,0,0,0,0,0,0,0,1,0
1,0,1,1,0.9295774647887325,1,1,0.8200000000000001,0.7697899838449112,1,1,0,1,0,1,1,0,1,1,0,0,0,0
1,0,0,0,0.0,1,1,0.52,0.006000461573967228,0,1,0,0,0,0,0,0,0,0,0,0,0,1
0,0,0,0,0.5633802816901409,1,0,0.47000000000000003,0.28998384491114704,1,0,0,0,0,1,0,0,1,1,0,0,0,1
0,0,0,0,0.4084507042253521,1,1,0.72,0.3158319870759289,0,1,0,0,0,0,0,1,1,0,0,0,1,0
1,0,0,0,0.0,1,1,0.6100000000000001,0.007039003000230788,1,1,0,0,0,1,0,0,0,0,0,0,0,1
0,0,0,0,0.014084507042253521,1,1,0.5800000000000001,0.01661666282021694,1,1,0,0,0,0,0,0,0,0,0,0,1,0
1,0,1,1,0.4366197183098592,1,0,0.5800000000000001,0.27532887145165014,0,0,0,1,1,1,1,0,1,0,0,0,0,0
1,1,0,0,0.23943661971830985,1,1,0.6599999999999999,0.16443572582506347,0,1,0,0,0,1,0,0,1,0,0,0,1,0
1,0,1,1,0.7323943661971831,1,1,0.010000000000000009,0.1178167551350104,0,0,1,0,0,0,0,0,0,1,0,0,0,0
0,0,1,1,0.647887323943662,1,0,0.36000000000000004,0.29079159935379645,1,0,0,0,1,0,0,0,0,0,0,0,1,0
0,0,0,0,0.0,1,0,0.32,0.003692591737825987,0,0,0,0,0,1,0,0,0,0,0,0,0,1
0,0,0,0,0.014084507042253521,1,0,0.26,0.006462035541195477,0,0,0,0,0,0,0,0,0,0,0,0,0,1
0,0,1,0,0.5070422535211268,1,0,0.6100000000000001,0.3338333717978306,1,0,0,1,0,1,0,1,1,1,0,0,0,1
0,0,1,0,0.014084507042253521,1,0,0.5800000000000001,0.015347334410339258,0,1,0,0,0,1,0,0,0,0,0,0,1,0
1,0,1,1,1.0,1,1,0.8,0.8205631202400184,1,1,0,0,1,1,1,0,1,0,1,0,0,0
1,0,0,0,0.15492957746478872,1,0,0.6000000000000001,0.10720055388876068,0,1,0,0,0,0,0,0,1,0,0,0,0,0
0,0,1,1,0.9295774647887325,1,0,0.08000000000000002,0.19270713131779368,1,0,1,0,0,0,0,0,0,0,1,0,0,1
1,0,1,1,0.676056338028169,1,0,0.07,0.13766443572582507,1,0,1,0,0,0,0,0,0,0,1,0,0,1
1,0,1,0,0.8732394366197184,1,1,0.9000000000000001,0.7907915993537964,1,1,0,0,1,1,1,1,1,0,0,0,1,0
1,0,1,1,0.943661971830986,1,1,0.55,0.5936995153473343,1,0,0,1,1,1,0,1,0,1,0,1,0,0
0,0,0,0,0.7183098591549296,0,0,0.12,0.18520655435033465,0,0,0,0,1,0,0,0,0,1,0,0,0,1
1,1,0,0,0.6056338028169015,1,1,0.9100000000000001,0.5587352873297946,1,1,0,1,1,1,0,1,1,1,0,1,0,0
0,0,1,0,0.5492957746478874,1,1,0.6200000000000001,0.3634894991922456,0,1,0,0,1,1,0,0,0,0,0,0,1,0
0,0,0,0,0.9014084507042254,1,1,0.9100000000000001,0.7988691437802907,1,1,0,0,1,1,1,1,1,0,0,0,1,0
1,1,0,0,0.0,1,1,0.6699999999999999,0.007731363951073159,0,1,0,0,0,1,0,0,1,0,0,0,1,0
1,0,1,0,0.5070422535211268,0,0,0.27,0.1817447495961228,0,0,0,1,0,0,1,1,0,0,1,0,1,0
1,0,0,0,0.08450704225352114,1,1,0.6000000000000001,0.06381260096930534,0,0,0,1,1,0,1,1,1,0,0,0,1,0
0,0,1,1,0.7042253521126761,1,1,0.06,0.13893376413570277,1,0,1,0,0,0,0,0,0,0,1,0,0,1
1,0,1,0,0.014084507042253521,1,1,0.26,0.00715439649203785,0,0,0,0,0,0,0,0,0,0,0,1,0,0
0,0,0,0,0.5492957746478874,1,1,0.8400000000000001,0.47195938149088396,1,1,0,0,1,1,0,1,1,0,0,0,0,1
1,0,0,0,0.9154929577464789,1,1,0.43,0.4614585737364413,0,0,0,1,1,1,0,0,0,0,1,0,0,0
0,0,1,0,0.15492957746478872,1,1,0.6699999999999999,0.11320101546272791,0,1,0,0,1,0,0,0,1,0,0,1,0,0
0,0,0,0,0.09859154929577466,1,1,0.27,0.048465266558966075,0,0,0,0,0,0,0,0,0,0,0,0,0,1
0,0,0,0,0.0,0,1,0.07,0.0008077544426494348,0,0,0,0,0,0,0,0,0,0,0,0,1,0
1,0,1,1,0.09859154929577466,1,1,0.6500000000000001,0.0763904915762751,0,1,0,0,1,0,0,1,0,0,0,0,1,0
1,0,1,1,0.9859154929577465,1,0,0.46,0.5162704823447958,0,0,0,1,1,1,1,0,0,0,1,1,0,0
1,1,0,0,0.09859154929577466,1,1,0.5700000000000001,0.06785137318255251,1,1,0,0,0,0,0,0,0,0,0,0,1,0
1,0,1,1,0.16901408450704225,1,1,0.07,0.03623355642741749,1,0,1,0,0,0,0,0,0,0,1,0,0,0
1,0,0,0,0.1267605633802817,0,0,0.10999999999999999,0.032656358181398566,0,0,0,1,0,0,0,0,0,0,0,0,0,1
1,0,0,0,0.0,1,1,0.5700000000000001,0.006577429033002539,1,1,0,0,0,0,0,0,0,0,0,0,1,0
1,0,1,1,0.4507042253521127,1,0,0.010000000000000009,0.07189014539579969,0,0,1,0,0,0,0,0,0,0,1,1,0,0
1,1,0,0,0.4225352112676057,1,1,0.55,0.2395568889914609,0,1,0,1,0,0,0,0,0,0,0,1,0,0
0,0,0,0,0.25352112676056343,1,1,0.55,0.1622432494807293,0,1,0,0,1,0,0,0,0,0,0,1,0,0
0,0,0,1,0.02816901408450704,1,0,0.37000000000000005,0.016039695361181633,0,0,0,1,0,1,0,0,0,0,0,0,0,1
0,0,1,1,0.15492957746478872,1,0,0.35000000000000003,0.0782367874451881,0,0,0,0,0,0,0,0,1,1,0,1,0,0
0,0,0,0,0.3098591549295775,1,0,0.020000000000000018,0.053427186706669745,0,0,1,0,0,0,0,0,0,1,0,0,0,1
1,0,0,0,0.014084507042253521,1,1,0.31,0.008423724901915532,0,0,0,0,1,0,0,0,0,0,0,1,0,0
1,0,0,0,0.056338028169014086,1,0,0.020000000000000018,0.011423955688899147,0,0,1,0,0,0,0,0,0,0,0,0,0,1
0,0,1,0,0.9154929577464789,1,0,0.78,0.7392107085160396,1,1,0,1,1,1,1,0,0,0,1,0,0,1
0,1,1,0,0.5492957746478874,1,0,0.37000000000000005,0.26136625894299564,0,0,0,0,0,0,0,0,1,1,0,0,1,0
1,0,0,0,0.15492957746478872,1,1,0.6100000000000001,0.11343180244634203,1,1,0,1,0,0,0,0,0,0,0,0,1,0
0,0,0,1,0.7464788732394366,1,1,0.43,0.37675975075005774,0,0,0,0,1,1,1,0,0,1,0,0,1,0
0,0,1,0,0.33802816901408456,0,1,0.2,0.10985460420032311,0,0,0,0,0,1,0,1,0,1,0,1,0,0
1,0,0,0,0.0,1,1,0.34,0.003923378721440111,0,0,0,0,0,0,1,0,0,0,0,0,1,0
0,1,1,0,0.07042253521126761,1,1,0.6599999999999999,0.0578121393953381,0,1,0,0,1,0,0,0,1,0,0,0,1,0
1,0,0,0,0.943661971830986,1,0,0.020000000000000018,0.15785829679206095,0,0,1,0,0,0,0,0,0,0,1,0,0,0
0,1,1,0,0.4366197183098592,1,1,0.8600000000000001,0.38460650819293796,1,1,0,0,0,1,1,1,1,0,0,0,1,0
1,0,1,0,0.08450704225352114,1,0,0.6300000000000001,0.0648511423955689,0,0,0,1,0,1,1,1,1,0,0,0,0,0
0,0,0,0,0.08450704225352114,1,0,0.51,0.05423494114931918,0,1,0,0,0,0,0,0,0,0,0,0,0,0
0,0,1,1,0.15492957746478872,1,0,0.03,0.02815601200092315,0,0,1,0,0,0,0,0,0,0,1,0,0,0
0,1,0,0,1.0,1,0,0.07,0.2066697438264482,1,0,1,0,0,0,0,0,0,0,1,0,0,0
0,0,1,1,0.33802816901408456,1,0,0.010000000000000009,0.05619663051003924,0,0,1,0,0,0,0,0,0,1,0,0,1,0
1,0,1,0,0.9014084507042254,1,1,0.41,0.4373413339487653,0,0,0,0,0,0,1,1,0,0,1,1,0,0
1,0,1,1,0.6619718309859155,1,1,0.8500000000000001,0.5791599353796446,1,1,0,1,1,0,0,1,1,1,0,1,0,0
0,0,1,1,1.0,1,0,0.9600000000000002,0.9326102007846757,1,1,0,1,1,1,1,1,1,0,1,0,0,0
1,0,1,1,0.11267605633802817,1,0,0.47000000000000003,0.07442880221555505,0,0,0,1,1,1,1,0,0,0,0,0,0,1
0,0,0,0,0.8732394366197184,1,0,0.020000000000000018,0.15116547426725133,0,0,1,0,0,0,0,0,0,1,0,0,0,1
0,0,1,1,0.4507042253521127,1,1,0.55,0.2754442649434572,0,0,0,0,0,1,1,1,1,1,0,0,0,1
1,0,0,0,0.056338028169014086,1,0,0.07,0.013385645049619203,1,0,1,0,0,0,0,0,0,0,0,0,0,1
0,0,1,1,0.15492957746478872,1,1,0.38000000000000006,0.07039003000230788,0,0,0,0,0,0,0,1,0,0,0,0,0,1
0,0,0,0,0.056338028169014086,1,0,0.03,0.010962381721670899,0,0,1,0,0,0,0,0,0,0,0,0,0,1
1,0,0,0,0.6338028169014085,1,1,0.77,0.5361181629356104,0,1,0,1,1,1,0,1,0,1,0,1,0,0
0,0,0,0,0.8732394366197184,1,1,0.8600000000000001,0.7521347795984307,1,1,0,0,1,1,0,1,1,0,1,0,0,0
1,0,0,0,0.5211267605633804,1,1,0.48000000000000004,0.28894530348488345,1,0,0,1,1,1,0,0,0,0,0,0,0,0
1,0,0,0,0.11267605633802817,1,0,0.27,0.04592660973921071,0,0,0,0,0,0,0,0,0,0,0,0,1,0
0,0,0,0,0.08450704225352114,1,1,0.6799999999999999,0.06946688206785138,1,1,0,0,0,0,0,0,1,0,0,0,1,0
1,0,1,1,0.08450704225352114,1,0,0.020000000000000018,0.01615508885298869,0,0,1,0,0,0,0,0,0,0,0,0,0,1
0,0,1,0,0.6901408450704226,1,1,0.8500000000000001,0.6015462727902146,1,1,0,1,0,1,0,1,1,1,0,0,1,0
0,0,1,0,0.9859154929577465,1,0,0.36000000000000004,0.43387952919455347,0,0,0,1,0,0,1,0,0,0,1,0,0,0
0,0,1,0,0.9577464788732395,1,0,0.81,0.7873297945995845,1,1,0,0,0,1,0,1,1,1,0,0,0,0
0,0,1,0,0.7746478873239437,1,0,0.8200000000000001,0.6457419801523194,1,1,0,0,1,0,0,1,1,1,0,1,0,0
0,0,1,1,0.971830985915493,1,1,0.8800000000000001,0.860489268405262,0,1,0,0,1,1,1,1,1,1,0,0,1,0
0,1,1,0,0.08450704225352114,1,1,0.5700000000000001,0.05942764828063697,1,1,0,0,0,0,0,0,0,0,0,0,1,0
1,0,1,1,0.47887323943661975,1,1,0.41,0.2444034156473575,1,0,0,1,1,0,0,0,0,0,0,1,0,0
0,1,0,0,0.02816901408450704,1,1,0.6100000000000001,0.027925225017309027,0,1,0,0,0,0,0,1,0,0,0,0,1,0
0,0,0,0,0.619718309859155,1,1,0.020000000000000018,0.10523886452804063,0,0,1,0,0,0,0,0,0,1,0,0,1,0
0,0,0,0,0.014084507042253521,0,1,0.06,0.003577198246018925,0,0,0,0,0,0,0,0,0,0,0,1,0,0
1,0,1,0,0.676056338028169,1,0,0.8800000000000001,0.594968843757212,1,1,0,1,1,1,1,0,1,0,1,1,0,0
0,0,1,1,0.4507042253521127,1,0,0.020000000000000018,0.07754442649434573,0,0,1,0,0,0,0,0,0,1,0,0,0,1
1,0,0,0,0.014084507042253521,1,0,0.6200000000000001,0.016270482344795757,0,1,0,0,0,0,0,0,1,0,0,0,1,0
1,0,0,0,0.014084507042253521,1,1,0.56,0.013616432033233325,1,1,0,0,0,0,0,0,0,0,0,0,0,1
0,0,1,1,0.8169014084507042,1,0,0.5800000000000001,0.5219247634433418,0,0,0,0,1,1,1,1,1,1,0,1,0,0
0,0,0,0,0.5915492957746479,1,1,0.5700000000000001,0.36268174474959614,1,1,0,0,0,0,0,0,0,0,0,1,0,0
1,0,1,1,0.6901408450704226,1,1,0.6599999999999999,0.4728825294253404,1,1,0,0,0,0,0,1,0,0,0,0,0,0
1,0,0,0,0.0,1,1,0.07,0.0008077544426494348,1,0,1,0,0,0,0,0,0,0,0,0,1,0
1,0,0,0,0.323943661971831,1,1,0.71,0.2585968151396261,1,1,0,0,0,0,1,0,1,0,0,0,1,0
0,0,1,1,0.7887323943661972,1,1,0.56,0.46157396722824834,1,1,0,0,0,0,0,0,0,0,0,0,1,0
0,0,1,0,0.8309859154929577,1,1,0.9100000000000001,0.7562889453034849,1,1,0,1,0,1,1,1,1,0,0,0,0,0
1,0,0,0,0.619718309859155,1,0,0.78,0.5105008077544426,1,1,0,1,1,0,0,0,1,1,0,0,0,0
1,0,1,1,0.0,1,1,0.51,0.005885068082160166,0,1,0,0,0,0,0,0,0,0,0,0,1,0
1,0,1,0,0.08450704225352114,1,1,0.32,0.038887606738979924,0,0,0,1,0,0,0,0,0,0,0,0,0,0
1,0,0,0,0.07042253521126761,1,1,0.9100000000000001,0.07512116316639743,1,1,0,0,1,1,1,1,1,0,0,1,0,0
1,1,0,0,1.0,1,1,0.8900000000000001,0.8919916916685899,1,1,0,1,1,1,1,0,1,0,1,0,0,0
0,0,1,1,0.619718309859155,1,0,0.06,0.12347103623355643,1,0,1,0,0,0,0,0,0,0,1,0,0,1
1,0,0,0,0.014084507042253521,1,0,0.52,0.013962612508654512,0,1,0,0,0,0,0,0,0,0,0,0,1,0
0,0,1,0,0.647887323943662,1,1,0.9200000000000002,0.6066235864297254,1,1,0,1,0,1,1,1,1,1,0,1,0,0
1,0,1,1,0.26760563380281693,1,0,0.020000000000000018,0.044772674821140085,0,0,1,0,0,0,0,0,0,0,0,0,0,1
1,0,0,0,0.19718309859154928,1,0,0.8700000000000001,0.1804754211862451,0,1,0,1,0,1,1,1,1,0,0,0,1,0
1,0,1,1,0.11267605633802817,1,1,0.47000000000000003,0.0663512577890607,0,0,0,0,1,0,1,1,0,1,0,0,0,1
1,0,1,1,0.971830985915493,1,0,0.5700000000000001,0.6253173321024694,0,0,0,1,0,0,1,1,1,0,1,1,0,0
1,0,1,0,1.0,1,1,0.76,0.7882529425340411,1,1,0,1,1,1,1,0,0,0,1,0,0,0
1,0,1,1,0.15492957746478872,1,0,0.010000000000000009,0.024348026771290103,0,0,1,0,0,0,0,0,0,1,0,0,0,0
1,1,0,0,0.04225352112676056,1,1,0.71,0.03784906531271636,1,1,0,0,0,1,0,1,0,0,0,0,1,0
0,0,0,0,0.6056338028169015,1,0,0.5,0.33925686591276255,0,1,0,0,0,0,0,0,0,0,0,1,0,0
1,0,0,0,0.36619718309859156,1,1,0.38000000000000006,0.16397415185783523,0,0,0,0,1,0,1,0,0,0,0,0,0,1
0,0,0,0,0.15492957746478872,1,0,0.77,0.1345488114470344,0,1,0,0,0,1,0,1,1,1,0,0,1,0
0,0,1,1,0.3943661971830986,1,1,0.52,0.22570966997461345,0,1,0,0,0,0,0,0,0,0,0,0,1,0
1,0,0,0,0.08450704225352114,1,1,0.51,0.05527348257558274,0,1,0,0,0,0,0,0,0,0,0,0,0,1
0,0,0,0,0.25352112676056343,1,1,0.47000000000000003,0.13997230556196633,0,0,0,0,1,0,1,0,1,1,0,0,0,0
0,0,1,1,1.0,1,0,0.71,0.7551350103854142,1,0,0,1,1,1,1,1,1,0,1,1,0,0
1,0,0,0,0.0,1,1,0.26,0.003000230786983614,0,0,0,0,0,0,0,0,0,0,0,0,1,0
0,0,1,0,1.0,1,0,0.9700000000000002,0.9593814908839141,1,1,0,1,1,1,1,1,1,0,1,1,0,0
1,0,1,1,0.18309859154929578,1,1,0.72,0.14320332333256405,1,1,0,0,1,0,0,0,1,0,0,0,0,0
1,0,0,0,0.014084507042253521,1,1,0.51,0.013501038541426265,0,1,0,0,0,0,0,0,0,0,0,0,1,0
0,0,1,0,0.02816901408450704,1,0,0.020000000000000018,0.003577198246018925,0,0,1,0,0,0,0,0,0,0,0,0,0,0
0,0,1,1,0.8732394366197184,1,0,0.07,0.17943687975998154,1,0,1,0,0,0,0,0,0,0,1,0,0,1
0,0,0,0,0.4225352112676057,0,1,0.32,0.17366720516962844,0,0,0,0,0,1,0,1,1,1,0,0,1,0
1,0,0,1,0.7042253521126761,0,0,0.42,0.3529886914378029,0,0,0,1,0,1,1,1,1,1,0,0,0,0
1,0,0,0,0.5492957746478874,1,1,0.32,0.2313639510731595,0,0,0,0,0,1,0,0,0,1,0,0,0,1
1,0,0,0,0.07042253521126761,1,1,0.71,0.05411954765751212,0,1,0,0,0,1,1,0,1,0,0,0,1,0
0,0,0,0,0.971830985915493,0,0,0.3,0.3951073159473806,0,0,0,1,0,1,1,0,1,0,1,0,0,0
1,0,0,0,0.08450704225352114,1,1,0.6200000000000001,0.05861989383798754,0,1,0,0,0,0,0,1,0,0,0,0,0,1
1,0,0,0,0.323943661971831,1,0,0.020000000000000018,0.0587352873297946,0,0,1,0,0,0,0,0,0,1,0,1,0,0
0,0,0,0,0.0,1,1,0.27,0.0031156242787906763,0,0,0,0,0,0,0,0,0,0,0,0,0,1
1,0,0,0,0.25352112676056343,1,1,0.77,0.20436187399030697,1,1,0,1,1,0,0,0,1,0,0,0,1,0
1,0,1,1,0.8450704225352113,1,1,0.8200000000000001,0.6923609508423725,1,1,0,1,1,1,0,0,1,1,0,1,0,0
0,0,1,0,0.8169014084507042,0,1,0.26,0.3055619663051004,0,0,0,0,0,0,0,1,1,0,0,0,1,0
1,0,1,0,0.4507042253521127,1,1,0.8600000000000001,0.39129933071774753,1,1,0,0,1,1,0,1,1,0,0,0,1,0
1,0,1,0,1.0,1,1,0.8300000000000001,0.8429494576505885,1,1,0,0,1,1,0,1,1,1,0,0,1,0
1,0,0,0,0.619718309859155,1,1,0.71,0.4613431802446342,1,1,0,0,1,0,0,1,0,0,0,1,0,0
1,0,1,0,0.9577464788732395,1,0,0.81,0.7912531733210246,1,1,0,1,0,0,0,1,1,0,1,0,0,0
0,0,0,0,0.11267605633802817,1,0,0.6799999999999999,0.08677590583891069,0,1,0,0,0,0,1,1,0,0,0,0,1,0
0,0,1,1,0.7605633802816901,1,0,0.41,0.3622201707823679,0,0,0,1,0,0,0,0,1,1,0,1,0,0
1,0,0,1,0.4225352112676057,1,0,0.020000000000000018,0.06588968382183245,0,0,1,0,0,0,0,0,0,1,0,1,0,0
1,0,0,0,0.9014084507042254,1,1,0.8700000000000001,0.7761366258942995,1,1,0,0,1,0,1,1,1,1,0,0,0,0
1,0,1,0,0.2112676056338028,1,1,0.8200000000000001,0.17493653357950614,1,1,0,0,1,0,0,1,1,0,0,0,1,0
0,0,1,1,0.7887323943661972,1,0,0.020000000000000018,0.12750980844680362,0,0,1,0,0,0,0,0,0,0,1,0,0,1
0,0,0,0,0.23943661971830985,1,1,0.5,0.14781906300484654,0,0,0,1,0,1,1,1,0,0,0,0,1,0
0,0,1,1,0.08450704225352114,1,0,0.020000000000000018,0.015231940918532196,0,0,1,0,0,0,0,0,0,1,0,0,0,1
0,0,1,1,0.295774647887324,1,0,0.010000000000000009,0.04788829909993077,0,0,1,0,0,0,0,0,0,1,0,0,0,1
1,0,0,0,0.15492957746478872,1,0,0.010000000000000009,0.027925225017309027,0,0,1,0,0,0,0,0,0,1,0,0,0,1
1,0,1,0,0.6338028169014085,0,1,0.25,0.2295176552042465,0,0,0,0,0,0,0,1,1,0,0,0,1,0
0,0,1,1,0.07042253521126761,1,1,0.020000000000000018,0.010270020770828526,0,0,1,0,0,0,0,0,0,0,1,1,0,0
0,0,1,0,0.4507042253521127,1,1,0.75,0.35471959381490886,1,1,0,0,1,1,0,0,1,0,0,0,1,0
0,0,0,0,0.09859154929577466,1,1,0.48000000000000004,0.05792753288714517,0,0,0,0,1,0,1,1,0,0,0,0,1,0
1,0,1,1,0.6619718309859155,1,1,0.52,0.37156704361873993,0,0,0,1,1,1,0,0,1,0,1,1,0,0
0,0,0,0,0.49295774647887325,1,1,0.6100000000000001,0.32725594276482806,0,0,0,1,0,1,1,1,1,0,0,1,0,0
0,0,0,0,0.014084507042253521,1,1,0.55,0.013039464574198016,1,1,0,0,0,0,0,0,0,0,0,1,0,0
0,0,1,0,0.4225352112676057,1,1,0.5700000000000001,0.27763674128779137,0,0,0,1,1,1,1,0,1,1,0,1,0,0
1,0,1,1,0.6901408450704226,1,1,0.6599999999999999,0.4784214170320794,1,0,0,0,1,1,1,1,1,1,0,1,0,0
1,0,1,0,0.4225352112676057,1,1,0.31,0.1707823678744519,0,0,0,0,0,0,1,0,0,0,0,0,0,1
1,0,1,1,0.0,1,0,0.020000000000000018,0.00023078698361412436,0,0,1,0,0,0,0,0,0,0,1,0,0,1
0,1,0,0,0.4507042253521127,0,1,0.36000000000000004,0.20597738287560582,0,0,0,0,0,1,1,1,1,0,0,0,1,0
0,0,1,0,0.7183098591549296,1,1,0.5700000000000001,0.44391876298176786,0,0,0,1,1,0,0,1,1,1,0,0,0,1
0,0,0,0,0.47887323943661975,1,0,0.37000000000000005,0.22986383567966767,0,0,0,0,0,0,0,1,0,0,0,0,0,1
0,0,0,0,0.8873239436619719,1,0,0.010000000000000009,0.14101084698822988,0,0,1,0,0,0,0,0,0,0,1,0,0,1
0,0,1,1,0.619718309859155,1,0,0.010000000000000009,0.10212324024924996,0,0,1,0,0,0,0,0,0,0,1,0,1,0
1,0,1,1,0.09859154929577466,1,0,0.010000000000000009,0.016270482344795757,0,0,1,0,0,0,0,0,0,0,1,0,0,0
1,0,0,0,0.4225352112676057,1,1,0.6100000000000001,0.27532887145165014,1,1,0,0,0,0,1,0,0,0,0,1,0,0
0,0,0,0,0.9577464788732395,0,1,0.17000000000000004,0.2854834987306716,0,0,0,0,1,1,0,0,0,1,0,0,0,0
1,1,1,0,0.619718309859155,1,1,0.6799999999999999,0.4434571890145396,0,1,0,0,0,1,0,0,1,0,0,0,1,0
1,0,0,0,0.0,0,1,0.07,0.0008077544426494348,0,0,0,0,0,0,0,0,0,0,0,0,0,1
0,0,1,0,0.8169014084507042,1,1,0.8800000000000001,0.719363027925225,1,1,0,1,1,1,1,1,0,0,0,0,1,0
0,0,0,0,0.323943661971831,1,1,0.6200000000000001,0.21267020540041542,1,1,0,0,1,0,0,0,0,0,0,0,1,0
0,1,1,0,0.0,1,1,0.56,0.006462035541195477,1,1,0,0,0,0,0,0,0,0,0,0,1,0
1,0,1,1,0.9577464788732395,1,0,0.020000000000000018,0.1522040156935149,0,0,1,0,0,0,0,0,0,0,1,0,0,0
0,0,1,1,0.943661971830986,1,0,0.52,0.5586198938379875,1,0,0,0,1,0,1,0,1,0,1,1,0,0
0,0,1,1,0.07042253521126761,1,1,0.37000000000000005,0.035310408492961,0,0,0,0,1,1,0,0,0,0,0,0,0,1
1,0,0,1,0.5915492957746479,1,1,0.07,0.12139395338102932,1,0,1,0,0,0,0,0,0,0,1,0,1,0
0,0,1,1,0.46478873239436624,0,1,0.22000000000000003,0.15081929379183015,0,0,0,0,0,0,1,1,0,0,1,0,1,0
1,0,1,1,0.14084507042253522,1,1,0.48000000000000004,0.08331410108469883,1,0,0,0,0,0,1,0,1,0,0,0,1,0
0,0,0,0,0.0,1,0,0.020000000000000018,0.00023078698361412436,0,0,1,0,0,0,0,0,0,0,0,0,0,1
1,0,0,0,0.0,1,1,0.52,0.006000461573967228,0,1,0,0,0,0,0,0,0,0,0,0,1,0
0,0,0,0,0.4507042253521127,1,1,0.48000000000000004,0.25698130625432725,0,0,0,0,1,1,0,1,0,0,0,1,0,0
0,0,0,1,0.02816901408450704,1,1,0.08000000000000002,0.011885529656127394,1,0,1,0,0,0,0,0,0,0,1,0,0,1
1,0,1,1,0.7605633802816901,1,1,0.51,0.44126471267020545,0,1,0,0,0,0,0,0,0,0,1,1,0,0
1,0,0,0,0.0,1,0,0.010000000000000009,0.00011539349180706218,0,0,1,0,0,0,0,0,0,0,0,0,0,1
0,0,1,1,0.9859154929577465,1,0,0.010000000000000009,0.15901223171013157,0,0,1,0,0,0,0,0,0,0,1,0,0,1
1,1,0,0,0.9154929577464789,1,1,0.6200000000000001,0.6007385183475652,1,1,0,0,1,0,0,0,0,0,0,1,0,0
1,0,0,1,0.47887323943661975,1,0,0.37000000000000005,0.23055619663051005,0,0,0,1,1,0,0,0,0,1,0,1,0,0
1,0,0,0,0.15492957746478872,0,0,0.42,0.08366028156012002,0,0,0,0,1,1,1,1,1,1,0,0,1,0
0,0,0,0,0.3802816901408451,1,1,0.76,0.304754211862451,1,1,0,1,1,0,0,0,1,0,0,1,0,0
1,0,0,0,0.0,1,0,0.010000000000000009,0.00011539349180706218,0,0,1,0,0,0,0,0,0,0,0,0,0,1
0,1,1,0,0.15492957746478872,1,1,0.8300000000000001,0.1384721901684745,1,1,0,0,1,0,0,1,1,0,0,0,1,0
0,0,1,1,0.11267605633802817,1,1,0.72,0.08642972536348952,1,1,0,0,0,1,0,1,0,1,0,0,1,0
1,0,0,0,0.15492957746478872,1,1,0.27,0.05827371336256635,0,0,0,0,0,0,0,0,0,0,0,0,1,0
1,0,1,1,0.8591549295774649,1,0,0.020000000000000018,0.14747288252942536,0,0,1,0,0,0,0,0,0,0,1,0,0,0
0,0,1,0,0.8732394366197184,1,0,0.010000000000000009,0.14066466651280868,0,0,1,0,0,0,0,0,0,0,1,0,0,1
0,0,0,0,0.0,1,1,0.6599999999999999,0.007615970459266097,1,1,0,0,0,0,0,1,0,0,0,0,0,1
1,0,0,0,0.19718309859154928,0,0,0.27,0.07789060696976692,0,0,0,1,1,1,1,0,0,1,0,0,0,1
0,1,1,1,0.7042253521126761,1,1,0.6599999999999999,0.4763443341795523,1,1,0,0,1,1,0,0,0,0,0,0,1,0
1,0,1,1,0.28169014084507044,1,1,0.8400000000000001,0.2414031848603739,0,1,0,0,1,1,1,1,1,0,0,0,1,0
0,0,1,0,0.18309859154929578,1,1,0.6699999999999999,0.1293561043157166,1,1,0,0,0,0,0,0,1,0,0,0,1,0
0,0,0,0,0.295774647887324,1,1,0.76,0.24509577659819987,0,1,0,0,1,1,1,0,1,0,0,0,0,0
0,0,1,0,0.02816901408450704,0,0,0.07,0.006923609508423726,0,0,0,0,0,0,0,0,0,0,0,0,0,1
0,0,1,1,0.943661971830986,1,0,0.6200000000000001,0.6181629356104316,0,1,0,1,0,1,0,0,0,0,1,1,0,0
1,1,0,0,0.16901408450704225,1,1,0.56,0.10639279944611126,0,1,0,0,0,1,0,0,0,0,0,0,1,0
1,0,0,0,0.323943661971831,1,0,0.06,0.06773597969074545,1,0,1,0,0,0,0,0,0,1,0,0,0,0
0,0,0,0,0.0,1,1,0.6100000000000001,0.007039003000230788,0,1,0,0,0,0,0,1,0,0,0,0,1,0
0,0,0,1,0.0,1,1,0.52,0.006000461573967228,0,0,0,1,1,0,1,0,1,0,0,0,0,0
0,0,0,0,0.0,1,1,0.020000000000000018,0.00023078698361412436,0,0,1,0,0,0,0,0,0,0,0,0,0,1
1,0,0,0,0.8028169014084507,1,1,0.53,0.4939995384260328,1,0,0,1,1,1,1,0,0,1,0,1,0,0
1,0,1,1,0.4225352112676057,1,1,0.6300000000000001,0.2915993537964459,0,0,0,1,0,1,1,1,1,1,0,0,0,1
1,0,0,0,0.8873239436619719,1,1,0.06,0.1826678975305793,1,0,1,0,0,0,0,0,0,1,0,0,0,0
0,0,0,1,0.0,1,1,0.03,0.0003461804754211861,0,0,1,0,0,0,0,0,0,0,0,0,0,1
0,0,0,0,0.056338028169014086,0,1,0.33,0.033117932148626815,0,0,0,0,1,0,0,1,1,0,0,0,0,1
0,1,0,0,0.3943661971830986,1,1,0.8300000000000001,0.3381029309946919,0,1,0,0,1,1,0,1,1,0,0,0,0,0
0,0,1,1,0.9577464788732395,1,0,0.06,0.19616893607200556,1,0,1,0,0,0,0,0,0,0,1,0,0,0
0,1,1,1,0.647887323943662,1,1,0.6599999999999999,0.46157396722824834,0,1,0,0,1,0,0,1,0,1,0,0,0,0
0,1,0,0,0.647887323943662,1,1,0.6799999999999999,0.44391876298176786,1,1,0,0,0,0,0,1,0,0,0,1,0,0
0,0,0,0,0.23943661971830985,1,0,0.31,0.09877682898684516,0,0,0,1,0,0,0,0,0,0,0,0,1,0
1,1,1,0,0.5774647887323944,1,1,0.8700000000000001,0.5286175859681513,1,1,0,1,0,1,0,1,1,1,0,0,0,0
1,0,1,1,0.5070422535211268,1,0,0.5700000000000001,0.30463881837064394,0,0,0,1,1,0,0,1,1,1,0,0,0,0
0,0,0,0,0.23943661971830985,0,1,0.15000000000000002,0.06715901223171014,0,0,0,0,1,1,0,0,0,0,0,1,0,0
0,0,0,0,0.9154929577464789,1,1,0.8600000000000001,0.7895222709439188,1,1,0,0,1,0,1,1,1,1,0,0,1,0
1,0,0,1,0.2112676056338028,1,1,0.010000000000000009,0.03946457419801523,0,0,1,0,0,0,0,0,0,1,0,0,0,0
0,1,1,0,0.7183098591549296,1,1,0.8600000000000001,0.6303946457419801,0,1,0,1,0,1,1,1,1,1,0,0,0,0
0,1,1,0,0.9577464788732395,0,1,0.10999999999999999,0.24417262866374337,0,0,0,0,0,1,0,0,0,1,0,1,0,0
0,0,1,1,0.11267605633802817,1,1,0.8400000000000001,0.10143087929840758,1,1,0,0,1,1,0,1,1,0,0,1,0,0
1,1,1,0,0.056338028169014086,1,1,0.51,0.037272097853681053,0,1,0,0,0,0,0,0,0,0,0,0,1,0
1,0,0,0,0.8450704225352113,1,0,0.6799999999999999,0.5950842372490192,1,0,0,1,0,1,1,1,1,0,1,1,0,0
1,0,0,0,0.04225352112676056,1,1,0.6699999999999999,0.03496422801753981,1,1,0,0,0,0,0,1,0,0,0,0,1,0
1,0,0,0,0.0,1,1,0.010000000000000009,0.00011539349180706218,0,0,1,0,0,0,0,0,0,0,0,0,0,1
0,0,0,0,0.02816901408450704,1,0,0.27,0.014193399492268636,0,0,0,0,0,0,0,0,0,0,0,0,0,1
1,0,1,0,0.8591549295774649,1,0,0.6300000000000001,0.5731594738056773,0,0,0,1,0,1,1,1,1,0,1,0,0,1
1,0,0,0,0.09859154929577466,1,0,0.46,0.05608123701823217,0,0,0,0,0,1,1,0,1,0,0,0,0,1
1,0,0,0,0.02816901408450704,1,0,0.5800000000000001,0.027579044541887837,1,1,0,0,0,0,0,0,0,0,0,0,1,0
0,0,0,0,0.0,0,1,0.06,0.0006923609508423727,0,0,0,0,0,0,0,0,0,0,0,0,1,0
1,1,1,0,0.9014084507042254,1,1,0.9100000000000001,0.8318716824371105,1,1,0,1,1,1,0,1,1,0,0,1,0,0
0,0,0,0,0.18309859154929578,0,1,0.32,0.08008308331410109,0,0,0,0,0,1,0,1,1,0,0,0,1,0
1,0,0,0,0.08450704225352114,1,1,0.8200000000000001,0.08042926378952228,0,1,0,0,0,1,1,1,1,0,0,0,1,0
0,0,0,1,0.25352112676056343,1,0,0.020000000000000018,0.051811677821370875,0,0,1,0,0,0,0,0,0,0,1,1,0,0
0,0,0,0,0.0,1,0,0.36000000000000004,0.004154165705054235,1,0,0,0,1,0,0,0,0,0,0,0,1,0
0,0,1,1,0.09859154929577466,1,1,0.76,0.08550657742903302,0,1,0,0,0,1,0,1,1,0,0,0,1,0
1,0,1,1,0.22535211267605634,1,0,0.06,0.045118855296561275,1,0,1,0,0,0,0,0,0,0,0,0,0,1
0,0,0,0,0.8732394366197184,1,0,0.5,0.47230556196630513,1,0,0,1,1,1,1,0,0,1,0,0,0,0
0,0,1,1,1.0,1,1,0.8600000000000001,0.8901453957996769,1,1,0,1,1,1,1,0,1,0,1,1,0,0
1,0,0,0,0.5633802816901409,1,1,0.8,0.4547657512116317,0,1,0,0,1,0,1,1,1,0,1,0,0,0
0,0,0,1,0.04225352112676056,1,1,0.8300000000000001,0.03992614816524348,1,1,0,0,1,0,0,1,1,0,0,0,1,0
0,0,0,0,0.22535211267605634,1,1,0.52,0.13720286175859683,0,1,0,0,0,0,0,0,0,0,0,0,1,0
1,0,1,0,0.9295774647887325,1,1,0.07,0.1978998384491115,1,0,1,0,0,0,0,0,0,0,1,1,0,0
0,0,0,0,0.0,1,0,0.020000000000000018,0.00023078698361412436,0,0,1,0,0,0,0,0,0,0,0,0,0,1
1,0,0,0,0.18309859154929578,1,0,0.41,0.08700669282252482,0,0,0,0,0,0,1,0,1,1,0,1,0,0
1,1,1,0,0.9014084507042254,1,1,0.9000000000000001,0.8151396261250865,1,1,0,0,1,1,0,1,1,0,0,0,0,0
1,0,0,0,0.014084507042253521,1,1,0.020000000000000018,0.0017309023771059314,0,0,1,0,0,0,0,0,0,0,0,0,0,1
0,0,0,0,0.5352112676056339,0,1,0.22000000000000003,0.17032079390722366,0,0,0,0,0,0,1,0,1,0,0,0,1,0
0,0,0,0,0.02816901408450704,0,0,0.23000000000000004,0.010270020770828526,0,0,0,1,0,1,1,0,0,0,0,0,0,1
1,0,0,0,0.0,1,1,0.31,0.003577198246018925,1,0,0,0,0,0,0,0,0,0,0,0,0,0
0,0,0,0,0.4366197183098592,1,1,0.9000000000000001,0.39395338102931,1,1,0,1,1,0,1,1,1,0,0,1,0,0
0,0,0,0,0.04225352112676056,1,0,0.26,0.02330948534502654,0,0,0,0,0,0,0,0,0,0,0,0,0,1
1,0,1,1,0.5492957746478874,1,1,0.08000000000000002,0.12220170782367876,1,0,1,0,0,0,0,0,0,0,0,0,1,0
0,0,0,0,0.056338028169014086,1,1,0.37000000000000005,0.02954073390260789,0,0,0,1,0,1,0,0,0,0,0,0,0,1
0,0,0,1,0.07042253521126761,1,0,0.010000000000000009,0.009462266328179092,0,0,1,0,0,0,0,0,0,0,0,0,0,1
1,0,0,0,0.9014084507042254,0,0,0.41,0.4503807985229633,0,0,0,1,0,1,1,1,1,0,1,1,0,0
1,0,0,0,0.07042253521126761,0,0,0.10999999999999999,0.01650126932840988,0,0,0,1,0,0,0,0,0,0,0,0,0,0
1,0,1,1,0.09859154929577466,1,1,0.010000000000000009,0.014654973459496885,0,0,1,0,0,0,0,0,0,1,0,0,0,1
1,0,1,1,0.02816901408450704,1,1,0.51,0.025040387722132476,1,0,0,0,1,1,0,1,0,0,0,0,0,0
1,0,0,1,0.0,1,0,0.07,0.0008077544426494348,1,0,1,0,0,0,0,0,0,0,0,0,0,1
0,0,0,0,0.0,1,0,0.020000000000000018,0.00023078698361412436,0,0,1,0,0,0,0,0,0,0,0,1,0,0
1,0,0,1,0.0,1,1,0.6100000000000001,0.007039003000230788,0,1,0,0,0,0,0,0,1,0,0,0,1,0
0,0,1,0,0.19718309859154928,1,1,0.8500000000000001,0.17551350103854144,1,1,0,0,0,1,1,1,1,0,0,0,1,0
1,0,1,1,0.7887323943661972,1,1,0.8200000000000001,0.6453957996768982,1,1,0,0,1,0,0,1,1,0,0,0,1,0
1,0,1,1,0.5352112676056339,1,1,0.010000000000000009,0.09646895915070391,0,0,1,0,0,0,0,0,0,0,1,0,0,0
0,0,0,1,0.0,1,1,0.31,0.003577198246018925,0,0,0,0,0,0,1,0,0,0,0,0,0,1
1,0,1,1,0.9014084507042254,1,1,0.72,0.6853219478421417,1,0,0,1,1,1,1,1,1,0,1,0,0,1
0,0,1,0,0.7042253521126761,1,1,0.72,0.5303484883452573,1,1,0,0,1,0,0,0,1,1,0,1,0,0
1,1,0,0,0.11267605633802817,1,1,0.6200000000000001,0.08458342949457652,0,1,0,0,0,0,0,1,0,0,0,0,1,0
1,1,1,0,0.26760563380281693,1,0,0.72,0.223055619663051,1,1,0,0,0,1,0,1,0,0,0,0,1,0
0,0,1,1,0.9859154929577465,1,0,0.8200000000000001,0.8187168243711055,1,1,0,0,1,0,0,1,1,1,0,0,0,0
0,1,1,0,0.07042253521126761,1,1,0.77,0.06404338795291946,0,1,0,0,0,1,0,1,1,0,0,0,1,0
1,1,1,0,0.8591549295774649,1,1,0.8600000000000001,0.7262866374336487,1,1,0,1,0,1,0,1,1,1,0,0,1,0
0,0,0,0,0.25352112676056343,1,1,0.27,0.09773828756058159,0,0,0,0,0,0,0,0,0,0,0,0,0,0
0,0,1,0,0.9154929577464789,1,0,0.73,0.698938379875375,1,0,0,1,1,1,1,1,1,0,1,0,0,0
0,0,0,0,0.36619718309859156,1,0,0.6300000000000001,0.2531733210246942,0,0,0,1,0,1,1,1,1,1,0,0,1,0
1,0,0,0,0.7746478873239437,0,1,0.26,0.2937918301407801,0,0,0,0,0,0,0,1,1,0,0,1,0,0
1,0,0,0,0.23943661971830985,1,1,0.32,0.10085391183937227,0,0,0,0,0,1,0,0,0,0,0,0,0,1
1,0,0,0,0.1267605633802817,1,1,0.06,0.02907915993537965,1,0,1,0,0,0,0,0,0,0,0,0,0,1
0,0,0,0,0.0,1,1,0.31,0.003577198246018925,0,0,0,1,0,0,0,0,0,0,0,1,0,0
0,0,1,0,0.676056338028169,1,0,0.6599999999999999,0.4663051003923379,1,0,0,1,0,1,1,1,1,1,0,0,1,0
0,0,1,0,1.0,1,1,0.49000000000000005,0.5522732517885991,1,0,0,1,1,1,1,0,0,0,1,0,0,0
0,0,1,1,0.5915492957746479,1,1,0.73,0.46099699976921305,1,1,0,1,0,1,1,0,0,1,0,1,0,0
0,0,0,0,0.7042253521126761,1,1,0.06,0.1440110777752135,1,0,1,0,0,0,0,0,0,1,0,0,0,0
1,0,0,0,0.02816901408450704,1,0,0.010000000000000009,0.0049619201477036695,0,0,1,0,0,0,0,0,0,0,0,0,1,0
1,1,1,1,0.9154929577464789,1,1,0.9200000000000002,0.8299099930763905,1,1,0,1,1,0,1,1,1,1,0,1,0,0
0,0,1,0,0.11267605633802817,1,1,0.6100000000000001,0.08342949457650589,0,1,0,0,1,1,0,0,0,0,0,0,1,0
0,0,1,0,0.6901408450704226,1,0,0.010000000000000009,0.11481652434802678,0,0,1,0,0,0,0,0,0,0,1,0,1,0
0,0,1,1,0.323943661971831,1,1,0.38000000000000006,0.16570505423494117,0,0,0,1,0,1,0,0,0,1,0,1,0,0
1,0,1,1,0.7605633802816901,1,1,0.5700000000000001,0.4899607662127856,1,0,0,1,1,0,1,0,1,1,0,0,0,0
1,0,0,0,0.02816901408450704,0,1,0.32,0.01580890837756751,0,0,0,0,1,0,0,1,1,0,0,0,1,0
1,1,1,1,1.0,1,1,0.71,0.7419801523194092,1,0,0,1,1,1,1,1,1,0,1,1,0,0
0,0,0,0,0.11267605633802817,1,1,0.5800000000000001,0.07685206554350335,1,1,0,0,0,0,0,0,0,0,0,0,1,0
0,0,1,1,0.3802816901408451,1,0,0.46,0.20586198938379877,1,0,0,0,1,0,0,0,1,0,0,0,1,0
0,0,1,1,0.7605633802816901,1,0,0.6699999999999999,0.5417724440341565,1,1,0,0,0,0,0,0,1,0,0,0,0,0
1,0,0,0,0.3098591549295775,1,0,0.5700000000000001,0.20078467574428804,1,1,0,0,0,0,0,0,0,0,0,0,0,0
0,0,0,0,0.619718309859155,1,1,0.8200000000000001,0.5448880683129471,1,1,0,0,1,0,0,1,1,0,0,1,0,0
0,0,0,0,0.8732394366197184,1,1,0.53,0.514770366951304,1,0,0,1,0,1,1,0,1,0,1,0,0,0
0,0,0,0,0.0,1,0,0.31,0.003577198246018925,0,0,0,1,0,0,0,0,0,0,0,0,1,0
0,0,1,0,1.0,1,0,0.07,0.21301638587583663,1,0,1,0,0,0,0,0,0,0,1,1,0,0
0,0,1,1,0.36619718309859156,1,1,0.36000000000000004,0.17216708977613665,0,0,0,1,1,0,0,0,0,0,0,1,0,0
1,1,1,0,0.0,1,0,0.28,0.0032310177705977385,0,0,0,0,0,0,0,0,0,0,0,0,1,0
0,0,0,0,0.0,1,0,0.42,0.004846526655896607,1,0,0,0,1,0,1,0,0,0,0,0,0,1
0,0,1,1,0.47887323943661975,1,0,0.020000000000000018,0.07350565428109855,0,0,1,0,0,0,0,0,0,0,1,0,0,1
1,0,1,1,0.14084507042253522,1,0,0.33,0.06496653588737596,0,0,0,1,0,0,0,0,0,0,0,0,0,0
0,1,1,0,0.7887323943661972,1,1,0.77,0.6241633971843987,1,1,0,0,1,1,0,0,1,0,0,0,0,0
0,0,1,1,1.0,1,1,0.9400000000000002,0.9356104315716594,1,1,0,1,1,1,1,1,1,0,1,1,0,0
1,0,0,0,0.2112676056338028,1,1,0.32,0.0858527579044542,0,0,0,1,0,0,0,0,0,0,0,0,1,0
0,0,0,0,0.9859154929577465,1,0,0.6200000000000001,0.6565889683821832,1,0,0,1,1,1,1,0,1,0,1,0,0,0
1,0,1,0,0.33802816901408456,1,1,0.8600000000000001,0.2940226171243942,1,1,0,0,0,1,1,1,1,0,0,0,0,0
0,0,1,1,0.36619718309859156,1,1,0.6200000000000001,0.252827140549273,0,1,0,1,1,0,0,0,0,1,0,1,0,0
1,0,1,1,0.3098591549295775,0,0,0.16000000000000003,0.09173782598661437,0,0,0,1,0,0,1,0,0,0,1,0,0,1
0,0,1,0,1.0,1,1,0.98,0.9896145857373644,1,1,0,1,1,1,1,1,1,0,1,1,0,0
1,0,0,0,0.47887323943661975,1,1,0.6799999999999999,0.34744980383106394,1,1,0,0,0,0,0,1,0,0,0,0,1,0
1,0,1,0,0.9859154929577465,1,0,0.07,0.21578582967920612,1,0,1,0,0,0,0,0,0,0,1,1,0,0
0,0,0,0,0.5352112676056339,1,0,0.6300000000000001,0.36937456727440576,0,1,0,0,0,1,1,0,0,1,0,0,1,0
0,0,0,0,0.08450704225352114,1,0,0.010000000000000009,0.010846988229863836,0,0,1,0,0,0,0,0,0,0,0,0,1,0
1,0,0,0,0.971830985915493,1,0,0.71,0.7326332794830371,1,0,0,1,1,1,1,1,1,0,1,1,0,0
1,0,0,0,0.08450704225352114,1,1,0.52,0.04984998846065082,0,0,0,0,0,0,1,1,1,0,0,1,0,0
0,0,0,0,0.28169014084507044,1,0,0.43,0.15866605123471036,0,0,0,0,0,1,0,0,1,0,0,0,0,1
0,0,1,1,0.5774647887323944,1,0,0.79,0.4613431802446342,1,1,0,1,0,0,0,1,1,1,0,0,1,0
0,0,1,1,0.7323943661971831,1,0,0.47000000000000003,0.38599123009462266,0,0,0,0,1,0,1,1,0,0,0,1,0,0
1,1,1,0,0.9154929577464789,1,1,0.6200000000000001,0.6054696515116548,1,0,0,0,1,1,0,1,1,0,1,0,0,0
1,0,0,0,0.0,1,0,0.5700000000000001,0.006577429033002539,0,1,0,0,1,0,0,0,0,0,0,0,1,0
0,0,0,0,0.323943661971831,1,1,0.31,0.13258712208631435,0,0,0,0,0,1,0,0,0,0,0,0,0,1
0,0,0,0,0.14084507042253522,1,0,0.020000000000000018,0.024578813754904227,0,0,1,0,0,0,0,0,0,0,1,0,0,1
0,0,0,0,0.23943661971830985,0,0,0.15000000000000002,0.06138933764135703,0,0,0,1,0,1,0,0,0,0,0,0,0,1
1,0,0,0,0.0,1,1,0.76,0.008769905377336719,1,1,0,0,0,0,0,1,1,0,0,0,1,0
1,0,0,0,0.5633802816901409,1,1,0.38000000000000006,0.2707131317793677,1,0,0,0,1,0,0,0,0,1,0,1,0,0
0,0,0,0,0.02816901408450704,1,1,0.5900000000000001,0.02169397645972767,0,0,0,1,0,1,0,1,1,0,0,0,1,0
0,0,1,0,0.4507042253521127,1,1,0.77,0.3482575582737134,0,1,0,0,0,1,0,1,1,1,0,0,1,0
0,0,0,0,0.014084507042253521,1,0,0.77,0.017193630279252248,0,1,0,0,1,0,0,1,1,0,0,0,1,0
1,0,1,1,1.0,1,1,0.05000000000000002,0.18520655435033465,1,0,1,0,0,0,0,0,0,1,0,0,0,0
1,0,1,0,0.8732394366197184,1,1,0.6300000000000001,0.6007385183475652,0,1,0,1,0,1,0,0,0,1,0,1,0,0
0,0,0,0,0.19718309859154928,1,1,0.69,0.141241633971844,1,1,0,1,0,0,0,1,0,0,0,0,0,0
0,0,1,1,0.04225352112676056,1,0,0.27,0.01580890837756751,0,0,0,0,0,0,0,0,0,0,0,0,0,1
0,0,1,0,1.0,1,1,0.6699999999999999,0.6998615278098315,1,0,0,1,1,1,0,1,1,0,1,0,1,0
0,0,0,0,0.056338028169014086,1,0,0.78,0.054696515116547426,0,1,0,0,0,1,0,1,1,0,0,0,0,0
0,0,1,0,1.0,1,1,0.99,1.0,1,1,0,1,1,1,1,1,1,1,0,0,0,0
0,0,1,0,0.0,1,1,0.6200000000000001,0.00715439649203785,0,1,0,0,0,0,0,1,0,0,0,0,1,0
1,0,0,0,0.943661971830986,1,1,0.6200000000000001,0.6129702284791138,1,0,0,0,1,1,0,1,1,0,1,0,1,0
0,0,0,0,0.0,1,1,0.27,0.0031156242787906763,0,0,0,0,0,0,0,0,0,0,0,0,1,0
0,0,0,0,0.5915492957746479,1,1,0.5900000000000001,0.38622201707823683,1,1,0,0,1,0,0,0,0,0,0,0,1,0
1,0,1,0,0.7605633802816901,1,1,0.76,0.5833141010846988,1,1,0,0,1,1,0,1,0,0,0,1,0,0
0,0,0,0,0.04225352112676056,0,0,0.24,0.014770366951303947,0,0,0,1,1,0,1,0,0,0,0,0,0,1
0,1,1,1,0.4366197183098592,1,1,0.75,0.3280636972074775,0,1,0,0,1,0,0,1,1,0,0,0,0,1
1,0,0,0,0.0,1,1,0.51,0.005885068082160166,0,1,0,0,0,0,0,0,0,0,0,0,1,0
0,0,1,1,0.09859154929577466,1,1,0.33,0.0453496422801754,0,0,0,1,0,0,0,0,0,0,0,1,0,0
0,0,1,0,0.7605633802816901,1,1,0.8600000000000001,0.6606277405954304,1,1,0,0,0,1,1,1,1,1,0,0,1,0
1,0,1,0,0.6901408450704226,1,1,0.010000000000000009,0.10673897992153243,0,0,1,0,0,0,0,0,0,1,0,0,0,0
1,0,1,1,0.9577464788732395,1,1,0.020000000000000018,0.1643203323332564,0,0,1,0,0,0,0,0,0,1,0,1,0,0
0,0,0,0,0.9154929577464789,1,0,0.07,0.19374567274405724,1,0,1,0,0,0,0,0,0,0,1,0,0,1
0,0,0,0,0.056338028169014086,1,1,0.56,0.04211862450957766,0,1,0,0,1,0,0,0,0,0,0,0,1,0
0,0,0,0,0.0,1,0,0.32,0.003692591737825987,0,0,0,0,1,0,0,0,0,0,0,0,1,0
0,0,0,0,0.0,1,1,0.24,0.0027694438033694898,0,0,0,0,0,0,0,0,0,0,0,0,1,0
0,1,0,0,0.4084507042253521,1,1,0.56,0.24151857835218096,0,0,0,1,1,0,0,1,1,0,0,0,1,0
1,0,0,0,0.8309859154929577,1,0,0.6200000000000001,0.5572351719363028,1,0,0,0,0,1,1,1,1,1,0,1,0,0
1,1,1,0,0.647887323943662,1,0,0.6200000000000001,0.4393030233094854,1,1,0,1,0,0,0,0,0,0,0,0,1,0
0,1,1,0,0.9577464788732395,1,1,0.6599999999999999,0.665474267251327,1,1,0,1,1,0,0,0,0,0,0,1,0,0
1,0,1,1,0.8169014084507042,1,0,0.020000000000000018,0.14631894761135472,0,0,1,0,0,0,0,0,0,0,1,0,0,1
0,0,1,0,1.0,1,1,0.9000000000000001,0.8886452804061851,1,1,0,0,1,1,1,1,1,0,1,0,1,0
1,0,1,1,0.8309859154929577,0,0,0.41,0.41218555273482577,0,0,0,1,0,1,1,1,1,0,1,1,0,0
1,0,1,1,1.0,1,0,0.8900000000000001,0.8721440110777752,1,1,0,1,0,1,1,1,1,0,1,0,0,1
1,0,0,0,0.8169014084507042,1,1,0.81,0.6467805215785829,1,1,0,1,1,1,0,0,1,0,0,0,0,0
0,0,1,0,1.0,1,0,0.06,0.21417032079390724,1,0,1,0,0,0,0,0,0,0,1,1,0,0
0,0,1,1,1.0,1,0,0.020000000000000018,0.1631663974151858,0,0,1,0,0,0,0,0,0,0,1,0,1,0
1,0,0,0,0.16901408450704225,1,1,0.6000000000000001,0.11273944149549966,1,0,0,1,0,1,0,1,1,0,0,0,1,0
1,0,0,0,0.11267605633802817,1,0,0.010000000000000009,0.016039695361181633,0,0,1,0,0,0,0,0,0,0,0,0,0,1
0,1,1,0,0.4084507042253521,1,0,0.5900000000000001,0.26921301638587586,1,1,0,0,0,0,0,0,0,0,0,0,0,1
1,0,0,0,0.1267605633802817,0,0,0.22000000000000003,0.049734594968843755,0,0,0,1,1,1,0,0,0,0,0,0,0,0
1,1,0,0,0.014084507042253521,1,1,0.26,0.008192937918301408,0,0,0,0,0,0,0,0,0,0,0,0,1,0
0,0,0,0,0.25352112676056343,1,1,0.69,0.196976690514655,0,1,0,0,0,0,1,0,1,1,0,1,0,0
0,0,0,0,0.7887323943661972,1,0,0.020000000000000018,0.1269328409877683,0,0,1,0,0,0,0,0,0,0,1,0,0,1
0,1,1,0,0.18309859154929578,1,1,0.5700000000000001,0.11481652434802678,1,1,0,0,0,0,0,0,0,0,0,0,1,0
0,0,0,0,0.04225352112676056,1,0,0.32,0.02169397645972767,1,0,0,0,0,0,0,0,0,0,0,0,0,1
1,0,1,1,0.2112676056338028,1,0,0.010000000000000009,0.029656127394414956,0,0,1,0,0,0,0,0,0,0,0,0,0,1
1,0,1,0,0.46478873239436624,1,1,0.8200000000000001,0.3918762981767829,1,1,0,0,0,1,0,1,1,0,0,0,1,0
0,0,0,0,0.04225352112676056,1,0,0.010000000000000009,0.006923609508423726,0,0,1,0,0,0,0,0,0,0,0,0,0,1
0,0,1,1,0.15492957746478872,1,1,0.31,0.06381260096930534,0,0,0,1,0,0,0,0,0,0,0,0,1,0
0,0,1,1,0.0,1,1,0.52,0.006000461573967228,0,1,0,0,0,0,0,0,0,0,0,0,0,1
0,0,0,0,0.07042253521126761,1,0,0.41,0.03911839372259405,0,0,0,0,1,0,0,1,0,0,0,0,1,0
1,0,1,1,0.6338028169014085,1,1,0.010000000000000009,0.09762289406877453,0,0,1,0,0,0,0,0,0,0,1,0,0,1
0,1,0,0,0.4366197183098592,1,1,0.78,0.34629586891299335,1,1,0,0,0,0,0,1,1,0,0,1,0,0
0,0,0,0,0.0,1,1,0.77,0.008885298869143781,1,1,0,0,0,0,0,1,1,0,0,0,1,0
0,0,1,0,0.8309859154929577,1,1,0.43,0.4324948072928687,0,0,0,1,1,0,1,0,0,0,1,0,0,1
0,1,0,0,0.23943661971830985,1,0,0.75,0.1990537733671821,1,1,0,0,0,1,1,1,0,0,0,0,0,0
0,1,0,0,0.19718309859154928,1,1,0.56,0.12866374336487424,1,1,0,0,0,0,0,0,0,0,0,1,0,0
0,0,0,1,0.1267605633802817,1,1,0.010000000000000009,0.02319409185321948,0,0,1,0,0,0,0,0,0,1,0,0,0,0
0,1,1,0,1.0,1,1,0.98,0.9676898222940226,1,1,0,1,1,1,1,1,1,0,1,0,0,0
0,0,0,0,0.7323943661971831,1,1,0.55,0.45465035771982465,1,0,0,0,1,1,1,0,1,0,1,0,0,0
1,0,0,0,0.02816901408450704,1,1,0.32,0.015347334410339258,1,0,0,0,0,0,0,0,0,0,0,0,0,1
1,1,1,0,0.4225352112676057,0,1,0.32,0.18024463420263098,0,0,0,1,1,1,0,0,1,1,0,1,0,0
0,0,0,0,0.943661971830986,1,0,0.8300000000000001,0.8183706438956843,1,1,0,1,1,1,0,1,0,1,0,0,0,0
1,0,0,0,0.3098591549295775,1,0,0.6500000000000001,0.23240249249942305,0,1,0,0,1,1,1,0,0,0,0,0,0,0
0,0,1,0,0.9295774647887325,1,0,0.8600000000000001,0.8102930994691899,1,1,0,0,1,1,0,1,1,1,0,0,1,0
1,0,1,0,0.9859154929577465,0,1,0.43,0.4952688668359105,0,0,0,0,1,1,1,1,1,0,1,1,0,0
0,0,0,0,0.22535211267605634,1,0,0.75,0.1854373413339488,0,1,0,1,0,0,0,1,1,0,0,0,1,0
0,0,0,0,0.22535211267605634,0,0,0.07,0.0420032310177706,0,0,0,0,0,0,0,0,0,0,0,1,0,0
0,0,0,0,0.014084507042253521,1,1,0.29000000000000004,0.008539118393722595,0,0,0,1,0,0,0,0,0,0,0,0,1,0
0,0,1,1,0.8450704225352113,1,0,0.8500000000000001,0.7420955458112163,0,1,0,0,1,1,1,1,1,1,0,1,0,0
1,0,1,0,0.7887323943661972,1,1,0.8600000000000001,0.6811677821370874,1,1,0,0,1,1,0,1,1,0,0,1,0,0
0,0,0,0,0.07042253521126761,1,0,0.010000000000000009,0.01223171013154858,0,0,1,0,0,0,0,0,0,1,0,0,0,1
1,0,1,1,0.943661971830986,1,1,0.010000000000000009,0.1470113085621971,0,0,1,0,0,0,0,0,0,0,1,0,0,0
0,0,0,0,0.15492957746478872,1,1,0.49000000000000005,0.09393030233094854,1,0,0,1,1,0,1,0,0,0,0,0,1,0
0,0,0,1,0.0,1,1,0.31,0.003577198246018925,0,0,0,0,1,0,0,0,0,0,0,0,1,0
0,0,0,1,0.5915492957746479,0,1,0.22000000000000003,0.21855527348257558,0,0,0,1,1,1,0,0,0,0,0,0,1,0
1,0,0,0,0.014084507042253521,1,1,0.31,0.010154627279021463,1,0,0,0,0,0,0,0,0,0,0,0,1,0
0,0,1,0,0.22535211267605634,1,0,0.46,0.13351027002077084,0,0,0,1,1,0,0,0,1,1,0,0,0,1
1,0,1,0,0.22535211267605634,1,0,0.74,0.18012924071082392,1,1,0,0,0,0,0,1,1,0,0,0,1,0
1,0,1,0,0.11267605633802817,1,0,0.73,0.09773828756058159,1,1,0,1,1,1,0,0,0,0,0,0,0,0
0,0,0,0,0.0,1,1,0.51,0.005885068082160166,0,1,0,0,0,0,0,0,0,0,0,0,1,0
1,0,0,0,0.0,1,0,0.010000000000000009,0.00011539349180706218,0,0,1,0,0,0,0,0,0,0,0,1,0,0
1,0,0,0,0.02816901408450704,1,1,0.5700000000000001,0.026309716132010157,1,1,0,0,0,0,0,0,0,0,0,0,1,0
0,0,0,0,0.02816901408450704,0,1,0.17000000000000004,0.010154627279021463,0,0,0,1,1,0,0,0,0,0,0,0,0,1
0,1,0,0,0.5211267605633804,1,0,0.76,0.4194553427186707,1,1,0,0,0,0,0,1,1,0,0,0,1,0
0,0,1,1,0.5915492957746479,1,1,0.6100000000000001,0.4094161089314563,0,0,0,1,0,1,1,1,1,0,1,1,0,0
1,1,0,0,0.014084507042253521,1,1,0.75,0.017539810754673438,1,1,0,0,0,0,0,1,1,0,0,0,1,0
1,1,1,0,0.46478873239436624,1,1,0.76,0.36914378029079165,1,1,0,0,1,1,0,0,1,0,0,0,1,0
1,0,1,1,0.7887323943661972,1,1,0.6599999999999999,0.5570043849526887,1,0,0,1,0,1,1,1,1,0,1,0,1,0
1,0,1,1,0.8169014084507042,1,0,0.47000000000000003,0.4365335795061159,1,0,0,1,1,0,1,0,0,1,0,0,0,1
1,0,1,1,0.04225352112676056,1,1,0.6000000000000001,0.03242557119778444,0,1,0,0,0,0,0,1,0,0,0,0,0,1
1,0,1,1,0.3098591549295775,1,0,0.020000000000000018,0.04581121624740365,0,0,1,0,0,0,0,0,0,1,0,0,0,1
1,0,1,1,0.676056338028169,0,1,0.17000000000000004,0.20355411954765754,0,0,0,1,0,0,1,0,0,1,0,1,0,0
0,0,1,1,0.5492957746478874,1,1,0.6300000000000001,0.37779829217632127,1,1,0,0,0,1,0,0,0,0,0,0,1,0
0,0,1,1,0.04225352112676056,1,0,0.010000000000000009,0.005769674590353104,0,0,1,0,0,0,0,0,0,0,1,1,0,0
0,0,1,1,0.23943661971830985,1,1,0.69,0.171013154858066,0,1,0,1,0,1,0,1,0,0,0,0,0,1
0,0,0,0,0.7887323943661972,1,1,0.36000000000000004,0.3595661204708055,0,0,0,0,1,0,1,0,0,1,0,0,0,1
1,1,1,0,0.4225352112676057,1,1,0.6599999999999999,0.30175398107546736,1,1,0,0,0,0,0,0,1,0,0,0,1,0
1,0,1,1,0.4507042253521127,1,0,0.6799999999999999,0.3146780521578583,1,1,0,0,0,0,0,0,1,0,0,1,0,0
0,0,1,1,0.3802816901408451,1,0,0.74,0.31733210246942073,0,1,0,0,1,1,1,1,0,1,0,0,0,0
1,0,1,1,0.4507042253521127,1,0,0.7,0.3311793214862682,1,1,0,0,1,1,1,0,0,0,0,1,0,0
0,0,0,0,0.0,1,1,0.020000000000000018,0.00023078698361412436,0,0,1,0,0,0,0,0,0,0,0,0,0,1
0,0,1,1,0.47887323943661975,1,1,0.9100000000000001,0.4343411031617817,1,1,0,0,1,1,1,1,1,0,0,0,1,0
0,0,0,0,0.09859154929577466,1,0,0.52,0.06173551811677821,0,1,0,0,0,0,0,0,0,0,0,0,0,0
0,1,0,0,0.1267605633802817,1,1,0.6100000000000001,0.08942995615047312,0,1,0,0,0,0,0,0,1,0,0,0,1,0
1,0,1,1,1.0,1,1,0.8500000000000001,0.8474498038310639,1,1,0,0,1,1,0,1,1,1,0,1,0,0
0,1,1,1,0.323943661971831,1,1,0.6100000000000001,0.2122086314331872,1,1,0,1,0,0,0,0,0,0,0,0,1,0
1,0,1,0,0.8873239436619719,1,1,0.6699999999999999,0.6307408262174014,1,0,0,1,0,1,1,1,1,0,1,1,0,0
0,0,0,1,0.2112676056338028,1,1,0.51,0.12289406877452112,1,0,0,1,1,0,0,0,1,0,0,0,1,0
0,1,0,0,0.4507042253521127,1,1,0.6500000000000001,0.3113316408954535,1,1,0,0,1,1,0,0,0,0,0,1,0,0
1,0,1,1,0.056338028169014086,1,1,0.6699999999999999,0.052157858296792065,0,1,0,0,0,0,1,1,0,0,0,0,1,0
0,0,0,0,0.014084507042253521,1,1,0.5700000000000001,0.019732287099007616,0,1,0,1,0,0,0,0,0,0,0,0,1,0
1,0,0,0,0.014084507042253521,1,0,0.26,0.007385183475651974,0,0,0,0,0,0,0,0,0,0,0,0,1,0
1,1,1,0,0.23943661971830985,0,1,0.3,0.09139164551119318,0,0,0,0,0,1,0,1,1,0,0,0,1,0
1,0,1,1,0.15492957746478872,0,0,0.15000000000000002,0.04915762750980845,0,0,0,1,0,0,1,0,0,1,0,1,0,0
0,0,0,0,0.1267605633802817,1,1,0.6799999999999999,0.09416108931456267,1,1,0,0,0,0,0,1,0,0,0,0,0,0
0,0,0,0,0.47887323943661975,0,0,0.31,0.1942072467112855,0,0,0,0,0,1,0,1,1,0,0,0,1,0
0,1,0,0,0.056338028169014086,1,1,0.6699999999999999,0.04500346180475421,0,1,0,0,1,0,0,0,1,0,0,0,1,0
1,0,0,0,0.5070422535211268,1,0,0.46,0.2687514424186476,1,0,0,1,0,0,0,1,0,1,0,0,0,0
0,0,0,0,0.0,1,1,0.020000000000000018,0.00023078698361412436,0,0,1,0,0,0,0,0,0,0,0,0,0,0
0,0,1,1,0.8028169014084507,1,0,0.6400000000000001,0.5550426955919686,1,1,0,0,0,0,0,1,0,0,1,0,0,0
1,0,1,0,0.8028169014084507,1,1,0.6599999999999999,0.56519732287099,1,0,0,1,0,1,1,1,1,0,1,0,1,0
0,0,0,1,0.25352112676056343,1,1,0.06,0.04858066005077313,1,0,1,0,0,0,0,0,0,0,0,1,0,0
1,0,1,1,0.9014084507042254,1,0,0.08000000000000002,0.18878375259635358,1,0,1,0,0,0,0,0,0,0,1,1,0,0
1,0,0,0,0.5492957746478874,1,1,0.6200000000000001,0.36810523886452806,1,0,0,0,0,1,1,1,1,1,0,0,0,1
1,0,1,0,0.08450704225352114,1,1,0.6300000000000001,0.06438956842834065,0,1,0,0,0,0,0,1,0,0,0,0,1,0
1,0,0,0,0.971830985915493,1,1,0.9300000000000002,0.8974151857835218,1,1,0,1,1,1,1,1,1,0,1,1,0,0
1,0,1,1,0.9859154929577465,0,0,0.41,0.47357489037618283,0,0,0,1,1,0,1,1,1,0,1,0,0,0
0,0,1,0,0.23943661971830985,1,1,0.55,0.14851142395568892,1,1,0,0,0,0,0,0,0,0,0,0,1,0
0,0,1,1,0.14084507042253522,1,1,0.47000000000000003,0.08135241172397878,1,0,0,1,0,0,0,1,0,0,0,0,0,0
0,0,1,0,0.8309859154929577,1,1,0.41,0.40883914147242095,0,0,0,1,0,0,0,1,0,1,0,0,0,1
1,0,0,0,0.014084507042253521,1,1,0.31,0.01107777521347796,0,0,0,0,1,0,0,0,0,0,0,0,0,1
1,1,0,0,0.5633802816901409,1,1,0.8600000000000001,0.4748442187860605,1,1,0,0,1,1,0,1,1,0,0,0,1,0
1,0,1,0,0.11267605633802817,1,0,0.32,0.051696284329563816,0,0,0,0,1,0,0,0,0,0,0,0,0,1
0,0,1,1,0.18309859154929578,1,1,0.43,0.09196861297022849,0,0,0,1,1,0,0,0,1,0,1,0,0,0
0,0,0,0,0.1267605633802817,0,1,0.15000000000000002,0.03231017770597738,0,0,0,0,0,0,0,0,1,0,0,0,0,1
1,1,0,0,0.676056338028169,1,0,0.8500000000000001,0.5940456958227556,1,1,0,1,1,1,1,0,1,1,0,0,0,0
1,0,0,0,0.4507042253521127,1,1,0.52,0.27555965843526425,0,1,0,0,0,0,0,0,0,0,0,0,0,0
1,1,1,0,0.19718309859154928,1,1,0.76,0.14620355411954766,0,1,0,0,1,0,0,1,1,0,0,0,1,0
1,0,1,0,0.971830985915493,1,0,0.010000000000000009,0.15116547426725133,0,0,1,0,0,0,0,0,0,0,1,1,0,0
0,0,0,0,0.22535211267605634,0,1,0.07,0.0486960535425802,0,0,0,0,0,0,0,0,0,0,0,0,0,1
1,1,0,0,0.014084507042253521,1,1,0.52,0.014308792984075698,0,1,0,0,0,0,0,0,0,0,0,0,1,0
1,0,0,0,0.11267605633802817,1,1,0.56,0.07939072236325873,1,1,0,0,0,0,0,0,0,0,0,0,1,0
1,0,0,0,0.056338028169014086,1,0,0.010000000000000009,0.01050080775444265,0,0,1,0,0,0,0,0,0,0,0,0,0,1
0,0,0,0,0.0,1,0,0.020000000000000018,0.00023078698361412436,0,0,1,0,0,0,0,0,0,0,0,0,0,1
1,0,1,0,0.0,1,1,0.27,0.0031156242787906763,0,0,0,0,0,0,0,0,0,0,0,0,1,0
0,0,0,0,0.0,1,0,0.27,0.0031156242787906763,0,0,0,0,0,0,0,0,0,0,0,0,0,1
1,1,1,0,0.8309859154929577,1,0,0.71,0.6088160627740595,1,1,0,0,1,0,0,0,1,0,0,0,1,0
0,0,0,0,0.07042253521126761,1,1,0.56,0.052042464804985,1,1,0,0,0,0,0,0,0,0,0,0,1,0
0,0,1,0,0.02816901408450704,1,1,0.05000000000000002,0.008192937918301408,1,0,1,0,0,0,0,0,0,0,0,0,0,1
0,0,1,0,0.971830985915493,1,0,0.07,0.22178629125317334,1,0,1,0,0,0,0,0,0,0,1,0,0,0
0,0,0,0,0.0,1,0,0.0,0.0,0,0,1,0,0,0,0,0,0,0,0,0,0,1
1,1,1,0,0.9014084507042254,1,0,0.76,0.7048234479575352,0,1,0,1,1,1,0,0,1,0,0,0,1,0
1,0,0,0,0.0,1,1,0.32,0.003692591737825987,0,0,0,0,0,1,0,0,0,0,0,0,0,1
0,0,0,0,0.0,1,1,0.020000000000000018,0.00023078698361412436,0,0,1,0,0,0,0,0,0,0,0,0,0,1
0,0,0,0,1.0,1,1,0.010000000000000009,0.16732056312024002,0,0,1,0,0,0,0,0,0,0,1,1,0,0
1,1,0,0,0.07042253521126761,1,0,0.010000000000000009,0.010154627279021463,0,0,1,0,0,0,0,0,0,0,0,0,0,0
0,1,0,0,0.16901408450704225,1,1,0.8800000000000001,0.15531963997230558,1,1,0,0,1,1,0,1,1,0,0,0,1,0
0,0,0,1,0.5070422535211268,1,0,0.43,0.2635587352873298,0,0,0,1,1,0,1,0,0,0,1,1,0,0
1,0,1,1,1.0,1,1,0.9000000000000001,0.8840295407339026,0,1,0,1,1,1,1,1,1,0,1,0,0,0
1,0,1,1,0.8732394366197184,1,0,0.5700000000000001,0.5410800830833141,0,0,0,1,1,1,1,1,0,0,1,1,0,0
0,0,0,0,0.0,1,0,0.010000000000000009,0.00011539349180706218,0,0,1,0,0,0,0,0,0,0,0,0,0,1
1,1,1,0,1.0,1,0,0.06,0.20309254558042927,1,0,1,0,0,0,0,0,0,0,1,0,0,0
0,0,1,1,0.014084507042253521,1,0,0.020000000000000018,0.0025386568197553663,0,0,1,0,0,0,0,0,0,0,0,0,0,1
1,1,0,0,0.4366197183098592,1,0,0.36000000000000004,0.2090930071543965,0,0,0,0,1,0,1,0,0,0,0,0,0,0
1,0,0,0,0.02816901408450704,0,0,0.07,0.004615739672282484,0,0,0,0,0,0,0,0,0,0,0,0,1,0
0,0,1,0,0.7042253521126761,1,1,0.9300000000000002,0.657973690283868,1,1,0,1,0,1,1,1,1,1,0,0,1,0
1,0,1,1,0.943661971830986,1,0,0.6699999999999999,0.639510731594738,1,0,0,0,1,1,1,1,1,0,1,0,0,0
0,0,0,0,0.323943661971831,1,0,0.06,0.06623586429725364,1,0,1,0,0,0,0,0,0,1,0,0,1,0
1,0,1,1,0.323943661971831,1,0,0.46,0.1777059773828756,1,0,0,1,1,1,0,0,0,0,1,0,1,0
1,0,1,0,0.7605633802816901,1,1,0.71,0.5701592430186937,1,1,0,1,0,0,0,1,0,0,0,0,0,0
1,0,1,1,0.47887323943661975,1,1,0.07,0.09969997692130164,1,0,1,0,0,0,0,0,0,0,0,0,1,0
1,0,1,0,0.09859154929577466,1,0,0.8300000000000001,0.09508423724901917,0,1,0,0,1,1,0,1,1,0,0,0,1,0
0,0,1,0,1.0,1,1,0.81,0.8385645049619201,1,1,0,0,1,0,0,1,1,0,1,0,1,0
0,0,1,1,0.19718309859154928,1,0,0.010000000000000009,0.03623355642741749,0,0,1,0,0,0,0,0,0,1,0,0,0,1
0,1,0,0,0.9014084507042254,1,1,0.9100000000000001,0.8181398569120701,1,1,0,1,0,1,1,1,1,0,1,0,1,0
1,0,0,0,0.647887323943662,1,1,0.8500000000000001,0.5437341333948765,0,1,0,1,0,1,1,1,1,1,0,0,1,0
0,1,0,0,0.14084507042253522,1,0,0.42,0.07431340872374799,1,0,0,1,1,0,0,0,0,0,0,0,0,0
0,0,1,1,0.7183098591549296,0,0,0.32,0.29263789522270944,0,0,0,0,1,1,1,1,0,0,1,0,0,1
1,0,1,0,0.971830985915493,1,1,0.9100000000000001,0.8834525732748673,1,1,0,0,1,1,1,1,1,1,0,0,1,0
1,0,0,0,0.295774647887324,1,1,0.41,0.14251096238172167,1,0,0,1,0,0,1,0,0,0,0,0,0,1
1,0,0,0,0.647887323943662,1,1,0.020000000000000018,0.10696976690514656,0,0,1,0,0,0,0,0,0,0,1,0,0,1
0,1,0,0,0.33802816901408456,1,1,0.71,0.2513270251557812,1,1,0,0,1,0,0,1,0,0,0,0,1,0
1,0,1,1,0.22535211267605634,1,0,0.73,0.1795522732517886,0,1,0,1,0,0,1,1,0,0,0,0,1,0
0,0,0,0,0.3943661971830986,1,1,0.76,0.2987537502884837,0,1,0,0,0,0,1,1,1,0,0,0,1,0
0,0,1,1,0.1267605633802817,1,0,0.42,0.06288945303484884,0,0,0,0,0,1,0,1,0,0,0,0,0,1
0,0,1,0,0.323943661971831,1,0,0.010000000000000009,0.05365797369028387,0,0,1,0,0,0,0,0,0,0,1,0,0,1
1,0,1,0,0.9859154929577465,1,0,0.07,0.20020770828525272,1,0,1,0,0,0,0,0,0,0,1,0,0,0
1,0,0,1,0.295774647887324,1,1,0.020000000000000018,0.052042464804985,0,0,1,0,0,0,0,0,0,0,0,0,1,0
0,0,0,0,0.04225352112676056,1,0,0.72,0.04027232864066466,1,1,0,1,0,0,0,1,0,0,0,0,1,0
0,0,0,0,0.14084507042253522,1,0,0.6599999999999999,0.10039233787214402,0,1,0,0,0,1,0,0,1,0,0,0,1,0
0,0,1,1,0.7323943661971831,1,0,0.46,0.4007615970459266,1,0,0,1,1,0,1,0,0,1,0,0,0,0
1,0,0,0,0.4507042253521127,1,0,0.41,0.22317101315485807,1,0,0,1,0,0,1,0,0,1,0,0,1,0
0,0,0,0,0.1267605633802817,1,0,0.020000000000000018,0.01823217170551581,0,0,1,0,0,0,0,0,0,1,0,0,0,1
0,0,1,1,0.6056338028169015,1,0,0.020000000000000018,0.10477729056081238,0,0,1,0,0,0,0,0,0,1,0,0,0,0
0,0,1,1,0.5774647887323944,1,0,0.020000000000000018,0.09346872836372029,0,0,1,0,0,0,0,0,0,0,1,0,0,1
0,0,0,0,0.35211267605633806,1,1,0.74,0.26898222940226174,1,1,0,1,1,0,0,1,0,0,0,1,0,0
0,0,0,1,0.0,0,0,0.06,0.0006923609508423727,0,0,0,0,0,0,0,0,0,0,0,0,1,0
1,0,0,0,0.0,1,0,0.56,0.006462035541195477,0,1,0,0,1,0,0,0,0,0,0,0,1,0
1,0,0,0,0.7042253521126761,1,1,0.9300000000000002,0.6560120009231479,1,1,0,0,1,1,1,1,1,1,0,0,1,0
1,1,0,0,0.18309859154929578,0,0,0.21000000000000002,0.07777521347795985,0,0,0,1,0,1,1,0,0,0,1,0,0,1
0,0,0,0,0.1267605633802817,1,1,0.27,0.04823447957535195,0,0,0,0,0,0,0,0,0,0,0,1,0,0
1,1,0,0,0.0,1,1,0.53,0.00611585506577429,0,1,0,0,0,0,0,0,0,0,0,0,1,0
1,1,1,0,0.7183098591549296,1,1,0.9100000000000001,0.6495499653819524,1,1,0,1,1,1,0,1,1,0,0,0,1,0
1,0,0,0,0.49295774647887325,0,1,0.16000000000000003,0.14412647126702055,0,0,0,0,1,0,1,0,0,0,0,0,0,0
0,0,1,1,0.0,1,1,0.5,0.005769674590353104,0,1,0,0,0,0,0,0,0,0,0,0,1,0
0,0,1,0,0.676056338028169,1,1,0.37000000000000005,0.30175398107546736,1,0,0,1,0,0,0,0,0,1,0,0,1,0
0,0,0,1,0.8309859154929577,1,1,0.6599999999999999,0.5730440803138702,1,0,0,1,0,1,1,1,1,0,1,0,1,0
1,0,1,0,1.0,1,1,0.9100000000000001,0.9336487422109393,1,1,0,0,1,1,1,1,1,1,0,0,1,0
0,0,0,0,0.16901408450704225,1,0,0.010000000000000009,0.02907915993537965,0,0,1,0,0,0,0,0,0,1,0,0,0,1
0,0,0,0,0.8732394366197184,1,0,0.8700000000000001,0.7725594276482807,1,1,0,0,1,0,1,1,1,0,0,0,1,0
0,0,0,0,0.0,1,0,0.020000000000000018,0.00023078698361412436,0,0,1,0,0,0,0,0,0,0,1,0,0,1
0,0,0,0,0.7183098591549296,1,0,0.35000000000000003,0.31987075928917613,0,0,0,1,0,1,0,0,0,1,0,0,1,0
1,1,1,0,0.35211267605633806,1,0,0.6599999999999999,0.24821140087699056,0,1,0,0,1,0,0,0,1,0,0,0,1,0
0,0,1,0,1.0,1,0,0.9700000000000002,0.9613431802446342,1,1,0,1,1,1,1,1,1,0,1,0,0,0
1,0,1,0,0.5492957746478874,1,0,0.8700000000000001,0.4858066005077314,1,1,0,1,0,1,0,1,1,1,0,0,0,0
1,0,0,0,0.7183098591549296,0,1,0.39999999999999997,0.3484883452573275,0,0,0,1,1,1,0,1,1,0,1,0,0,0
0,0,1,1,0.4366197183098592,1,1,0.72,0.3467574428802216,0,1,0,1,1,0,0,0,1,1,0,0,1,0
1,1,0,0,0.295774647887324,1,1,0.56,0.19316870528502195,1,1,0,0,0,0,0,0,0,0,0,0,0,0
1,0,1,0,0.5633802816901409,1,1,0.8600000000000001,0.4781906300484653,0,1,0,1,1,1,0,1,1,1,0,0,0,0
0,0,1,1,0.5774647887323944,1,0,0.020000000000000018,0.09646895915070391,0,0,1,0,0,0,0,0,0,1,0,0,0,1
1,1,0,0,0.1267605633802817,0,1,0.10999999999999999,0.03150242326332795,0,0,0,0,0,0,1,0,0,0,0,0,1,0
1,0,1,1,0.5070422535211268,1,1,0.77,0.4054927302100162,1,1,0,0,1,1,0,0,1,0,0,0,1,0
1,0,0,0,0.18309859154929578,1,1,0.6200000000000001,0.12162474036464345,1,1,0,0,0,1,0,0,0,0,0,0,1,0
0,1,0,0,0.5352112676056339,1,1,0.77,0.4316870528502193,1,1,0,0,0,0,0,1,1,0,0,0,0,0
0,0,1,1,0.8591549295774649,1,0,0.020000000000000018,0.1384721901684745,0,0,1,0,0,0,0,0,0,0,1,1,0,0
1,0,1,0,0.8732394366197184,1,1,0.9100000000000001,0.7873297945995845,1,1,0,0,1,1,1,1,1,0,1,0,0,0
0,0,1,0,0.3943661971830986,1,1,0.5700000000000001,0.2590583891068544,0,1,0,0,0,1,0,0,0,0,0,1,0,0
1,0,0,1,0.22535211267605634,1,1,0.37000000000000005,0.10604661897069007,1,0,0,0,0,1,0,0,0,1,0,0,0,1
1,0,0,0,0.5633802816901409,1,1,0.56,0.35448880683129474,1,0,0,1,0,1,1,0,1,0,0,0,0,0
0,0,0,1,0.8591549295774649,1,0,0.020000000000000018,0.1421647819063005,0,0,1,0,0,0,0,0,0,0,1,0,0,0
0,1,1,1,0.8873239436619719,1,1,0.9300000000000002,0.8171013154858066,1,1,0,1,0,1,1,1,1,0,1,0,0,0
0,0,0,0,0.04225352112676056,1,1,0.6100000000000001,0.035310408492961,0,1,0,0,0,0,0,0,1,0,0,0,1,0
1,0,0,1,0.1267605633802817,1,0,0.55,0.07789060696976692,1,0,0,1,0,1,1,0,1,1,0,1,0,0
1,1,1,0,0.26760563380281693,1,1,0.42,0.14320332333256405,0,0,0,0,1,0,0,0,1,0,0,0,1,0
0,0,1,0,0.1267605633802817,1,1,0.52,0.0830833141010847,0,1,0,0,0,0,0,0,0,0,0,0,1,0
0,0,1,1,0.35211267605633806,1,1,0.010000000000000009,0.05735056542810985,0,0,1,0,0,0,0,0,0,0,1,1,0,0
1,0,1,1,0.619718309859155,1,1,0.8700000000000001,0.5437341333948765,1,1,0,1,1,0,0,1,1,0,0,0,1,0
1,0,0,0,0.7183098591549296,1,1,0.6200000000000001,0.4863835679667667,1,0,0,0,0,1,1,1,1,0,1,0,0,0
0,1,1,0,0.25352112676056343,1,0,0.48000000000000004,0.14631894761135472,0,0,0,1,0,1,0,1,0,0,0,0,0,0
0,0,0,0,0.25352112676056343,1,0,0.010000000000000009,0.03923378721440111,0,0,1,0,0,0,0,0,0,0,1,0,0,1
1,0,0,0,0.08450704225352114,0,0,0.07,0.019732287099007616,0,0,0,0,0,0,0,0,0,0,0,0,0,0
0,0,1,0,0.5774647887323944,1,0,0.6200000000000001,0.3873759519963074,1,0,0,1,0,0,1,1,1,1,0,1,0,0
0,1,1,0,0.9295774647887325,1,1,0.76,0.6993999538426032,1,1,0,0,0,0,0,1,1,0,0,1,0,0
0,0,0,1,0.04225352112676056,1,0,0.31,0.02319409185321948,0,0,0,1,0,0,0,0,0,0,0,0,1,0
0,0,0,0,0.9154929577464789,1,1,0.9600000000000002,0.8498730671590122,1,1,0,1,1,1,1,1,1,1,0,0,0,0
1,0,1,0,0.9295774647887325,1,0,0.47000000000000003,0.49665358873759524,1,0,0,1,1,1,0,0,0,0,1,0,0,1
0,0,1,0,0.6056338028169015,1,1,0.6599999999999999,0.41633971843988,1,1,0,1,0,1,0,0,0,0,0,1,0,0
1,0,1,1,0.2112676056338028,1,1,0.9400000000000002,0.21509346872836374,1,1,0,1,0,1,1,1,1,0,0,0,1,0
1,0,1,0,0.11267605633802817,1,1,0.6100000000000001,0.08666051234710363,0,1,0,0,0,0,0,0,1,0,0,0,1,0
1,0,0,0,0.014084507042253521,1,1,0.020000000000000018,0.0025386568197553663,0,0,1,0,0,0,0,0,0,0,0,0,0,1
0,1,1,0,0.3943661971830986,1,1,0.6599999999999999,0.2699053773367182,1,1,0,0,0,0,0,0,1,0,0,0,1,0
1,0,0,0,0.02816901408450704,1,1,0.51,0.023540272328640664,0,1,0,0,0,0,0,0,0,0,0,0,0,0
0,0,0,0,0.35211267605633806,1,0,0.020000000000000018,0.05769674590353104,0,0,1,0,0,0,0,0,0,0,0,0,0,1
0,0,0,1,0.9859154929577465,1,1,0.5800000000000001,0.6351257789060697,0,0,0,1,1,1,1,1,0,0,1,1,0,0
0,0,0,0,0.23943661971830985,1,1,0.72,0.18220632356335104,1,1,0,0,0,1,0,0,1,0,0,1,0,0
0,0,0,0,0.0,1,0,0.26,0.003000230786983614,0,0,0,0,0,0,0,0,0,0,0,0,0,1
0,0,1,0,0.971830985915493,1,1,0.9100000000000001,0.8672974844218786,0,1,0,1,1,1,1,1,1,1,0,0,0,0
1,0,1,1,0.5774647887323944,1,1,0.76,0.48096007385183476,1,1,0,0,0,0,0,1,1,0,0,0,1,0
1,0,1,0,0.6338028169014085,1,0,0.37000000000000005,0.2832910223863374,1,0,0,1,0,0,0,0,0,0,0,0,0,0
1,1,1,0,0.7605633802816901,1,0,0.7,0.5523886452804062,0,1,0,0,0,1,1,1,0,0,1,1,0,0
0,0,1,0,0.056338028169014086,1,1,0.76,0.0553888760673898,0,1,0,0,0,1,0,1,1,0,0,0,1,0
1,1,0,0,0.26760563380281693,1,1,0.6300000000000001,0.19074544195707363,0,1,0,0,0,0,0,0,1,0,0,0,1,0
1,0,1,1,0.5774647887323944,1,1,0.5900000000000001,0.388414493422571,0,1,0,0,0,0,0,1,0,0,0,1,0,0
1,0,0,0,0.47887323943661975,1,0,0.020000000000000018,0.07869836141241635,0,0,1,0,0,0,0,0,0,1,0,0,0,1
0,0,0,0,0.5070422535211268,1,0,0.8,0.3989153011770136,1,1,0,0,0,0,1,1,1,0,0,0,0,0
0,0,1,0,0.5070422535211268,1,1,0.37000000000000005,0.23217170551580893,1,0,0,1,0,0,0,0,0,0,0,0,0,1
0,0,0,1,0.46478873239436624,1,1,0.8500000000000001,0.39833833371797833,1,1,0,1,1,0,0,1,1,1,0,0,1,0
0,0,1,0,0.9295774647887325,1,1,0.51,0.5369259173782598,0,0,0,1,1,0,1,0,1,0,1,1,0,0
1,0,1,1,0.4366197183098592,1,0,0.71,0.33267943687976,1,1,0,1,0,0,0,1,0,0,0,0,1,0
1,0,1,1,1.0,0,0,0.47000000000000003,0.5258481421647819,0,0,0,1,1,1,1,1,1,0,1,0,0,0
0,0,0,0,0.8450704225352113,1,1,0.9300000000000002,0.7913685668128317,1,1,0,1,0,1,1,1,1,0,1,1,0,0
0,0,1,1,0.9014084507042254,1,1,0.010000000000000009,0.14412647126702055,0,0,1,0,0,0,0,0,0,0,1,1,0,0
1,0,1,1,0.8028169014084507,1,1,0.06,0.17066697438264483,1,0,1,0,0,0,0,0,0,1,0,1,0,0
1,1,0,0,0.056338028169014086,1,0,0.41,0.031040849296099703,0,0,0,1,1,0,1,0,0,0,0,1,0,0
1,0,0,0,0.619718309859155,1,1,0.9700000000000002,0.589314562658666,1,1,0,1,1,1,1,1,1,0,0,0,1,0
1,0,0,1,0.18309859154929578,1,1,0.41,0.09300715439649204,0,0,0,0,0,1,0,1,0,0,0,1,0,0
1,0,0,0,1.0,1,1,0.6599999999999999,0.7116316639741518,1,1,0,1,0,0,1,0,0,0,1,0,0,0
0,0,1,1,0.5915492957746479,1,0,0.06,0.12220170782367876,1,0,1,0,0,0,0,0,0,0,1,0,0,1
0,0,0,0,0.7746478873239437,1,1,0.07,0.16455111931687055,1,0,1,0,0,0,0,0,0,0,1,0,0,0
1,0,0,0,0.971830985915493,1,0,0.6599999999999999,0.6892453265635818,1,0,0,1,1,1,0,1,1,0,1,0,0,1
0,0,0,1,0.28169014084507044,1,0,0.010000000000000009,0.04373413339487653,0,0,1,0,0,0,0,0,0,0,1,0,0,1
1,0,0,0,0.16901408450704225,0,0,0.10999999999999999,0.03911839372259405,0,0,0,0,1,0,0,0,0,0,0,0,1,0
1,0,0,0,0.23943661971830985,1,1,0.78,0.19870759289176093,0,1,0,1,0,0,0,1,1,0,0,0,1,0
1,0,0,0,0.5633802816901409,1,0,0.020000000000000018,0.087352873297946,0,0,1,0,0,0,0,0,0,0,0,0,1,0
0,0,0,0,0.8873239436619719,1,1,0.8200000000000001,0.7598661435495038,0,1,0,1,1,0,0,1,1,1,0,1,0,0
0,1,0,0,0.0,0,1,0.25,0.002884837295176552,0,0,0,0,1,1,0,0,1,0,0,0,1,0
1,0,0,0,0.0,1,0,0.5800000000000001,0.006692822524809601,0,1,0,0,0,1,0,0,0,0,0,0,1,0
1,0,1,1,0.5915492957746479,0,1,0.42,0.30256173551811677,0,0,0,1,0,1,1,1,1,1,0,1,0,0
1,1,0,0,0.16901408450704225,1,1,0.78,0.14043387952919456,0,1,0,0,0,1,0,1,1,0,0,0,1,0
1,0,1,1,1.0,1,0,0.81,0.83464112624048,1,1,0,1,1,0,1,1,0,0,1,0,0,0
1,0,1,0,0.49295774647887325,1,0,0.6200000000000001,0.33683360258481426,0,1,0,0,0,0,0,0,1,0,0,0,1,0
0,0,0,0,0.8873239436619719,1,0,0.81,0.7536348949919225,1,1,0,1,0,1,1,0,1,0,1,1,0,0
0,0,1,0,0.295774647887324,1,1,0.41,0.1564735748903762,0,0,0,1,0,0,0,1,0,1,0,0,0,0
0,1,0,0,0.15492957746478872,0,1,0.10999999999999999,0.041887837525963534,0,0,0,0,1,0,0,0,0,0,0,1,0,0
0,0,1,0,0.09859154929577466,1,0,0.5700000000000001,0.07085160396953613,0,1,0,1,0,0,0,0,0,0,0,0,1,0
0,0,0,0,0.5070422535211268,1,0,0.47000000000000003,0.2648280636972075,0,0,0,1,1,1,1,0,0,0,1,0,0,0
0,0,0,0,0.0,1,1,0.51,0.005885068082160166,0,1,0,0,0,0,0,0,0,0,0,0,1,0
0,0,0,1,0.7323943661971831,1,0,0.77,0.5790445418878375,0,1,0,1,1,1,0,0,1,1,0,0,1,0
0,0,0,0,0.23943661971830985,1,0,0.010000000000000009,0.038079852296330485,0,0,1,0,0,0,0,0,0,0,0,0,1,0
0,0,0,0,0.7746478873239437,1,1,0.6300000000000001,0.5211170090006924,0,0,0,0,1,1,1,1,1,0,1,1,0,0
0,1,1,1,0.943661971830986,1,1,0.6599999999999999,0.6537041310870066,1,1,0,0,1,1,0,0,0,0,0,0,1,0
1,0,0,0,0.26760563380281693,1,1,0.71,0.21474728825294254,1,1,0,1,0,0,0,1,0,0,0,0,0,0
0,0,1,1,0.08450704225352114,0,0,0.39999999999999997,0.05158089083775675,0,0,0,1,1,1,0,1,1,0,0,0,0,1
1,1,0,0,0.6901408450704226,1,1,0.6500000000000001,0.47253634894991925,1,1,0,1,1,0,0,0,0,0,0,0,1,0
0,0,0,0,0.647887323943662,1,0,0.020000000000000018,0.10673897992153243,0,0,1,0,0,0,0,0,0,0,1,0,0,0
1,1,1,1,0.46478873239436624,1,1,0.6100000000000001,0.3115624278790676,1,1,0,0,1,0,0,0,0,0,0,0,0,1
1,0,0,0,0.09859154929577466,1,0,0.77,0.08769905377336719,1,1,0,0,0,0,0,1,1,0,0,0,0,0
0,0,1,1,0.9859154929577465,1,0,0.07,0.21105469651511657,1,0,1,0,0,0,0,0,0,0,1,1,0,0
0,0,0,1,0.323943661971831,0,0,0.17000000000000004,0.09369951534733442,0,0,0,1,0,0,1,0,0,0,1,0,0,1
1,0,0,0,0.6901408450704226,1,0,0.010000000000000009,0.11204708054465728,0,0,1,0,0,0,0,0,0,1,0,0,0,0
1,0,0,0,0.647887323943662,0,0,0.21000000000000002,0.20540041541657053,0,0,0,1,1,0,1,0,0,1,0,1,0,0
1,1,1,1,1.0,1,1,0.7,0.7393261020078468,1,0,0,1,1,1,1,1,1,0,1,1,0,0
0,0,1,0,0.8309859154929577,1,0,0.8300000000000001,0.6980152319409185,1,1,0,0,0,1,0,1,1,0,1,1,0,0
0,0,1,0,0.28169014084507044,1,1,0.8800000000000001,0.25744288022155554,1,1,0,0,0,1,1,1,1,0,0,0,1,0
1,1,0,0,0.0,1,1,0.71,0.008192937918301408,0,1,0,0,0,0,0,1,1,0,0,0,1,0
0,0,0,0,0.6338028169014085,1,1,0.71,0.48776828986845144,1,1,0,1,0,0,0,1,0,0,0,1,0,0
0,0,1,0,0.7464788732394366,1,1,0.8600000000000001,0.6069697669051465,1,1,0,0,1,1,0,1,1,0,0,0,1,0
0,0,0,1,0.971830985915493,1,1,0.9600000000000002,0.9074544195707362,1,1,0,1,1,1,1,1,1,0,1,0,1,0
1,0,0,0,0.8309859154929577,1,0,0.8600000000000001,0.728709900761597,1,1,0,0,1,1,0,1,1,0,1,0,1,0
0,0,1,1,0.7042253521126761,1,0,0.010000000000000009,0.12324024924994231,0,0,1,0,0,0,0,0,0,0,1,1,0,0
0,0,1,1,0.8309859154929577,1,1,0.77,0.6685898915301177,1,1,0,1,0,1,0,1,0,1,0,0,0,0
0,1,0,0,0.0,0,1,0.21000000000000002,0.002423263327948304,0,0,0,0,0,1,0,0,1,0,0,0,1,0
0,0,1,1,0.4366197183098592,1,1,0.81,0.3676436648972998,1,1,0,1,0,0,0,1,1,0,0,1,0,0
0,0,0,0,0.943661971830986,0,1,0.21000000000000002,0.3205631202400185,0,0,0,0,0,1,0,0,1,0,0,0,0,0
1,0,0,0,0.09859154929577466,1,1,0.42,0.05411954765751212,0,0,0,1,0,0,0,1,0,0,0,0,1,0
1,0,0,1,0.11267605633802817,1,0,0.75,0.09831525501961691,0,1,0,1,0,1,1,0,1,0,0,0,0,0
1,0,1,0,0.4507042253521127,1,0,0.020000000000000018,0.07512116316639743,0,0,1,0,0,0,0,0,0,0,0,0,0,1
1,0,1,1,0.22535211267605634,1,0,0.020000000000000018,0.04615739672282483,0,0,1,0,0,0,0,0,0,1,0,0,0,1
0,0,0,0,0.02816901408450704,0,0,0.07,0.007039003000230788,0,0,0,0,0,0,0,0,0,0,0,0,1,0
0,0,0,0,0.15492957746478872,1,1,0.78,0.13039464574198018,1,1,0,0,0,0,0,1,1,0,0,0,1,0
0,0,0,0,0.0,1,0,0.6599999999999999,0.007615970459266097,1,1,0,0,0,0,0,1,0,0,0,0,1,0
0,0,1,0,1.0,1,0,0.6599999999999999,0.6940918532194784,0,0,0,1,1,1,1,1,1,0,1,0,0,1
0,0,0,1,0.0,1,1,0.52,0.006000461573967228,0,1,0,0,0,0,0,0,0,0,0,0,0,1
0,0,0,0,0.2112676056338028,1,0,0.0,0.035541195476575124,0,0,1,0,0,0,0,0,0,0,1,1,0,0
1,0,1,0,0.25352112676056343,1,1,0.78,0.1990537733671821,0,1,0,0,0,1,0,1,1,0,0,0,1,0
0,0,0,0,0.7887323943661972,0,1,0.35000000000000003,0.3667205169628433,0,0,0,1,0,1,0,1,1,0,0,0,1,0
1,0,1,0,0.6338028169014085,1,0,0.35000000000000003,0.28167551350103853,1,0,0,1,0,0,0,0,0,0,0,0,1,0
0,1,1,0,0.3943661971830986,1,0,0.72,0.30440803138702976,0,1,0,1,0,1,0,0,1,1,0,0,0,0
1,0,1,0,0.8873239436619719,1,0,0.010000000000000009,0.13927994461112395,0,0,1,0,0,0,0,0,0,0,1,1,0,0
0,0,1,0,0.9859154929577465,1,0,0.47000000000000003,0.5380798522963305,1,0,0,1,1,0,1,0,0,0,1,0,0,0
1,0,1,1,0.6901408450704226,1,1,0.51,0.4083775675051927,0,1,0,0,0,0,0,0,0,0,0,0,0,0
1,0,0,0,0.4084507042253521,1,1,0.8200000000000001,0.3421417032079391,1,1,0,0,1,0,0,1,1,0,0,0,1,0
0,0,0,0,0.11267605633802817,1,0,0.020000000000000018,0.01880913916455112,0,0,1,0,0,0,0,0,0,0,0,0,0,1
0,1,0,0,0.09859154929577466,1,0,0.8200000000000001,0.09393030233094854,0,1,0,1,0,0,1,1,1,0,0,1,0,0
1,0,1,1,1.0,1,1,0.77,0.7875605815831986,1,1,0,1,1,0,0,1,0,0,1,0,1,0
1,0,0,0,0.09859154929577466,1,1,0.020000000000000018,0.013731825525040387,0,0,1,0,0,0,0,0,0,0,0,0,0,1
1,0,0,0,0.0,1,1,0.6699999999999999,0.007731363951073159,1,1,0,0,0,0,0,0,1,0,0,0,0,1
1,0,0,0,0.35211267605633806,1,1,0.56,0.20955458112162476,1,1,0,0,0,0,0,0,0,0,0,0,0,0
1,0,0,0,0.4084507042253521,1,0,0.9200000000000002,0.38183706438956844,1,1,0,0,1,1,1,1,1,1,0,1,0,0
0,0,1,0,0.8028169014084507,1,0,0.42,0.4090699284560351,0,0,0,1,1,1,0,0,0,1,0,1,0,0
0,0,0,1,0.04225352112676056,1,0,0.6200000000000001,0.03623355642741749,1,1,0,0,0,0,1,0,0,0,0,1,0,0
1,0,0,0,0.8309859154929577,1,1,0.8600000000000001,0.7175167320563121,0,1,0,1,0,1,1,1,1,0,0,0,0,0
0,0,1,1,1.0,1,1,0.6200000000000001,0.6587814447265175,1,0,0,1,1,1,1,1,0,0,1,0,0,0
1,0,0,0,0.35211267605633806,1,1,0.6200000000000001,0.25098084468036,1,1,0,0,0,1,0,0,0,0,0,0,1,0
1,0,0,1,0.0,1,1,0.51,0.005885068082160166,0,1,0,0,0,0,0,0,0,0,0,0,1,0
0,0,0,0,0.0,1,1,0.32,0.003692591737825987,0,0,0,1,0,0,0,0,0,0,0,0,0,1
1,1,1,0,0.323943661971831,1,1,0.75,0.2591737825986615,1,1,0,0,0,0,0,1,1,0,0,0,1,0
1,0,0,1,0.35211267605633806,0,1,0.10999999999999999,0.08862220170782369,0,0,0,0,0,1,0,0,0,0,0,0,0,1
1,1,1,0,0.07042253521126761,1,1,0.6599999999999999,0.05261943226402031,1,1,0,0,0,0,0,0,1,0,0,0,1,0
1,0,1,0,0.5915492957746479,1,1,0.76,0.4718439879990769,1,1,0,1,1,0,0,0,1,0,0,0,1,0
0,0,0,0,0.6619718309859155,1,1,0.8800000000000001,0.5843526425109623,1,1,0,0,1,1,0,1,1,1,0,1,0,0
1,0,0,0,0.0,1,1,0.35000000000000003,0.004038772213247173,0,0,0,0,0,0,0,1,0,0,0,0,0,1
0,0,0,0,0.056338028169014086,1,1,0.45,0.03461804754211863,0,0,0,0,0,1,1,1,0,0,0,1,0,0
0,0,1,1,0.619718309859155,1,1,0.6599999999999999,0.44311100853911844,0,0,0,1,1,1,1,1,1,0,1,0,0,1
0,0,0,0,0.2112676056338028,1,1,0.71,0.1650126932840988,1,1,0,0,0,0,1,0,1,0,0,1,0,0
0,0,0,0,0.0,1,0,0.020000000000000018,0.00023078698361412436,0,0,1,0,0,0,0,0,0,0,0,0,0,1
0,0,0,0,0.014084507042253521,1,0,0.06,0.005077313639510732,1,0,1,0,0,0,0,0,0,0,0,0,0,1
0,0,0,0,0.28169014084507044,1,0,0.020000000000000018,0.04604200323101777,0,0,1,0,0,0,0,0,0,0,0,0,0,1
1,1,1,0,0.36619718309859156,1,1,0.8600000000000001,0.3287560581583199,1,1,0,1,0,0,1,1,1,0,0,0,0,0
1,0,0,0,0.0,1,1,0.020000000000000018,0.00023078698361412436,0,0,1,0,0,0,0,0,0,0,0,0,0,1
1,1,0,0,0.5774647887323944,1,1,0.6599999999999999,0.4065312716362797,1,1,0,0,0,0,0,1,0,0,0,0,1,0
1,0,0,0,0.3943661971830986,1,1,0.6000000000000001,0.2730210016155089,0,1,0,0,0,0,0,1,0,0,0,0,1,0
0,0,0,0,0.7605633802816901,1,1,0.5900000000000001,0.4967689822294023,1,0,0,0,0,1,0,1,1,0,1,0,0,0
1,1,0,0,0.0,0,0,0.07,0.0008077544426494348,0,0,0,0,0,0,0,0,0,0,0,0,0,1
0,0,1,1,0.9577464788732395,1,1,0.9600000000000002,0.8824140318486037,1,1,0,1,1,1,1,1,1,0,1,0,0,0
1,0,0,0,0.23943661971830985,1,1,0.7,0.18705285021924764,1,1,0,0,0,0,1,1,0,0,0,0,1,0
0,0,0,0,0.07042253521126761,1,1,0.37000000000000005,0.03657973690283868,0,0,0,1,1,0,0,0,0,0,0,0,0,0
0,0,0,1,0.056338028169014086,1,0,0.020000000000000018,0.010154627279021463,0,0,1,0,0,0,0,0,0,0,1,0,0,1
0,0,0,0,0.014084507042253521,1,1,0.6100000000000001,0.014654973459496885,1,1,0,0,1,0,0,0,0,0,0,0,1,0
0,0,0,0,0.4225352112676057,1,0,0.020000000000000018,0.0715439649203785,0,0,1,0,0,0,0,0,0,0,1,0,0,1
1,0,0,0,0.3802816901408451,1,0,0.36000000000000004,0.17297484421878606,0,0,0,0,1,0,1,0,0,0,0,0,0,0
0,0,0,0,0.1267605633802817,1,1,0.36000000000000004,0.06346642049388415,1,0,0,1,0,0,0,0,0,0,0,1,0,0
0,1,1,0,0.19718309859154928,1,1,0.78,0.1585506577429033,1,1,0,1,0,1,0,1,0,0,0,0,1,0
0,0,0,0,0.04225352112676056,1,0,0.31,0.021924763443341794,0,0,0,0,1,0,0,0,0,0,0,0,0,1
0,0,0,0,0.0,0,0,0.10999999999999999,0.0012693284098776831,0,0,0,1,0,0,0,0,0,0,0,0,0,1
0,1,1,0,0.9577464788732395,1,1,0.9100000000000001,0.8788368336025848,1,1,0,0,1,1,1,1,1,0,1,0,1,0
0,0,1,1,0.25352112676056343,1,0,0.8200000000000001,0.21578582967920612,0,1,0,0,1,0,1,1,1,1,0,0,0,0
1,1,0,0,0.36619718309859156,1,1,0.6799999999999999,0.27498269097622896,1,1,0,0,1,1,0,0,0,0,0,0,0,0
0,0,0,0,0.9577464788732395,1,0,0.05000000000000002,0.19559196861297024,1,0,1,0,0,0,0,0,0,0,1,0,0,0
1,0,0,0,0.11267605633802817,1,1,0.56,0.07904454188783754,0,0,0,1,1,0,0,1,1,0,0,0,1,0
1,1,0,0,0.8732394366197184,1,0,0.6500000000000001,0.6029309946918994,1,0,0,1,1,1,1,1,0,1,0,0,0,0
0,0,1,1,0.5211267605633804,1,1,0.76,0.4161089314562659,1,1,0,0,1,1,0,1,0,0,0,0,1,0
0,0,1,0,0.4507042253521127,1,1,0.43,0.23078698361412417,0,0,0,1,1,0,1,0,0,0,1,0,0,1
1,0,1,0,0.7746478873239437,1,0,0.6200000000000001,0.5186937456727441,0,1,0,1,0,1,0,0,0,0,1,0,0,0
0,0,0,0,0.0,1,1,0.010000000000000009,0.00011539349180706218,0,0,1,0,0,0,0,0,0,0,0,0,0,1
0,0,0,0,0.1267605633802817,1,1,0.6200000000000001,0.08885298869143782,1,1,0,0,1,0,0,0,0,0,0,0,0,0
1,0,1,1,0.647887323943662,1,0,0.020000000000000018,0.11516270482344797,0,0,1,0,0,0,0,0,0,0,1,1,0,0
1,0,1,0,0.0,1,1,0.6100000000000001,0.007039003000230788,0,1,0,0,0,0,0,1,0,0,0,0,0,0
0,0,0,0,0.0,1,0,0.010000000000000009,0.00011539349180706218,0,0,1,0,0,0,0,0,0,0,0,0,0,1
1,0,0,0,0.0,1,0,0.020000000000000018,0.00023078698361412436,0,0,1,0,0,0,0,0,0,0,0,0,0,1
0,0,1,1,0.15492957746478872,1,0,0.020000000000000018,0.027348257558273713,0,0,1,0,0,0,0,0,0,0,0,0,0,1
0,0,0,0,0.16901408450704225,1,0,0.010000000000000009,0.02780983152550196,0,0,1,0,0,0,0,0,0,1,0,1,0,0
1,0,0,0,0.8309859154929577,1,0,0.07,0.17159012231710133,1,0,1,0,0,0,0,0,0,0,1,0,0,1
1,0,1,1,0.7183098591549296,1,0,0.05000000000000002,0.14274174936533582,1,0,1,0,0,0,0,0,0,0,1,0,0,1
1,0,0,0,0.02816901408450704,1,0,0.77,0.03173321024694207,0,1,0,0,1,0,0,1,1,0,0,0,1,0
0,0,0,0,0.2112676056338028,1,0,0.020000000000000018,0.029656127394414956,0,0,1,0,0,0,0,0,0,0,0,0,0,1
1,0,0,0,0.3098591549295775,1,1,0.6100000000000001,0.19132240941610895,1,1,0,0,1,0,0,0,0,0,0,0,1,0
0,0,0,0,0.04225352112676056,0,1,0.22000000000000003,0.01661666282021694,0,0,0,0,0,0,1,0,1,0,0,0,1,0
0,0,0,0,0.0,1,0,0.010000000000000009,0.00011539349180706218,0,0,1,0,0,0,0,0,0,0,0,0,0,1
1,1,0,0,0.0,1,1,0.6100000000000001,0.007039003000230788,0,1,0,0,0,0,0,1,0,0,0,0,1,0
0,0,1,1,0.9859154929577465,1,1,0.79,0.7952919455342718,1,1,0,1,0,0,0,1,1,0,1,0,1,0
1,0,1,1,0.8873239436619719,1,1,0.35000000000000003,0.39014539579967694,1,0,0,0,1,0,0,0,0,1,0,0,0,0
1,0,0,0,0.0,0,0,0.06,0.0006923609508423727,0,0,0,0,0,0,0,0,0,0,0,0,1,0
0,0,1,0,0.11267605633802817,0,0,0.06,0.02780983152550196,0,0,0,0,0,0,0,0,0,1,0,0,0,0
0,0,0,0,0.0,1,1,0.26,0.003000230786983614,0,0,0,0,0,0,0,0,0,0,0,0,0,1
0,0,1,0,0.46478873239436624,1,0,0.7,0.3441033925686591,1,1,0,0,1,0,0,0,1,0,0,0,0,1
1,0,0,0,0.7464788732394366,1,1,0.020000000000000018,0.11735518116778215,0,0,1,0,0,0,0,0,0,0,1,0,0,1
0,1,0,0,0.33802816901408456,1,1,0.7,0.2622894068774521,1,1,0,0,1,0,0,1,0,0,0,0,1,0
1,0,1,1,0.943661971830986,1,1,0.6699999999999999,0.64493422570967,0,0,0,1,1,1,1,1,1,0,1,1,0,0
1,0,1,1,0.9577464788732395,1,0,0.020000000000000018,0.16085852757904456,0,0,1,0,0,0,0,0,0,0,1,0,0,0
1,0,1,0,0.23943661971830985,1,1,0.7,0.18186014308792986,1,1,0,0,0,0,1,1,0,0,0,0,1,0
0,0,0,0,0.7464788732394366,1,1,0.8700000000000001,0.6490883914147242,0,1,0,1,1,0,1,1,1,1,0,1,0,0
1,0,0,0,0.0,1,1,0.51,0.005885068082160166,0,1,0,0,0,0,0,0,0,0,0,0,1,0
0,0,0,0,0.056338028169014086,1,0,0.38000000000000006,0.03150242326332795,0,0,0,0,0,1,1,0,0,0,0,0,1,0
1,0,0,0,0.19718309859154928,1,0,0.010000000000000009,0.03127163627971383,0,0,1,0,0,0,0,0,0,0,0,0,0,0
1,0,0,0,0.6619718309859155,1,0,0.37000000000000005,0.301061620124625,0,0,0,1,1,0,0,0,0,0,1,1,0,0
1,0,1,1,0.25352112676056343,0,1,0.06,0.048003692591737826,0,0,0,0,0,0,0,0,0,0,0,0,0,1
0,0,1,0,0.056338028169014086,1,1,0.6699999999999999,0.04419570736210478,1,1,0,0,1,0,1,0,0,0,0,0,1,0
0,1,0,0,0.9014084507042254,1,1,0.81,0.7475190399261481,0,1,0,0,1,1,0,1,1,0,0,0,0,0
0,0,1,0,0.5211267605633804,1,1,0.6100000000000001,0.34560350796215095,0,1,0,1,1,0,0,0,0,0,0,0,1,0
0,0,0,1,0.7464788732394366,1,1,0.8700000000000001,0.6702054004154165,0,1,0,1,1,0,1,1,1,1,0,0,1,0
0,0,0,0,0.11267605633802817,1,1,0.77,0.09335333487191323,0,1,0,0,0,0,1,1,1,0,0,0,0,0
1,0,0,0,0.47887323943661975,1,1,0.6699999999999999,0.356796676667436,1,0,0,1,0,1,1,1,1,1,0,1,0,0
0,0,0,1,0.47887323943661975,1,1,0.54,0.2858296792060928,0,0,0,0,0,0,1,1,1,1,0,0,0,1
0,0,0,0,1.0,0,1,0.47000000000000003,0.5248096007385183,0,0,0,1,1,1,1,1,1,0,1,0,0,0
1,0,1,0,0.46478873239436624,1,0,0.32,0.20736210477729058,0,0,0,0,0,0,1,0,0,0,0,0,0,0
1,0,1,1,0.014084507042253521,1,1,0.55,0.014654973459496885,0,1,0,0,1,0,0,0,0,0,0,0,0,0
1,0,0,0,0.1267605633802817,1,0,0.33,0.0553888760673898,0,0,0,0,1,0,0,0,0,0,0,0,1,0
0,0,0,0,0.02816901408450704,1,1,0.32,0.01546272790214632,0,0,0,0,0,0,1,0,0,0,0,0,0,1
0,0,1,1,0.8309859154929577,1,1,0.47000000000000003,0.4511885529656128,0,0,0,1,1,1,1,0,0,1,0,0,0,0
0,0,0,0,0.8028169014084507,1,0,0.52,0.4650357719824602,0,0,0,0,1,1,1,1,0,0,1,0,0,0
0,0,0,0,0.09859154929577466,1,1,0.41,0.04823447957535195,1,0,0,0,0,0,0,1,0,0,0,0,1,0
1,0,0,0,0.619718309859155,1,1,0.44,0.3205631202400185,0,0,0,1,1,0,1,0,0,1,0,1,0,0
0,0,1,1,0.9295774647887325,1,0,0.8600000000000001,0.7924071082390953,1,1,0,1,0,0,1,1,1,0,1,0,0,0
0,1,1,0,0.08450704225352114,1,1,0.56,0.053888760673897994,1,1,0,0,0,0,0,0,0,0,0,0,1,0
0,0,1,0,0.33802816901408456,1,1,0.020000000000000018,0.055042695591968616,0,0,1,0,0,0,0,0,0,1,0,0,0,0
0,1,1,1,0.1267605633802817,0,1,0.16000000000000003,0.039695361181629356,0,0,0,0,0,0,0,0,1,0,0,0,0,0
1,0,0,0,0.8169014084507042,1,0,0.5,0.46757442880221556,1,0,0,1,0,0,1,0,1,1,0,0,0,0
0,0,0,0,0.18309859154929578,1,1,0.71,0.13385645049619202,1,1,0,0,0,0,1,1,0,0,0,0,1,0
1,0,0,0,0.04225352112676056,1,1,0.6400000000000001,0.034733441033925685,0,1,0,0,0,1,0,0,1,0,0,1,0,0
1,0,1,1,0.971830985915493,1,1,0.9200000000000002,0.8851834756519732,1,1,0,0,1,1,1,1,1,0,1,0,1,0
0,0,1,1,0.6619718309859155,1,0,0.08000000000000002,0.14158781444726518,1,0,1,0,0,0,0,0,0,0,1,0,0,0
0,0,1,0,0.7042253521126761,1,1,0.76,0.5531963997230556,1,1,0,0,0,0,0,1,1,0,0,0,1,0
1,0,0,0,0.02816901408450704,1,1,0.6200000000000001,0.024694207246711286,0,1,0,0,0,0,0,1,0,0,0,0,1,0
0,0,1,1,0.676056338028169,0,1,0.21000000000000002,0.210016155088853,0,0,0,1,0,0,0,0,1,0,0,0,1,0
0,0,1,1,0.5211267605633804,1,1,0.8300000000000001,0.4544195707362105,1,1,0,0,0,1,0,1,1,0,0,1,0,0
0,0,0,0,0.02816901408450704,1,1,0.31,0.012924071082390954,0,0,0,0,1,0,0,0,0,0,0,0,0,1
0,0,1,1,0.9154929577464789,0,0,0.36000000000000004,0.4170320793907224,0,0,0,0,0,1,1,1,1,0,1,0,0,0
0,0,0,1,0.5492957746478874,1,1,0.020000000000000018,0.09646895915070391,0,0,1,0,0,0,0,0,0,1,0,0,0,0
0,0,0,0,0.6619718309859155,1,1,0.52,0.4166858989153012,1,0,0,1,0,0,1,0,1,1,0,0,0,0
0,0,1,1,0.4225352112676057,1,0,0.8,0.3535656588968382,1,1,0,1,0,1,0,1,0,1,0,0,0,0
0,0,1,0,0.9577464788732395,1,1,0.9400000000000002,0.8986845141933995,1,1,0,1,1,1,1,1,1,0,1,0,0,0
0,1,1,0,0.08450704225352114,1,1,0.71,0.07592891760904685,0,1,0,0,0,0,0,1,1,0,0,0,1,0
1,0,0,0,0.36619718309859156,1,0,0.34,0.1707823678744519,0,0,0,1,1,0,0,0,0,0,1,0,0,0
0,0,1,0,0.9577464788732395,1,1,0.74,0.7433648742210939,1,1,0,0,1,0,1,1,0,0,1,0,0,1
1,0,0,0,0.7887323943661972,1,1,0.77,0.6284329563812601,0,1,0,0,0,1,0,1,1,0,1,0,1,0
1,0,1,0,0.8873239436619719,1,0,0.07,0.18070620816985924,1,0,1,0,0,0,0,0,0,0,1,1,0,0
1,0,1,0,0.9859154929577465,1,1,0.06,0.19778444495730443,1,0,1,0,0,0,0,0,0,0,1,1,0,0
0,1,1,1,0.5915492957746479,1,1,0.9200000000000002,0.5387722132471728,1,1,0,0,1,1,1,1,1,0,0,0,0,0
1,0,0,0,0.5070422535211268,1,0,0.73,0.3881837064389569,1,1,0,1,1,1,0,0,0,0,0,0,0,0
0,0,0,1,0.3802816901408451,1,1,0.36000000000000004,0.172859450726979,0,0,0,0,1,0,1,0,0,1,0,1,0,0
0,0,1,0,0.971830985915493,1,0,0.010000000000000009,0.16328179090699285,0,0,1,0,0,0,0,0,0,0,1,1,0,0
0,0,0,1,0.02816901408450704,1,0,0.020000000000000018,0.003692591737825987,0,0,1,0,0,0,0,0,0,0,0,0,0,0
1,0,0,1,0.28169014084507044,1,0,0.020000000000000018,0.050080775444264945,0,0,1,0,0,0,0,0,0,0,0,0,0,1
0,0,0,0,0.08450704225352114,1,1,0.76,0.0788137549042234,1,1,0,0,0,0,0,1,1,0,0,0,1,0
1,0,0,0,0.49295774647887325,1,1,0.8600000000000001,0.44634202630971614,1,1,0,0,1,1,0,1,1,1,0,0,0,0
0,0,0,0,0.7042253521126761,1,0,0.6300000000000001,0.4693053311793215,1,1,0,0,1,0,0,0,0,0,0,0,0,0
1,0,1,1,0.33802816901408456,1,0,0.020000000000000018,0.05792753288714517,0,0,1,0,0,0,0,0,0,1,0,0,0,1
1,0,1,0,0.08450704225352114,1,1,0.51,0.052965612739441496,0,1,0,0,0,0,0,0,0,0,0,0,0,0
0,0,0,0,0.4225352112676057,1,1,0.6200000000000001,0.2782137087468267,1,1,0,0,1,0,0,0,0,0,0,0,1,0
0,0,1,1,0.0,0,0,0.12,0.0013847219016847449,0,0,0,0,1,0,0,0,0,0,0,0,1,0
1,0,1,0,0.9859154929577465,0,1,0.29000000000000004,0.38760673897992154,0,0,0,1,1,1,1,0,0,0,1,0,0,0
1,0,1,1,0.11267605633802817,1,0,0.020000000000000018,0.017770597738287562,0,0,1,0,0,0,0,0,0,1,0,0,0,1
1,0,1,1,0.9014084507042254,1,1,0.9200000000000002,0.8339487652896377,1,1,0,0,1,1,1,1,1,0,1,1,0,0
0,0,1,1,0.7323943661971831,1,1,0.8700000000000001,0.641357027463651,1,1,0,0,1,1,0,1,1,1,0,0,1,0
1,0,1,0,0.8732394366197184,1,1,0.78,0.7028617585968151,0,1,0,0,1,0,0,1,1,1,0,0,1,0
0,0,1,0,0.04225352112676056,1,1,0.8200000000000001,0.046388183706438955,1,1,0,0,1,0,0,1,1,0,0,0,1,0
0,1,0,0,0.9859154929577465,0,1,0.38000000000000006,0.4577659819986153,0,0,0,1,1,0,0,1,1,1,0,0,1,0
1,0,1,1,0.18309859154929578,1,0,0.41,0.08792984075698132,0,0,0,1,1,0,1,0,0,0,0,0,0,0
1,0,1,1,0.7887323943661972,1,1,0.020000000000000018,0.12335564274174937,0,0,1,0,0,0,0,0,0,0,1,0,0,0
0,1,0,0,0.04225352112676056,1,1,0.76,0.04661897069005308,0,1,0,0,0,1,0,1,1,0,0,0,1,0
0,0,0,0,0.676056338028169,1,1,0.8500000000000001,0.5790445418878375,1,1,0,0,1,1,0,1,1,0,0,0,0,0
1,0,0,0,0.08450704225352114,1,0,0.020000000000000018,0.012808677590583892,0,0,1,0,0,0,0,0,0,1,0,0,0,1
1,0,0,0,0.0,1,1,0.52,0.006000461573967228,0,1,0,0,0,0,0,0,0,0,0,0,1,0
1,0,0,0,0.18309859154929578,1,0,0.5700000000000001,0.11620124624971152,0,1,0,0,0,1,0,0,0,0,0,0,1,0
1,1,1,0,0.9859154929577465,1,1,0.9100000000000001,0.9099930763904915,0,1,0,1,1,1,1,1,1,0,1,0,0,0
1,0,1,0,0.26760563380281693,1,0,0.010000000000000009,0.04119547657512116,0,0,1,0,0,0,0,0,0,0,0,0,0,0
1,0,0,0,0.28169014084507044,1,1,0.5,0.1702054004154166,0,1,0,0,0,0,0,0,0,0,0,0,1,0
1,0,1,1,0.0,1,1,0.020000000000000018,0.00023078698361412436,0,0,1,0,0,0,0,0,0,0,0,0,0,1
1,0,0,0,0.056338028169014086,1,1,0.6599999999999999,0.046849757673667204,1,1,0,0,0,0,0,1,0,0,0,0,1,0
0,0,0,0,0.5070422535211268,1,1,0.78,0.4186475882760213,0,1,0,0,1,0,0,1,1,0,0,1,0,0
0,0,1,0,0.7887323943661972,1,1,0.8500000000000001,0.6816293561043157,1,1,0,1,1,1,1,1,0,0,0,0,1,0
1,0,1,1,0.5211267605633804,1,0,0.010000000000000009,0.08596815139626127,0,0,1,0,0,0,0,0,0,1,0,1,0,0
0,0,0,0,0.323943661971831,1,1,0.6100000000000001,0.22882529425340412,0,1,0,0,0,0,0,0,1,0,0,1,0,0
1,0,1,1,0.9859154929577465,1,0,0.69,0.7281329333025617,0,0,0,1,1,1,1,1,1,0,1,1,0,0
1,0,1,1,0.5352112676056339,1,1,0.06,0.10339256865912763,1,0,1,0,0,0,0,0,0,1,0,0,0,1
0,0,1,0,0.7042253521126761,1,1,0.8800000000000001,0.6323563351027002,1,1,0,0,1,1,0,1,1,1,0,0,0,0
0,0,0,0,0.46478873239436624,1,1,0.31,0.19801523194091855,0,0,0,0,1,0,0,0,0,0,0,0,1,0
1,0,0,0,0.16901408450704225,0,1,0.13,0.04281098546042003,0,0,0,0,1,0,0,0,0,0,0,0,1,0
0,0,0,1,0.3098591549295775,0,0,0.22000000000000003,0.09681513962612509,0,0,0,1,0,1,1,0,0,0,1,0,0,1
1,0,1,1,0.9577464788732395,1,1,0.9000000000000001,0.862566351257789,1,1,0,0,1,1,1,1,1,1,0,0,0,0
0,0,0,0,0.11267605633802817,1,0,0.020000000000000018,0.018462958689129935,0,0,1,0,0,0,0,0,0,0,0,0,0,1
1,0,1,1,0.323943661971831,1,1,0.03,0.0544657281329333,0,0,1,0,0,0,0,0,0,0,1,1,0,0
0,0,0,0,0.9295774647887325,1,1,0.7,0.6790906992845603,1,0,0,1,1,1,1,1,1,1,0,0,0,0
0,0,0,0,0.14084507042253522,1,0,0.05000000000000002,0.02619432264020309,1,0,1,0,0,0,0,0,0,0,0,1,0,0
1,0,1,1,0.8591549295774649,1,1,0.8300000000000001,0.763904915762751,1,1,0,1,0,0,0,1,1,0,1,0,0,0
0,0,0,0,0.1267605633802817,1,0,0.28,0.054696515116547426,0,0,0,0,0,0,0,0,0,0,0,0,0,1
1,1,0,0,0.04225352112676056,1,1,0.81,0.04892684052619432,0,1,0,0,1,1,0,1,1,0,0,1,0,0
0,0,0,0,0.2112676056338028,1,1,0.6200000000000001,0.14193399492268638,1,1,0,0,1,0,0,0,0,0,0,0,0,1
0,0,0,0,0.04225352112676056,1,1,0.56,0.03496422801753981,0,1,0,0,0,1,0,0,0,0,0,0,0,0
1,0,1,1,1.0,1,1,0.53,0.5777752134779598,1,0,0,1,0,1,0,1,0,0,1,0,0,0
0,0,1,1,0.49295774647887325,1,0,0.07,0.10523886452804063,1,0,1,0,0,0,0,0,0,0,1,1,0,0
1,1,1,0,0.5070422535211268,1,0,0.72,0.3869143780290792,0,1,0,0,0,1,1,1,0,0,0,0,1,0
0,0,0,0,0.3098591549295775,1,0,0.020000000000000018,0.05250403877221325,0,0,1,0,0,0,0,0,0,0,0,0,1,0
0,0,0,0,0.9577464788732395,1,1,0.8600000000000001,0.831063927994461,1,1,0,0,1,0,1,1,1,1,0,0,0,0
1,0,0,0,0.5070422535211268,1,1,0.8300000000000001,0.406992845603508,1,1,0,0,1,1,0,1,1,0,0,0,0,0
1,0,0,0,0.014084507042253521,1,0,0.020000000000000018,0.0018462958689129932,0,0,1,0,0,0,0,0,0,1,0,0,0,1
0,0,1,1,0.49295774647887325,0,0,0.42,0.2557119778444496,0,0,0,1,0,1,1,1,1,1,0,1,0,0
1,0,0,0,0.8309859154929577,1,1,0.52,0.48534502654050315,0,0,0,0,1,1,1,1,0,1,0,1,0,0
1,1,0,0,0.014084507042253521,1,1,0.6500000000000001,0.016732056312024006,0,1,0,0,1,0,0,1,0,0,0,0,0,0
0,0,0,0,0.33802816901408456,1,0,0.6300000000000001,0.2319409185321948,1,0,0,1,1,1,1,0,1,0,0,0,0,0
0,0,0,1,0.02816901408450704,1,0,0.52,0.023886452804061854,0,0,0,0,0,0,1,1,1,0,0,0,0,1
0,0,1,1,0.7042253521126761,1,0,0.010000000000000009,0.11297022847911378,0,0,1,0,0,0,0,0,0,1,0,0,0,1
0,0,1,1,0.8028169014084507,1,0,0.53,0.4860373874913455,1,0,0,1,1,1,1,0,0,0,1,1,0,0
0,0,1,1,0.22535211267605634,0,0,0.26,0.08931456265866607,0,0,0,1,0,1,0,1,0,1,0,1,0,0
1,0,1,0,0.943661971830986,1,0,0.37000000000000005,0.4419570736210478,0,0,0,1,0,0,1,0,0,1,0,0,0,0
1,0,1,1,0.3098591549295775,1,1,0.5700000000000001,0.19432264020309256,0,1,0,0,0,1,0,0,0,0,0,1,0,0
0,0,0,0,0.5915492957746479,0,0,0.26,0.22074774982690978,0,0,0,0,0,1,1,0,1,1,0,0,1,0
1,0,1,1,0.33802816901408456,1,1,0.71,0.258366028156012,0,1,0,0,1,1,0,1,0,0,0,0,0,0
0,0,1,1,0.2112676056338028,1,0,0.46,0.11608585275790446,0,0,0,1,0,1,0,1,0,0,1,0,0,1
0,0,1,1,0.46478873239436624,1,0,0.020000000000000018,0.07119778444495731,0,0,1,0,0,0,0,0,0,0,0,0,0,1
0,0,1,1,0.9295774647887325,1,0,0.6300000000000001,0.620816985921994,0,0,0,1,1,1,0,1,1,0,1,1,0,0
1,1,0,0,0.08450704225352114,1,1,0.71,0.06415878144472653,0,1,0,0,0,0,0,1,1,0,0,0,1,0
0,0,0,0,0.07042253521126761,1,0,0.020000000000000018,0.012924071082390954,0,0,1,0,0,0,0,0,0,0,0,0,0,0
0,1,1,0,0.9859154929577465,1,0,0.06,0.2172859450726979,1,0,1,0,0,0,0,0,0,0,1,0,0,0
0,0,0,0,0.9154929577464789,1,0,0.010000000000000009,0.14251096238172167,0,0,1,0,0,0,0,0,0,0,1,0,0,0
0,0,1,1,0.9859154929577465,1,0,0.71,0.7430186937456728,1,0,0,1,1,1,1,1,1,0,1,1,0,0
1,1,0,0,0.02816901408450704,1,1,0.5700000000000001,0.02746365105008078,1,1,0,0,0,0,0,0,0,0,0,1,0,0
0,1,1,0,0.7605633802816901,1,1,0.9500000000000002,0.7239787675975075,1,1,0,0,1,1,1,1,1,0,1,0,1,0
1,0,0,0,0.295774647887324,1,1,0.71,0.21555504269559198,0,1,0,1,0,0,1,0,1,0,0,0,1,0
1,1,0,0,0.04225352112676056,1,1,0.56,0.03496422801753981,1,1,0,0,0,0,0,0,0,0,0,0,1,0
0,0,0,0,0.0,1,0,0.020000000000000018,0.00023078698361412436,0,0,1,0,0,0,0,0,0,0,0,0,0,1
0,0,0,0,0.3098591549295775,1,1,0.56,0.19524578813754906,1,1,0,0,0,0,0,0,0,0,0,0,1,0
0,0,0,0,0.0,1,1,0.020000000000000018,0.00023078698361412436,0,0,1,0,0,0,0,0,0,0,0,0,0,1
0,1,1,0,0.4366197183098592,1,1,0.56,0.2636741287791369,1,1,0,0,0,0,0,0,0,0,0,0,1,0
1,0,0,1,0.04225352112676056,1,1,0.020000000000000018,0.007731363951073159,0,0,1,0,0,0,0,0,0,0,0,0,0,0
1,0,1,0,0.0,1,1,0.020000000000000018,0.00023078698361412436,0,0,1,0,0,0,0,0,0,0,0,0,0,0
1,1,0,0,0.0,1,1,0.52,0.006000461573967228,0,1,0,0,0,0,0,0,0,0,0,0,1,0
1,0,1,0,0.14084507042253522,1,1,0.8400000000000001,0.13004846526655897,1,1,0,0,1,0,0,1,1,0,0,0,1,0
0,0,0,0,0.6338028169014085,0,1,0.12,0.16974382644818833,0,0,0,1,0,0,0,0,0,1,0,0,0,0
1,0,1,1,0.16901408450704225,1,0,0.010000000000000009,0.028502192476344335,0,0,1,0,0,0,0,0,0,0,1,0,0,1
0,1,0,0,0.04225352112676056,1,1,0.52,0.03173321024694207,0,1,0,0,0,0,0,0,0,0,0,0,1,0
1,0,1,1,0.46478873239436624,1,1,0.42,0.23355642741749366,0,0,0,1,1,1,0,0,0,1,0,0,0,1
1,0,0,0,0.36619718309859156,1,1,0.38000000000000006,0.18855296561273946,0,0,0,1,1,0,0,0,0,0,0,0,0,1
1,1,0,0,0.0,0,0,0.07,0.0008077544426494348,0,0,0,0,0,0,0,0,0,0,0,0,1,0
0,0,0,0,0.9295774647887325,1,1,0.010000000000000009,0.14920378490653127,0,0,1,0,0,0,0,0,0,0,1,0,0,1
1,0,0,0,0.7323943661971831,0,1,0.35000000000000003,0.33014078006000463,0,0,0,1,1,1,1,1,0,1,0,0,1,0
0,0,0,0,0.26760563380281693,1,0,0.32,0.11366258942995616,0,0,0,0,0,0,1,0,0,0,0,0,0,1
0,0,0,0,0.6056338028169015,1,0,0.020000000000000018,0.09543041772444034,0,0,1,0,0,0,0,0,0,0,1,0,0,1
1,0,0,0,0.8450704225352113,1,1,0.8500000000000001,0.7390953150242326,1,1,0,0,1,1,0,1,1,1,0,0,1,0
0,0,0,0,0.02816901408450704,1,1,0.32,0.01488576044311101,0,0,0,0,0,0,1,0,0,0,0,0,0,1
0,0,1,1,0.07042253521126761,1,0,0.010000000000000009,0.012000923147934456,0,0,1,0,0,0,0,0,0,0,0,0,0,1
1,0,1,0,0.35211267605633806,1,0,0.010000000000000009,0.05088852988691438,0,0,1,0,0,0,0,0,0,1,0,0,0,1
1,0,0,0,0.7183098591549296,1,1,0.31,0.29044541887837527,0,0,0,1,0,0,0,0,0,0,0,0,0,0
0,0,0,0,0.5492957746478874,1,0,0.8600000000000001,0.47461343180244636,1,1,0,0,0,1,1,1,1,0,0,0,0,0
0,0,0,0,0.35211267605633806,1,1,0.6500000000000001,0.25801984768059083,1,1,0,0,0,0,0,0,1,0,0,0,1,0
0,0,0,0,0.0,1,1,0.010000000000000009,0.00011539349180706218,0,0,1,0,0,0,0,0,0,0,0,0,0,1
1,1,0,0,0.23943661971830985,1,0,0.020000000000000018,0.04050311562427879,0,0,1,0,0,0,0,0,0,1,0,0,0,0
0,0,0,0,0.5633802816901409,1,1,0.71,0.4185321947842142,1,1,0,0,1,0,0,1,0,0,0,0,1,0
1,0,1,0,0.676056338028169,0,1,0.38000000000000006,0.3187168243711055,0,0,0,0,1,0,1,1,1,1,0,1,0,0
0,0,0,0,0.04225352112676056,1,1,0.010000000000000009,0.005654281098546043,0,0,1,0,0,0,0,0,0,0,0,0,0,1
0,0,0,0,0.0,1,0,0.6100000000000001,0.007039003000230788,0,1,0,0,0,0,0,0,1,0,0,0,1,0
0,0,1,0,0.014084507042253521,1,0,0.020000000000000018,0.002307869836141242,0,0,1,0,0,0,0,0,0,0,0,0,0,1
1,0,1,1,0.4084507042253521,1,0,0.010000000000000009,0.06808216016616664,0,0,1,0,0,0,0,0,0,1,0,0,0,0
0,0,1,1,0.4366197183098592,1,1,0.010000000000000009,0.07569813062543274,0,0,1,0,0,0,0,0,0,0,0,1,0,0
1,0,1,0,0.7042253521126761,1,1,0.75,0.5309254558042926,0,1,0,1,1,1,0,1,0,1,0,0,1,0
0,0,0,1,0.5352112676056339,0,0,0.36000000000000004,0.2507500576967459,0,0,0,0,0,1,1,1,1,1,0,0,0,0
1,1,0,0,0.9859154929577465,1,0,0.71,0.7240941610893146,1,0,0,1,1,1,1,1,1,0,1,0,0,1
1,0,1,0,0.25352112676056343,1,1,0.6799999999999999,0.178398338333718,1,1,0,0,0,0,0,1,0,0,0,0,1,0
1,0,0,0,0.11267605633802817,1,1,0.56,0.07165935841218556,0,1,0,1,0,0,0,0,0,0,0,1,0,0
0,0,1,0,0.02816901408450704,1,1,0.020000000000000018,0.0038079852296330485,0,0,1,0,0,0,0,0,0,0,0,1,0,0
1,0,1,0,0.9859154929577465,0,0,0.39999999999999997,0.47622894068774524,0,0,0,0,1,1,1,1,1,0,1,0,0,0
1,0,1,1,0.3098591549295775,1,1,0.07,0.057235171936302794,1,0,1,0,0,0,0,0,0,0,1,1,0,0
0,0,0,1,0.0,1,1,0.32,0.003692591737825987,1,0,0,0,0,0,0,0,0,0,0,0,1,0
1,1,0,0,0.09859154929577466,1,1,0.8200000000000001,0.10270020770828527,1,1,0,0,0,0,1,1,1,0,0,1,0,0
1,0,0,0,0.33802816901408456,1,0,0.010000000000000009,0.0511193168705285,0,0,1,0,0,0,0,0,0,0,0,0,0,1
0,1,1,0,0.7887323943661972,1,0,0.8200000000000001,0.6609739210708516,1,1,0,0,0,1,0,1,1,0,0,0,1,0
1,0,0,0,0.7042253521126761,1,1,0.010000000000000009,0.11285483498730672,0,0,1,0,0,0,0,0,0,1,0,0,0,0
1,0,1,1,0.9014084507042254,1,1,0.8700000000000001,0.8039464574198015,1,1,0,0,1,1,0,1,1,0,0,0,1,0
0,0,0,0,0.9859154929577465,1,1,0.010000000000000009,0.15428109854604202,0,0,1,0,0,0,0,0,0,0,1,1,0,0
0,0,1,1,0.014084507042253521,1,1,0.26,0.00830833141010847,0,0,0,0,0,0,0,0,0,0,0,0,1,0
1,0,1,1,0.1267605633802817,1,0,0.6699999999999999,0.09693053311793216,1,1,0,0,0,0,0,0,1,0,0,0,1,0
1,0,1,0,0.09859154929577466,1,0,0.020000000000000018,0.015924301869374567,0,0,1,0,0,0,0,0,0,0,0,0,0,0
0,0,0,0,0.056338028169014086,0,0,0.06,0.009462266328179092,0,0,0,0,0,0,0,0,0,0,0,0,0,1
0,0,1,1,0.9014084507042254,1,1,0.8600000000000001,0.7710593122547889,1,1,0,0,0,1,1,1,1,0,1,0,0,0
0,0,1,0,0.16901408450704225,1,1,0.5700000000000001,0.11204708054465728,1,0,0,0,0,1,0,1,1,1,0,0,0,1
1,0,0,0,0.056338028169014086,1,0,0.010000000000000009,0.00934687283637203,0,0,1,0,0,0,0,0,0,1,0,0,1,0
0,0,1,0,1.0,1,0,0.010000000000000009,0.16189706900530812,0,0,1,0,0,0,0,0,0,0,1,1,0,0
0,0,1,0,0.3943661971830986,0,0,0.15000000000000002,0.11435495038079853,0,0,0,0,0,0,0,1,0,0,0,0,0,1
0,0,0,0,0.14084507042253522,1,1,0.51,0.08008308331410109,0,0,0,0,0,1,0,1,1,0,0,0,1,0
1,0,1,1,0.8028169014084507,1,0,0.020000000000000018,0.1317793676436649,0,0,1,0,0,0,0,0,0,0,1,1,0,0
1,0,1,0,0.15492957746478872,1,1,0.020000000000000018,0.028386798984537276,0,0,1,0,0,0,0,0,0,0,1,0,1,0
1,0,1,1,0.056338028169014086,0,0,0.16000000000000003,0.016732056312024006,0,0,0,0,1,0,1,0,0,0,0,0,1,0
0,0,1,1,0.7464788732394366,1,0,0.45,0.39129933071774753,1,0,0,0,0,1,0,0,1,0,1,1,0,0
0,1,1,0,0.971830985915493,1,1,0.7,0.7255942764828064,1,0,0,1,1,1,1,1,1,0,1,1,0,0
0,0,0,0,0.46478873239436624,1,0,0.38000000000000006,0.21590122317101318,0,0,0,1,0,1,0,0,0,1,0,0,0,1
0,0,0,0,0.8169014084507042,1,1,0.020000000000000018,0.1354719593814909,0,0,1,0,0,0,0,0,0,0,1,0,0,0
1,0,1,0,0.9014084507042254,1,1,0.9000000000000001,0.8192937918301407,1,1,0,0,1,1,1,1,1,1,0,1,0,0
0,0,0,0,0.9154929577464789,1,0,0.010000000000000009,0.14101084698822988,0,0,1,0,0,0,0,0,0,0,1,0,0,0
1,0,0,0,0.8732394366197184,1,0,0.9000000000000001,0.7802907915993538,1,1,0,1,1,1,0,1,1,0,0,1,0,0
0,0,1,1,0.8732394366197184,1,0,0.6500000000000001,0.6250865451188553,1,0,0,1,1,1,0,1,1,0,1,1,0,0
0,0,0,0,0.14084507042253522,1,0,0.35000000000000003,0.06808216016616664,1,0,0,0,0,1,0,0,0,0,0,0,1,0
0,1,1,0,0.5633802816901409,1,1,0.81,0.4893837987537503,1,1,0,0,0,1,0,1,1,0,0,0,1,0
0,1,1,0,0.6901408450704226,1,1,0.8700000000000001,0.5936995153473343,1,1,0,1,0,1,0,1,1,0,1,1,0,0
1,1,0,0,0.9014084507042254,0,1,0.35000000000000003,0.40376182783291026,0,0,0,0,1,1,0,1,1,0,1,0,0,0
1,0,1,0,0.9014084507042254,1,0,0.53,0.5040387722132471,0,0,0,1,1,1,0,0,1,0,1,0,0,0
1,0,1,1,0.3943661971830986,1,0,0.020000000000000018,0.06023540272328641,0,0,1,0,0,0,0,0,0,1,0,0,1,0
0,0,1,1,0.9859154929577465,1,1,0.55,0.5926609739210709,0,0,0,0,1,0,1,1,1,0,1,1,0,0
1,0,0,0,0.09859154929577466,1,1,0.5700000000000001,0.06438956842834065,1,1,0,0,0,0,0,0,0,0,0,0,1,0
1,0,1,0,0.25352112676056343,1,1,0.71,0.18486037387491347,1,1,0,0,1,0,0,0,1,0,0,0,1,0
0,0,1,0,0.647887323943662,1,1,0.6500000000000001,0.46699746134318026,1,1,0,0,1,1,0,0,0,0,0,0,0,0
1,0,0,0,0.0,1,1,0.56,0.006462035541195477,0,1,0,0,1,0,0,0,0,0,0,1,0,0
0,0,0,0,0.9154929577464789,1,0,0.81,0.7722132471728594,0,1,0,0,1,1,0,1,1,0,0,0,1,0
0,0,1,0,0.9577464788732395,1,0,0.010000000000000009,0.15520424648049852,0,0,1,0,0,0,0,0,0,0,1,0,0,1
0,0,0,0,0.0,1,0,0.020000000000000018,0.00023078698361412436,0,0,1,0,0,0,0,0,0,0,0,0,0,1
1,0,0,1,0.11267605633802817,1,1,0.54,0.0730440803138703,0,0,0,0,0,1,1,1,1,0,0,0,0,1
0,0,1,1,0.7746478873239437,0,1,0.34,0.33071774751903993,0,0,0,1,1,0,1,1,0,1,0,0,0,1
1,0,1,1,0.15492957746478872,1,0,0.020000000000000018,0.02377105931225479,0,0,1,0,0,0,0,0,0,0,1,0,0,0
1,1,1,0,0.056338028169014086,1,1,0.6300000000000001,0.04073390260789291,1,1,0,0,1,0,0,0,0,0,0,0,1,0
0,1,1,0,0.26760563380281693,1,0,0.8900000000000001,0.24855758135241174,1,1,0,0,1,0,1,1,1,0,0,0,1,0
0,0,0,0,0.295774647887324,1,1,0.8200000000000001,0.27659819986152784,1,1,0,0,1,0,0,1,1,0,0,0,1,0
0,1,1,0,0.056338028169014086,1,1,0.6100000000000001,0.03750288483729518,1,1,0,0,0,1,0,0,0,0,0,0,0,0
1,0,1,1,0.9859154929577465,1,0,0.53,0.6007385183475652,1,0,0,1,1,1,1,0,0,0,1,0,0,1
0,0,1,0,0.8450704225352113,1,1,0.76,0.6485114239556888,1,1,0,0,1,0,1,1,0,0,1,0,1,0
1,1,1,0,0.5774647887323944,1,1,0.77,0.45303484883452577,1,1,0,0,0,0,0,1,1,0,0,0,1,0
1,0,0,0,0.02816901408450704,1,1,0.020000000000000018,0.0049619201477036695,0,0,1,0,0,0,0,0,0,0,0,0,0,1
0,0,1,1,0.15492957746478872,1,1,0.010000000000000009,0.025501961689360718,0,0,1,0,0,0,0,0,0,0,0,0,1,0
0,0,0,0,0.014084507042253521,1,1,0.6699999999999999,0.017193630279252248,0,1,0,0,0,1,0,0,1,0,0,0,1,0
1,0,1,0,0.23943661971830985,1,0,0.56,0.16385875836602817,0,1,0,1,0,0,0,0,0,0,0,0,1,0
1,0,1,0,1.0,1,0,0.9700000000000002,0.9613431802446342,1,1,0,1,1,1,1,1,1,0,1,0,1,0
0,1,1,0,0.3943661971830986,1,1,0.33,0.1643203323332564,1,0,0,0,0,0,0,0,0,0,0,0,1,0
0,0,0,0,0.014084507042253521,1,0,0.6100000000000001,0.01442418647588276,0,1,0,0,0,0,0,1,0,0,0,0,1,0
0,0,0,0,0.36619718309859156,1,0,0.37000000000000005,0.1683591045465036,0,0,0,1,1,0,0,0,0,1,0,0,0,0
1,1,0,0,0.09859154929577466,1,0,0.6699999999999999,0.07812139395338104,1,1,0,0,0,0,0,0,1,0,0,0,1,0
0,0,0,0,0.36619718309859156,1,0,0.35000000000000003,0.1665128086775906,0,0,0,1,0,0,1,0,0,0,0,0,0,1
1,0,0,0,0.07042253521126761,1,1,0.8,0.06335102700207709,0,1,0,1,1,1,1,0,1,0,0,0,0,0
0,0,0,0,0.2112676056338028,1,0,0.37000000000000005,0.09889222247865222,1,0,0,0,1,0,0,0,0,0,0,0,1,0
0,0,1,1,0.8028169014084507,1,1,0.76,0.62450957765982,1,1,0,0,1,0,1,1,0,1,0,1,0,0
1,0,0,0,0.0,1,0,0.010000000000000009,0.00011539349180706218,0,0,1,0,0,0,0,0,0,0,0,1,0,0
0,0,1,1,0.7464788732394366,1,1,0.06,0.13985691207015927,1,0,1,0,0,0,0,0,0,0,1,0,0,0
1,0,1,0,0.8169014084507042,1,1,0.6300000000000001,0.5332333256404339,0,1,0,1,0,1,0,0,0,1,0,1,0,0
1,0,0,0,0.02816901408450704,1,1,0.5700000000000001,0.02907915993537965,1,1,0,0,0,0,0,0,0,0,0,1,0,0
1,0,1,1,0.9859154929577465,1,0,0.5900000000000001,0.6411262404800369,0,0,0,1,0,1,0,1,1,0,1,1,0,0
1,0,0,0,0.2112676056338028,1,1,0.7,0.16201246249711518,1,1,0,0,0,1,0,0,1,0,0,0,1,0
0,1,0,0,0.09859154929577466,1,1,0.51,0.0639279944611124,0,1,0,0,0,0,0,0,0,0,0,0,1,0
0,0,1,0,0.5492957746478874,1,1,0.79,0.42557119778444497,1,1,0,0,0,0,0,1,1,0,0,0,0,0
0,0,1,1,0.6338028169014085,1,0,0.06,0.13339487652896379,1,0,1,0,0,0,0,0,0,1,0,0,1,0
0,0,1,1,0.9295774647887325,1,1,0.8700000000000001,0.8044080313870298,1,1,0,0,1,1,0,1,1,1,0,0,1,0
0,0,0,0,0.35211267605633806,1,0,0.43,0.18036002769443804,1,0,0,1,1,0,0,0,0,1,0,0,1,0
1,0,0,0,0.323943661971831,0,1,0.36000000000000004,0.14101084698822988,0,0,0,0,1,1,0,1,1,0,0,1,0,0
1,0,0,0,0.056338028169014086,1,1,0.6699999999999999,0.05261943226402031,1,1,0,0,0,0,0,1,0,0,0,0,1,0
1,0,1,0,0.676056338028169,1,1,0.020000000000000018,0.10443111008539119,0,0,1,0,0,0,0,0,0,1,0,0,0,0
1,1,1,1,0.8591549295774649,1,1,0.78,0.6924763443341795,1,1,0,0,1,1,0,0,1,0,0,1,0,0
0,0,0,0,0.16901408450704225,1,0,0.8200000000000001,0.14943457189014542,1,1,0,0,0,0,1,1,1,0,0,0,1,0
0,0,1,1,0.8309859154929577,1,0,0.56,0.5117701361643203,1,1,0,0,0,0,0,0,0,0,0,0,0,0
1,0,0,1,0.46478873239436624,1,0,0.49000000000000005,0.2678282944841911,0,0,0,1,0,1,1,1,0,0,1,1,0,0
1,0,0,0,0.07042253521126761,0,0,0.27,0.03231017770597738,0,0,0,0,0,0,0,1,1,0,0,1,0,0
1,0,0,0,0.5070422535211268,1,0,0.8200000000000001,0.4065312716362797,1,1,0,0,0,0,1,1,1,0,0,1,0,0
1,1,1,0,0.35211267605633806,1,0,0.42,0.18220632356335104,0,0,0,0,0,1,0,0,1,1,0,0,0,1
1,1,0,0,0.2112676056338028,1,1,0.6599999999999999,0.1537041310870067,1,1,0,0,0,0,0,1,0,0,0,0,1,0
1,0,1,1,0.3098591549295775,1,0,0.6500000000000001,0.21717055158089085,0,1,0,0,1,1,1,0,0,0,0,0,1,0
0,0,0,0,0.28169014084507044,1,1,0.55,0.1777059773828756,1,1,0,0,0,0,0,0,0,0,0,0,1,0
1,1,1,0,0.04225352112676056,1,1,0.6500000000000001,0.033464112624048005,1,1,0,0,0,0,0,1,0,0,0,0,1,0
0,0,1,1,0.9154929577464789,1,1,0.07,0.1908608354488807,1,0,1,0,0,0,0,0,0,0,1,1,0,0
0,0,1,1,1.0,1,1,0.8600000000000001,0.8586429725363489,1,1,0,0,1,1,0,1,1,1,0,1,0,0
0,1,1,0,0.8732394366197184,0,0,0.18,0.2630971613201016,0,0,0,1,0,0,1,0,0,1,0,0,0,0
1,0,1,1,0.971830985915493,1,0,0.06,0.2014770366951304,1,0,1,0,0,0,0,0,0,0,1,0,0,1
0,0,0,0,0.056338028169014086,1,1,0.33,0.02815601200092315,0,0,0,0,1,0,0,0,0,0,0,0,1,0
0,0,1,1,1.0,1,1,0.8800000000000001,0.8689129933071774,1,1,0,1,1,1,1,1,0,0,1,1,0,0
0,0,0,0,0.7746478873239437,1,0,0.8,0.6419339949226863,1,1,0,0,1,0,0,1,1,0,0,0,1,0
1,0,1,1,0.295774647887324,1,0,0.07,0.06196630510039234,1,0,1,0,0,0,0,0,0,0,1,1,0,0
0,0,0,0,0.47887323943661975,1,1,0.9000000000000001,0.4623817216708978,1,1,0,1,0,1,1,1,1,0,1,0,1,0
0,1,0,0,0.056338028169014086,1,1,0.73,0.049734594968843755,0,1,0,0,0,0,0,1,1,0,0,0,1,0
1,0,0,0,0.7464788732394366,1,1,0.8200000000000001,0.6256635125778905,1,1,0,0,0,0,1,1,1,0,0,0,1,0
1,0,0,0,0.11267605633802817,1,0,0.020000000000000018,0.019386106623586433,0,0,1,0,0,0,0,0,0,0,0,0,0,1
0,0,1,0,0.7183098591549296,1,1,0.73,0.5318486037387491,1,1,0,1,0,1,1,0,0,0,1,1,0,0
0,0,0,0,0.35211267605633806,1,0,0.31,0.14066466651280868,0,0,0,0,0,0,1,0,0,0,0,0,0,0
1,0,1,0,0.8873239436619719,1,1,0.56,0.5470805446572813,0,0,0,1,1,1,1,0,1,0,1,0,0,1
1,0,1,1,0.7887323943661972,1,0,0.010000000000000009,0.14470343872605587,0,0,1,0,0,0,0,0,0,0,1,0,0,0
1,0,1,1,0.5633802816901409,0,0,0.17000000000000004,0.16085852757904456,0,0,0,1,0,1,0,0,0,1,0,1,0,0
0,0,0,0,0.02816901408450704,1,1,0.51,0.021809369951534735,0,1,0,0,0,0,0,0,0,0,0,0,0,1
0,0,1,1,0.7464788732394366,1,1,0.8700000000000001,0.6483960304638818,1,1,0,0,1,0,1,1,1,1,0,0,1,0
1,0,1,0,0.014084507042253521,1,1,0.52,0.015693514885760443,0,1,0,0,0,0,0,0,0,0,0,1,0,0
0,0,1,1,0.5774647887323944,1,0,0.010000000000000009,0.09796907454419572,0,0,1,0,0,0,0,0,0,0,1,0,0,1
0,0,1,1,0.5070422535211268,1,0,0.73,0.37260558504500346,0,1,0,0,0,0,0,1,1,1,0,1,0,0
0,0,1,1,0.4366197183098592,0,1,0.18,0.13074082621740135,0,0,0,0,0,1,1,0,0,1,0,0,0,1
1,1,0,0,0.014084507042253521,1,0,0.25,0.007731363951073159,0,0,0,0,0,0,0,0,0,0,0,0,1,0
1,0,0,0,0.3802816901408451,1,0,0.36000000000000004,0.17632125548119087,0,0,0,1,0,0,1,0,0,1,0,0,0,1
1,0,0,0,0.0,1,1,0.51,0.005885068082160166,0,1,0,0,0,0,0,0,0,0,0,0,1,0
0,1,0,0,0.9577464788732395,1,0,0.020000000000000018,0.15439649203784908,0,0,1,0,0,0,0,0,0,0,1,1,0,0
0,0,0,0,0.056338028169014086,1,1,0.6699999999999999,0.046849757673667204,1,1,0,0,1,1,0,0,0,0,0,0,1,0
1,0,1,1,0.18309859154929578,1,1,0.71,0.1373182552504039,0,1,0,0,1,0,1,0,1,0,0,1,0,0
0,1,1,0,0.5070422535211268,1,1,0.54,0.2950611585506578,0,1,0,0,0,0,0,0,0,0,0,0,0,0
0,0,0,0,0.9577464788732395,1,1,0.8600000000000001,0.8359104546503577,0,1,0,0,1,1,1,1,1,1,0,0,0,0
1,1,0,0,0.2112676056338028,1,1,0.78,0.18036002769443804,1,1,0,0,0,0,0,1,1,0,0,0,1,0
0,1,0,0,0.18309859154929578,1,1,0.56,0.11747057465958921,1,1,0,0,0,0,0,0,0,0,0,0,1,0
1,0,0,0,0.49295774647887325,1,0,0.36000000000000004,0.21636279713824141,1,0,0,1,0,0,0,0,0,1,0,0,0,1
1,1,1,0,0.36619718309859156,1,0,0.6500000000000001,0.2644818832217863,1,0,0,0,1,1,1,1,1,0,0,0,1,0
1,0,0,1,0.09859154929577466,1,0,0.010000000000000009,0.017539810754673438,0,0,1,0,0,0,0,0,0,0,0,0,0,1
0,0,1,0,1.0,1,1,0.72,0.7328640664666513,1,0,0,1,1,1,1,1,1,0,1,1,0,0
1,0,1,0,0.7323943661971831,1,0,0.9200000000000002,0.6712439418416801,0,1,0,1,1,1,1,1,1,1,0,0,1,0
0,1,0,0,0.0,1,1,0.51,0.005885068082160166,0,1,0,0,0,0,0,0,0,0,0,0,0,0
1,0,0,0,0.09859154929577466,1,1,0.8500000000000001,0.09566120470805448,1,1,0,1,0,0,1,1,1,0,0,0,0,0
1,0,1,0,0.5352112676056339,0,0,0.37000000000000005,0.2499423032540965,0,0,0,1,0,1,0,1,1,0,0,0,1,0
0,0,1,1,0.9014084507042254,1,0,0.010000000000000009,0.1470113085621971,0,0,1,0,0,0,0,0,0,0,1,0,0,1
0,0,0,0,0.19718309859154928,1,1,0.31,0.08435264251096239,1,0,0,0,0,0,0,0,0,0,0,0,1,0
0,0,1,0,0.7464788732394366,1,1,0.56,0.4815370413108701,0,0,0,1,1,0,0,1,1,0,1,0,0,0
0,0,1,1,0.23943661971830985,1,0,0.77,0.20320793907223633,0,1,0,0,0,1,0,1,1,0,0,0,0,1
0,1,0,0,0.014084507042253521,1,1,0.31,0.008423724901915532,0,0,0,1,0,0,0,0,0,0,0,0,1,0
1,0,0,0,0.0,1,1,0.6400000000000001,0.007385183475651974,0,1,0,0,1,1,0,0,0,0,0,0,1,0
0,0,0,0,0.0,1,1,0.26,0.003000230786983614,0,0,0,0,0,0,0,0,0,0,0,0,1,0
1,0,0,0,0.0,0,1,0.06,0.0006923609508423727,0,0,0,0,0,0,0,0,0,0,0,0,0,1
1,0,0,1,0.15492957746478872,1,1,0.5800000000000001,0.10096930533117933,1,1,0,0,0,0,0,0,0,0,0,0,1,0
0,0,1,0,0.15492957746478872,1,0,0.010000000000000009,0.02123240249249942,0,0,1,0,0,0,0,0,0,1,0,0,0,0
0,0,1,1,0.8873239436619719,1,0,0.6300000000000001,0.5904684975767367,0,1,0,1,1,0,0,0,0,0,0,0,1,0
1,1,0,0,0.36619718309859156,1,1,0.9200000000000002,0.3276021232402493,1,1,0,1,1,1,0,1,1,1,0,0,0,0
1,0,0,0,0.28169014084507044,1,1,0.8600000000000001,0.2562889453034849,0,1,0,0,1,1,1,1,1,1,0,0,0,1
1,0,0,0,0.09859154929577466,1,0,0.36000000000000004,0.04950380798522963,0,0,0,1,0,0,1,0,0,1,0,0,0,0
1,0,1,1,0.971830985915493,1,0,0.75,0.7570966997461342,1,1,0,1,1,1,1,0,0,0,1,0,0,0
0,0,1,1,0.8732394366197184,1,0,0.06,0.1795522732517886,1,0,1,0,0,0,0,0,0,0,1,1,0,0
0,0,0,0,0.23943661971830985,1,0,0.38000000000000006,0.10973921070851606,1,0,0,1,0,0,0,0,0,0,0,0,0,1
1,1,1,0,0.0,1,1,0.72,0.00830833141010847,1,1,0,0,1,0,0,1,0,0,0,0,1,0
0,1,1,0,0.28169014084507044,1,1,0.46,0.15243480267712903,0,0,0,1,1,0,0,0,1,0,0,0,0,0
1,0,1,1,0.3802816901408451,1,1,0.6400000000000001,0.2656358181398569,0,1,0,1,0,0,0,0,1,1,0,0,0,0
1,0,0,0,0.23943661971830985,1,0,0.010000000000000009,0.043041772444034156,0,0,1,0,0,0,0,0,0,0,0,0,0,1
1,0,1,0,0.7746478873239437,1,0,0.8500000000000001,0.6607431340872375,1,1,0,0,0,1,1,1,1,0,1,0,0,0
0,0,0,0,0.26760563380281693,1,1,0.72,0.20343872605585048,1,1,0,0,0,1,0,1,0,0,0,1,0,0
1,0,0,0,0.14084507042253522,1,0,0.46,0.07835218093699516,0,0,0,0,0,1,1,0,1,1,0,1,0,0
1,0,1,1,0.7183098591549296,1,0,0.8200000000000001,0.6030463881837064,0,1,0,1,0,1,0,1,1,1,0,0,1,0
0,0,1,1,0.26760563380281693,1,1,0.72,0.20286175859681516,0,1,0,0,0,0,0,1,1,0,0,0,1,0
1,0,0,0,0.3098591549295775,1,0,0.31,0.122663281790907,0,0,0,0,0,1,0,0,0,0,0,1,0,0
0,0,0,0,0.0,1,0,0.010000000000000009,0.00011539349180706218,0,0,1,0,0,0,0,0,0,0,0,0,1,0
1,0,0,0,0.014084507042253521,1,1,0.27,0.010039233787214401,0,0,0,0,0,0,0,0,0,0,0,0,0,1
1,0,1,1,1.0,1,1,0.9000000000000001,0.8894530348488345,0,1,0,1,1,1,1,1,1,0,1,0,0,0
0,0,0,1,1.0,1,0,0.010000000000000009,0.17435956612047082,0,0,1,0,0,0,0,0,0,0,1,1,0,0
1,0,1,1,0.9859154929577465,0,0,0.39999999999999997,0.47622894068774524,0,0,0,1,1,0,1,1,1,0,1,0,0,1
1,0,0,0,0.0,1,0,0.53,0.00611585506577429,0,1,0,0,0,0,0,0,0,0,0,0,0,1
1,0,1,1,0.9859154929577465,1,0,0.9600000000000002,0.9326102007846757,1,1,0,1,1,1,1,1,1,0,1,0,0,0
1,0,1,1,0.7323943661971831,1,1,0.8600000000000001,0.6402030925455804,1,1,0,1,1,1,1,0,1,0,1,0,0,0
0,0,0,0,0.7887323943661972,1,0,0.020000000000000018,0.14239556888991461,0,0,1,0,0,0,0,0,0,0,1,1,0,0
1,1,0,0,0.5915492957746479,1,1,0.9000000000000001,0.5287329794599585,0,1,0,1,1,0,1,1,1,0,0,1,0,0
0,0,0,0,0.0,1,1,0.37000000000000005,0.004269559196861297,0,0,0,0,0,0,0,0,1,0,0,0,0,1
0,0,1,1,0.9859154929577465,1,1,0.6599999999999999,0.7078236787445188,1,1,0,0,1,0,1,0,0,0,1,0,1,0
1,0,1,1,0.8873239436619719,1,0,0.06,0.18197553657973692,1,0,1,0,0,0,0,0,0,1,0,0,0,1
1,1,0,0,0.0,1,1,0.51,0.005885068082160166,0,1,0,0,0,0,0,0,0,0,0,0,1,0
1,0,0,0,0.15492957746478872,1,0,0.010000000000000009,0.02330948534502654,0,0,1,0,0,0,0,0,0,0,0,0,0,1
1,0,1,0,0.7323943661971831,1,1,0.8800000000000001,0.663627971382414,0,1,0,1,1,1,0,1,1,1,0,0,0,0
1,0,0,0,0.2112676056338028,1,1,0.6799999999999999,0.1525501961689361,0,1,0,0,1,0,0,0,1,0,0,0,1,0
0,0,1,1,0.9859154929577465,1,0,0.72,0.7673667205169629,1,0,0,1,1,1,1,1,1,0,1,0,1,0
1,0,0,0,0.2112676056338028,1,0,0.020000000000000018,0.03461804754211863,0,0,1,0,0,0,0,0,0,1,0,0,0,0
0,0,1,1,0.08450704225352114,0,0,0.31,0.033117932148626815,0,0,0,1,0,1,1,0,1,0,1,1,0,0
1,0,0,0,0.08450704225352114,1,1,0.48000000000000004,0.05077313639510732,0,0,0,0,0,0,0,1,1,0,0,0,1,0
1,1,0,0,0.7183098591549296,1,0,0.9000000000000001,0.6717055158089084,1,1,0,1,1,1,0,1,1,0,0,1,0,0
1,1,0,0,0.35211267605633806,1,1,0.6699999999999999,0.25098084468036,0,1,0,1,0,0,0,1,0,0,0,1,0,0
0,0,0,0,0.0,0,1,0.06,0.0006923609508423727,0,0,0,0,0,0,0,0,0,0,0,0,0,1
0,0,1,1,0.5070422535211268,1,0,0.010000000000000009,0.07604431110085393,0,0,1,0,0,0,0,0,0,1,0,1,0,0
0,0,0,0,0.676056338028169,1,1,0.8800000000000001,0.5942764828063697,1,1,0,0,1,0,1,1,1,1,0,0,0,0
0,0,0,0,0.0,1,0,0.020000000000000018,0.00023078698361412436,0,0,1,0,0,0,0,0,0,0,0,0,0,0
0,0,0,1,0.19718309859154928,1,0,0.46,0.10754673436418187,0,0,0,1,0,1,0,0,1,1,0,0,0,1
0,0,0,0,0.7183098591549296,1,1,0.9100000000000001,0.6592430186937457,1,1,0,1,0,1,1,1,1,0,1,0,1,0
0,1,1,0,0.014084507042253521,1,0,0.52,0.014193399492268636,0,1,0,0,0,0,0,0,0,0,0,0,1,0
0,0,0,0,0.5211267605633804,1,0,0.52,0.31040849296099704,0,0,0,1,1,0,1,1,0,1,0,0,0,1
1,0,0,0,0.295774647887324,1,1,0.72,0.22790214631894762,1,1,0,0,0,0,1,1,0,0,0,0,1,0
0,0,1,1,0.7746478873239437,1,1,0.5700000000000001,0.48961458573736444,1,0,0,1,1,0,1,0,1,0,1,1,0,0
0,0,0,0,0.7605633802816901,1,1,0.41,0.364297253634895,0,0,0,1,0,1,1,0,0,0,1,0,1,0
1,0,1,0,0.619718309859155,1,0,0.07,0.12727902146318948,1,0,1,0,0,0,0,0,0,0,1,0,0,1
0,0,0,0,0.18309859154929578,1,1,0.37000000000000005,0.08642972536348952,1,0,0,0,1,0,0,0,0,0,0,1,0,0
1,0,1,0,0.02816901408450704,1,0,0.76,0.029425340410800832,1,1,0,0,0,0,0,1,1,0,0,0,1,0
1,0,1,1,0.9295774647887325,1,1,0.76,0.7296330486960535,1,1,0,1,0,0,1,0,1,1,0,1,0,0
1,0,1,1,0.9859154929577465,1,0,0.05000000000000002,0.18982229402261713,1,0,1,0,0,0,0,0,0,0,1,1,0,0
1,0,0,0,0.3943661971830986,1,1,0.37000000000000005,0.18486037387491347,1,0,0,0,1,0,0,0,0,1,0,0,1,0
1,0,0,0,0.6338028169014085,1,1,0.8300000000000001,0.537272097853681,1,1,0,0,0,1,0,1,1,1,0,0,1,0
1,1,0,0,0.5070422535211268,1,1,0.8800000000000001,0.46595891991691674,1,1,0,1,1,0,0,1,1,0,0,0,0,0
1,0,1,1,0.4507042253521127,1,1,0.8500000000000001,0.39799215324255716,1,1,0,1,0,1,0,1,1,1,0,0,0,1
1,0,1,0,0.19718309859154928,1,1,0.33,0.07996768982229403,1,0,0,0,0,0,0,0,0,0,0,0,1,0
0,1,1,0,1.0,1,0,0.6599999999999999,0.6786291253173321,1,0,0,1,1,1,0,1,1,0,1,1,0,0
0,0,0,0,0.2112676056338028,1,1,0.76,0.16905146549734595,0,1,0,1,0,0,0,1,1,0,0,0,1,0
1,0,0,0,0.02816901408450704,1,1,0.81,0.031040849296099703,0,1,0,1,0,1,0,1,1,0,0,1,0,0
1,0,0,0,0.11267605633802817,0,0,0.39999999999999997,0.060120009231479345,0,0,0,1,0,1,1,1,1,0,0,0,0,1
0,1,1,0,1.0,1,1,0.9600000000000002,0.9592660973921071,1,1,0,1,1,1,1,1,1,0,1,0,0,1
1,0,1,1,0.971830985915493,1,1,0.6200000000000001,0.6576275098084468,0,0,0,0,1,1,1,1,1,0,1,0,0,0
0,0,1,1,0.16901408450704225,1,0,0.6599999999999999,0.12427879067620587,0,1,0,1,0,0,0,0,1,0,0,0,1,0
1,0,0,0,0.0,1,0,0.25,0.002884837295176552,0,0,0,0,0,0,0,0,0,0,0,1,0,0
1,0,0,0,0.056338028169014086,1,1,0.78,0.05700438495268867,0,1,0,0,1,0,0,1,1,0,0,0,1,0
1,0,1,1,0.5211267605633804,1,0,0.6200000000000001,0.35079621509346876,0,0,0,1,1,0,1,1,1,1,0,1,0,0
1,0,0,0,0.323943661971831,1,1,0.010000000000000009,0.052157858296792065,0,0,1,0,0,0,0,0,0,0,1,0,0,0
0,0,0,0,0.2112676056338028,1,1,0.51,0.13697207477498272,0,1,0,0,0,0,0,0,0,0,0,1,0,0
0,1,0,0,0.47887323943661975,1,1,0.55,0.2830602354027233,0,0,0,0,0,1,1,1,1,1,0,0,1,0
1,1,1,0,0.26760563380281693,1,1,0.73,0.2124394184168013,0,1,0,0,0,0,0,1,1,1,0,0,0,0
0,0,1,0,0.9295774647887325,1,1,0.7,0.6669743826448188,1,1,0,0,1,0,0,1,0,1,0,0,0,0
1,1,0,0,0.4084507042253521,0,1,0.22000000000000003,0.13316408954534964,0,0,0,0,0,1,0,1,0,0,0,0,1,0
1,0,1,1,0.26760563380281693,1,1,0.07,0.05642741749365336,1,0,1,0,0,0,0,0,0,0,0,0,0,0
0,0,0,0,0.22535211267605634,1,0,0.010000000000000009,0.04050311562427879,0,0,1,0,0,0,0,0,0,0,1,1,0,0
0,0,0,0,0.02816901408450704,1,1,0.8900000000000001,0.03461804754211863,0,1,0,0,1,1,1,1,1,0,0,0,1,0
1,0,0,0,0.7746478873239437,1,1,0.010000000000000009,0.12254788829909995,0,0,1,0,0,0,0,0,0,0,1,0,0,0
0,0,0,0,0.056338028169014086,1,1,0.51,0.0343872605585045,0,1,0,0,0,0,0,0,0,0,0,0,1,0
0,0,0,0,0.35211267605633806,1,1,0.6699999999999999,0.2499423032540965,0,1,0,0,1,1,1,0,0,1,0,0,1,0
0,1,1,0,0.0,1,1,0.55,0.006346642049388415,1,1,0,0,0,0,0,0,0,0,0,0,1,0
0,0,0,0,0.0,1,1,0.27,0.0031156242787906763,0,0,0,0,0,0,0,0,0,0,0,0,1,0
0,0,0,0,0.7042253521126761,1,1,0.6300000000000001,0.47403646434341107,1,0,0,1,1,1,1,1,0,1,0,1,0,0
0,1,1,0,0.08450704225352114,1,1,0.71,0.06773597969074545,0,1,0,0,0,0,0,1,1,0,0,0,1,0
0,1,1,0,0.8591549295774649,1,1,0.8500000000000001,0.7344795753519502,1,1,0,0,1,1,0,1,1,1,0,0,1,0
0,0,0,0,0.0,1,0,0.010000000000000009,0.00011539349180706218,0,0,1,0,0,0,0,0,0,0,0,0,0,0
1,0,1,1,0.8450704225352113,1,1,0.06,0.1646665128086776,1,0,1,0,0,0,0,0,0,0,1,0,0,1
0,0,1,0,0.15492957746478872,1,1,0.56,0.08342949457650589,0,0,0,0,0,1,1,1,1,0,0,0,1,0
0,1,0,0,0.14084507042253522,1,1,0.9300000000000002,0.13443341795522734,1,1,0,0,1,1,1,1,1,0,0,0,1,0
0,0,1,0,0.9014084507042254,1,0,0.5800000000000001,0.5666974382644818,1,0,0,1,0,1,1,0,1,0,1,0,0,0
1,0,1,1,0.16901408450704225,1,0,0.36000000000000004,0.0788137549042234,0,0,0,1,0,0,1,0,0,1,0,0,0,0
1,0,1,1,0.7183098591549296,1,0,0.8300000000000001,0.609623817216709,1,1,0,0,0,1,0,1,1,1,0,0,0,0
0,0,0,0,0.04225352112676056,1,1,0.52,0.0252711747057466,0,1,0,0,0,0,0,0,0,0,0,0,1,0
1,0,0,0,0.295774647887324,1,1,0.010000000000000009,0.04546503577198246,0,0,1,0,0,0,0,0,0,1,0,0,0,1
1,1,0,0,0.47887323943661975,1,1,0.81,0.40803138702977154,1,1,0,1,0,0,0,1,1,0,0,0,1,0
1,0,0,0,0.8028169014084507,1,0,0.06,0.16212785598892224,1,0,1,0,0,0,0,0,0,0,1,1,0,0
1,0,0,0,0.295774647887324,1,1,0.31,0.11897069005308102,0,0,0,1,0,0,0,0,0,0,0,0,1,0
0,0,1,0,0.6056338028169015,0,0,0.36000000000000004,0.27371336256635126,0,0,0,0,1,1,0,1,1,0,1,0,0,0
0,1,1,1,0.8309859154929577,1,1,0.6200000000000001,0.5586198938379875,1,1,0,1,0,0,0,0,0,0,0,0,1,0
1,0,1,1,0.971830985915493,1,1,0.6200000000000001,0.6279713824140318,1,0,0,1,0,0,1,1,1,0,1,0,0,0
1,0,1,1,0.4366197183098592,1,1,0.8,0.3543734133394877,1,1,0,0,1,0,0,1,1,0,0,0,1,0
0,0,1,1,1.0,1,0,0.06,0.1875144241864759,1,0,1,0,0,0,0,0,0,0,1,0,0,0
0,0,0,0,0.0,1,1,0.31,0.003577198246018925,1,0,0,0,0,0,0,0,0,0,0,1,0,0
0,0,1,1,0.16901408450704225,1,1,0.010000000000000009,0.02700207708285253,0,0,1,0,0,0,0,0,0,0,0,0,0,1
0,0,0,0,0.9295774647887325,1,0,0.47000000000000003,0.5011539349180706,0,0,0,1,0,1,0,0,1,0,1,0,0,0
0,0,0,1,0.33802816901408456,1,1,0.77,0.2804061850911609,0,1,0,0,1,0,0,1,1,0,0,0,1,0
0,0,1,0,0.9859154929577465,1,0,0.72,0.7369028386798985,1,0,0,1,1,1,1,1,1,0,1,0,0,0
1,0,1,0,0.8732394366197184,1,1,0.6300000000000001,0.570851603969536,1,1,0,0,0,0,1,0,0,1,0,1,0,0
1,1,1,0,0.6056338028169015,1,1,0.6699999999999999,0.42141703207939074,0,1,0,1,1,0,1,0,0,0,0,0,1,0
1,0,0,0,0.4084507042253521,0,1,0.22000000000000003,0.13489499192245558,0,0,0,0,0,0,1,0,1,1,0,1,0,0
0,0,1,0,0.7746478873239437,1,1,0.07,0.15105008077544427,1,0,1,0,0,0,0,0,0,0,1,1,0,0
0,0,0,0,0.014084507042253521,1,1,0.35000000000000003,0.010385414262635588,0,0,0,1,1,0,0,0,0,0,0,0,0,1
0,0,1,1,0.6338028169014085,1,1,0.020000000000000018,0.09543041772444034,0,0,1,0,0,0,0,0,0,1,0,0,0,0
0,0,0,1,0.7183098591549296,1,1,0.6699999999999999,0.5126932840987768,1,0,0,1,1,0,1,1,1,0,1,0,0,1
0,0,0,0,0.04225352112676056,0,1,0.26,0.018001384721901686,0,0,0,0,0,0,0,1,1,0,0,0,1,0
0,0,1,0,0.9577464788732395,1,1,0.6599999999999999,0.6762058619893838,0,0,0,1,1,1,1,1,1,0,1,0,0,1
0,0,1,1,0.5070422535211268,1,0,0.010000000000000009,0.08169859219939997,0,0,1,0,0,0,0,0,0,0,1,0,0,0
0,0,1,1,0.9577464788732395,1,0,0.77,0.749249942303254,1,1,0,0,1,1,0,1,0,1,0,1,0,0
0,0,1,1,0.33802816901408456,1,0,0.42,0.15993537964458807,1,0,0,0,0,0,0,1,0,0,0,0,1,0
0,0,0,0,1.0,1,0,0.06,0.20297715208862221,1,0,1,0,0,0,0,0,0,0,1,0,0,0
0,1,0,0,0.0,1,1,0.5800000000000001,0.006692822524809601,1,1,0,0,0,0,0,0,0,0,0,0,1,0
0,0,0,0,0.08450704225352114,1,1,0.010000000000000009,0.017309023771059313,0,0,1,0,0,0,0,0,0,0,0,0,0,1
1,0,1,1,0.056338028169014086,1,1,0.6200000000000001,0.03900300023078698,0,1,0,0,0,0,0,1,0,0,0,0,1,0
1,1,1,0,0.09859154929577466,1,1,0.6200000000000001,0.07096699746134319,1,1,0,0,1,0,0,0,0,0,0,1,0,0
0,0,1,1,1.0,1,0,0.46,0.5425801984768058,1,0,0,1,1,1,0,0,0,0,1,1,0,0
1,0,0,1,0.35211267605633806,1,1,0.8700000000000001,0.31121624740364645,0,1,0,0,1,1,1,1,1,0,1,0,1,0
0,1,0,0,0.33802816901408456,1,0,0.8700000000000001,0.3042926378952227,1,1,0,0,1,1,0,1,1,0,0,0,0,1
1,0,1,1,0.5352112676056339,1,0,0.010000000000000009,0.08527579044541889,0,0,1,0,0,0,0,0,0,0,1,0,0,1
1,0,0,0,0.19718309859154928,1,0,0.010000000000000009,0.03484883452573275,0,0,1,0,0,0,0,0,0,0,0,0,0,1
1,0,0,0,0.0,1,1,0.020000000000000018,0.00023078698361412436,0,0,1,0,0,0,0,0,0,0,0,0,0,1
0,1,1,0,0.08450704225352114,1,1,0.77,0.07223632587122088,1,1,0,0,0,0,0,1,1,0,0,0,0,0
0,1,0,0,0.056338028169014086,0,0,0.27,0.022617124394184167,0,0,0,0,0,1,1,1,0,0,0,1,0,0
1,0,1,1,0.943661971830986,1,1,0.6500000000000001,0.6539349180706208,1,1,0,0,0,0,0,1,0,1,0,0,1,0
1,0,0,0,0.8873239436619719,1,1,0.8200000000000001,0.7195938149088391,1,1,0,0,0,1,0,1,1,1,0,1,0,0
1,0,0,0,0.5492957746478874,1,0,0.47000000000000003,0.29633048696053543,0,0,0,1,1,0,0,1,0,0,0,0,0,1
1,1,0,0,0.08450704225352114,1,1,0.6599999999999999,0.0681975536579737,0,1,0,0,0,1,0,1,0,0,0,0,1,0
1,0,0,0,0.08450704225352114,1,0,0.010000000000000009,0.01788599123009462,0,0,1,0,0,0,0,0,0,1,0,0,0,1
0,0,0,0,1.0,1,0,0.7,0.7320563120240018,1,0,0,1,1,1,1,1,1,0,1,1,0,0
1,0,1,1,0.971830985915493,1,1,0.8800000000000001,0.851488576044311,1,1,0,0,1,1,0,1,1,1,0,0,1,0
0,0,1,1,0.16901408450704225,1,1,0.31,0.06565889683821834,0,0,0,1,0,0,0,0,0,0,0,0,0,1
1,0,1,1,0.7323943661971831,1,0,0.010000000000000009,0.11412416339718441,0,0,1,0,0,0,0,0,0,1,0,0,0,0
1,0,0,0,0.09859154929577466,1,0,0.010000000000000009,0.015924301869374567,0,0,1,0,0,0,0,0,0,0,0,0,0,1
0,0,1,0,0.5492957746478874,1,1,0.8300000000000001,0.47253634894991925,1,1,0,0,1,0,0,1,1,0,0,0,1,0
1,0,1,1,0.6619718309859155,1,0,0.020000000000000018,0.10581583198707593,0,0,1,0,0,0,0,0,0,0,1,0,0,1
0,0,0,0,0.014084507042253521,1,0,0.020000000000000018,0.0027694438033694898,0,0,1,0,0,0,0,0,0,0,0,0,0,1
1,0,0,0,0.0,1,0,0.6000000000000001,0.006923609508423726,0,1,0,0,0,0,0,1,0,0,0,0,1,0
1,0,1,1,0.295774647887324,1,1,0.6200000000000001,0.20447726748211403,0,1,0,0,0,0,0,0,1,0,0,0,1,0
1,0,1,1,0.18309859154929578,1,1,0.73,0.14804984998846066,1,1,0,0,0,0,1,1,0,0,0,0,1,0
0,0,0,0,0.15492957746478872,1,1,0.41,0.08181398569120703,0,0,0,0,0,0,1,1,0,1,0,0,1,0
1,0,0,0,0.46478873239436624,1,1,0.46,0.23886452804061853,1,0,0,1,1,0,1,0,0,1,0,0,0,1
0,0,0,1,0.02816901408450704,1,0,0.020000000000000018,0.004846526655896607,0,0,1,0,0,0,0,0,0,0,0,0,0,1
1,1,1,1,1.0,1,0,0.74,0.7410570043849527,1,0,0,1,1,1,1,1,1,0,1,1,0,0
1,0,1,0,0.647887323943662,1,1,0.6699999999999999,0.46468959150703903,0,1,0,0,0,1,0,0,1,0,0,0,1,0
1,0,0,0,0.33802816901408456,1,1,0.6100000000000001,0.230440803138703,0,1,0,1,1,0,0,0,0,0,0,0,0,0
1,0,1,1,1.0,0,1,0.47000000000000003,0.5499653819524578,0,0,0,1,1,1,1,1,1,0,1,1,0,0
1,0,0,0,0.5070422535211268,1,1,0.6000000000000001,0.34133394876528966,1,0,0,1,1,1,1,1,0,0,0,1,0,0
1,0,1,1,0.9014084507042254,1,1,0.81,0.7382875605815832,1,1,0,1,1,0,1,1,0,0,1,1,0,0
0,1,0,0,0.2112676056338028,1,0,0.51,0.11827832910223865,0,1,0,0,0,0,0,0,0,0,0,0,1,0
0,0,0,0,0.1267605633802817,1,0,0.5700000000000001,0.08862220170782369,1,1,0,0,0,0,0,0,0,0,0,0,1,0
0,0,1,1,1.0,1,1,0.9600000000000002,0.9318024463420262,1,1,0,1,1,1,1,1,1,0,1,0,1,0
0,0,1,1,0.8309859154929577,1,1,0.9200000000000002,0.7579044541887837,1,1,0,1,0,1,1,1,1,0,1,0,1,0
0,0,1,1,0.9859154929577465,1,0,0.72,0.7277867528271406,1,0,0,1,1,1,1,1,1,0,1,0,1,0
0,1,0,0,0.5633802816901409,1,1,0.8,0.48107546734364187,1,1,0,0,0,1,0,1,1,0,0,0,1,0
0,0,1,0,0.0,1,1,0.6599999999999999,0.007615970459266097,0,1,0,0,0,0,1,1,0,0,0,0,1,0
1,0,0,0,0.22535211267605634,1,1,0.76,0.1845141933994923,1,1,0,1,1,0,0,1,0,0,0,0,1,0
0,0,1,0,0.1267605633802817,1,1,0.8,0.11758596815139627,1,1,0,0,0,1,0,1,1,0,0,0,1,0
1,0,0,0,0.0,1,1,0.3,0.003461804754211863,0,0,0,1,0,0,0,0,0,0,0,1,0,0
1,0,1,1,0.5633802816901409,1,1,0.8300000000000001,0.4514193399492269,1,1,0,1,1,1,0,0,1,1,0,0,0,0
1,0,1,0,0.9295774647887325,1,1,0.020000000000000018,0.15105008077544427,0,0,1,0,0,0,0,0,0,1,0,0,0,0
1,0,1,1,0.02816901408450704,1,0,0.010000000000000009,0.004846526655896607,0,0,1,0,0,0,0,0,0,0,0,0,0,1
0,0,1,0,0.8873239436619719,1,1,0.5800000000000001,0.5538887606738979,1,0,0,0,1,1,1,1,0,0,1,0,0,0
1,0,0,1,0.23943661971830985,1,0,0.020000000000000018,0.0429263789522271,0,0,1,0,0,0,0,0,0,1,0,0,0,0
1,1,1,0,0.6901408450704226,1,1,0.77,0.5619663051003924,1,1,0,0,1,1,0,1,0,0,0,0,1,0
0,0,1,0,0.7887323943661972,1,1,0.41,0.3960304638818371,0,0,0,1,1,0,1,0,0,0,1,0,1,0
1,0,0,0,0.04225352112676056,1,1,0.28,0.020193861066235864,0,0,0,0,0,0,0,0,0,0,0,0,0,1
1,0,0,0,0.04225352112676056,1,1,0.42,0.029309946918993766,0,0,0,1,1,0,1,0,0,0,0,0,0,1
1,1,0,0,0.16901408450704225,1,1,0.36000000000000004,0.08227555965843528,0,0,0,0,1,1,0,0,0,0,0,0,1,0
1,0,1,1,0.09859154929577466,1,0,0.010000000000000009,0.021117009000692362,0,0,1,0,0,0,0,0,0,0,1,0,0,1
1,0,0,0,0.1267605633802817,1,1,0.03,0.023540272328640664,0,0,1,0,0,0,0,0,0,0,0,0,1,0
1,1,0,0,0.3802816901408451,1,0,0.46,0.2133625663512578,1,0,0,0,1,1,1,0,0,0,0,0,0,0
1,0,0,1,0.16901408450704225,1,0,0.35000000000000003,0.08077544426494347,0,0,0,0,0,1,1,0,0,0,0,0,0,1
1,0,1,1,1.0,1,1,0.98,0.9837295176552042,1,1,0,1,1,1,1,1,1,0,1,1,0,0
1,0,0,0,0.33802816901408456,1,1,0.6599999999999999,0.23886452804061853,1,1,0,0,0,0,0,1,0,0,0,0,0,1
1,0,1,1,0.7183098591549296,1,0,0.010000000000000009,0.1168936072005539,0,0,1,0,0,0,0,0,0,0,1,0,0,1
1,0,1,1,0.3098591549295775,1,1,0.51,0.18855296561273946,1,0,0,0,1,0,1,1,0,0,0,1,0,0
1,0,1,0,0.971830985915493,1,1,0.9200000000000002,0.8924532656358182,1,1,0,0,1,1,1,1,1,0,1,0,1,0
0,0,0,0,0.0,1,1,0.5700000000000001,0.006577429033002539,0,0,0,0,0,1,1,1,1,0,0,0,1,0
0,0,0,0,0.3943661971830986,0,0,0.16000000000000003,0.11377798292176322,0,0,0,0,1,0,1,0,0,0,0,0,1,0
1,0,1,0,0.7746478873239437,1,1,0.6699999999999999,0.5635818139856912,1,1,0,0,0,0,0,1,0,0,0,0,0,0
1,0,1,0,0.7323943661971831,1,1,0.8,0.5920840064620355,1,1,0,0,1,0,0,1,1,0,0,1,0,0
0,0,1,1,0.5352112676056339,1,1,0.6799999999999999,0.3747980613893377,0,1,0,0,1,0,0,1,0,0,0,0,0,1
1,0,1,1,0.49295774647887325,1,1,0.8600000000000001,0.4230325409646896,1,1,0,1,0,1,0,1,1,0,0,1,0,0
1,1,1,0,1.0,1,1,0.71,0.7707131317793676,1,0,0,1,1,1,1,1,1,0,1,0,0,0
1,0,0,0,0.0,1,1,0.010000000000000009,0.00011539349180706218,0,0,1,0,0,0,0,0,0,0,0,0,0,0
0,0,1,1,0.8873239436619719,1,1,0.9100000000000001,0.7757904454188783,1,1,0,0,1,1,1,1,1,0,1,1,0,0
1,0,1,1,0.8732394366197184,1,0,0.020000000000000018,0.13743364874221095,0,0,1,0,0,0,0,0,0,0,1,1,0,0
0,0,0,0,0.0,1,1,0.51,0.005885068082160166,0,1,0,0,0,0,0,0,0,0,0,0,1,0
0,0,0,0,0.7887323943661972,0,1,0.21000000000000002,0.24151857835218096,0,0,0,0,1,0,0,1,0,0,0,0,1,0
1,0,0,0,0.33802816901408456,1,0,0.56,0.21290099238402957,0,0,0,1,1,1,1,1,0,1,0,0,0,1
0,0,1,0,0.2112676056338028,1,1,0.5700000000000001,0.13512577890606972,1,1,0,0,0,0,0,0,0,0,0,0,1,0
1,0,1,1,0.7605633802816901,1,0,0.020000000000000018,0.12335564274174937,0,0,1,0,0,0,0,0,0,0,0,1,0,0
1,1,0,0,0.26760563380281693,1,1,0.6699999999999999,0.1972074774982691,1,1,0,0,0,0,0,0,1,0,0,1,0,0
0,0,0,0,0.46478873239436624,1,1,0.8800000000000001,0.40745441957073625,1,1,0,0,1,1,0,1,1,0,0,0,1,0
1,0,0,0,0.02816901408450704,1,1,0.36000000000000004,0.014078006000461574,0,0,0,0,0,0,0,1,0,0,0,0,1,0
0,1,1,0,0.9295774647887325,1,1,0.42,0.4732287099007616,0,0,0,1,1,0,1,0,0,1,0,0,0,0
1,0,0,0,0.0,0,0,0.07,0.0008077544426494348,0,0,0,0,0,0,0,0,0,0,0,0,0,0
0,0,1,0,0.5915492957746479,1,0,0.48000000000000004,0.3333717978306024,1,0,0,1,1,0,1,0,0,0,0,0,0,0
1,0,0,0,0.11267605633802817,1,1,0.26,0.0444264943457189,0,0,0,0,0,0,0,0,0,0,0,0,0,0
1,0,0,0,0.35211267605633806,1,1,0.36000000000000004,0.16016616662820218,0,0,0,0,1,1,0,0,0,0,0,1,0,0
1,0,0,0,0.04225352112676056,1,1,0.52,0.0286175859681514,0,1,0,0,0,0,0,0,0,0,0,1,0,0
1,0,0,0,0.8450704225352113,0,0,0.25,0.3090237710593123,0,0,0,1,1,1,1,0,0,1,0,1,0,0
1,1,0,0,0.9859154929577465,1,0,0.8600000000000001,0.8533348719132241,1,1,0,0,0,1,0,1,1,0,1,0,0,0
0,1,1,0,0.9014084507042254,1,1,0.8600000000000001,0.7569813062543272,1,1,0,0,1,1,0,1,1,0,0,0,1,0
1,0,0,0,0.19718309859154928,1,0,0.3,0.07073621047772906,1,0,0,0,0,0,0,0,0,0,0,0,0,1
0,0,0,0,0.11267605633802817,1,1,0.6699999999999999,0.089199169166859,1,1,0,0,0,0,0,1,0,0,0,0,1,0
1,0,0,0,0.323943661971831,1,1,0.8,0.2756750519270713,1,1,0,0,0,1,0,1,1,0,0,0,1,0
0,0,1,1,1.0,1,1,0.69,0.7437110546965151,1,0,0,1,1,1,1,1,1,0,1,0,0,0
1,0,0,1,0.9295774647887325,1,1,0.8800000000000001,0.8338333717978306,1,1,0,0,1,0,1,1,1,1,0,0,0,0
1,0,0,0,0.07042253521126761,1,1,0.6100000000000001,0.048003692591737826,1,1,0,1,0,0,0,0,0,0,0,0,1,0
0,1,1,0,0.8169014084507042,1,1,0.6400000000000001,0.5636972074774983,0,1,0,1,1,1,0,0,0,1,0,1,0,0
1,0,1,0,0.23943661971830985,1,0,0.020000000000000018,0.04061850911608585,0,0,1,0,0,0,0,0,0,0,1,0,0,1
1,0,0,0,0.323943661971831,1,0,0.07,0.06173551811677821,1,0,1,0,0,0,0,0,0,0,1,1,0,0
0,0,1,1,0.28169014084507044,1,0,0.8600000000000001,0.2468266789753058,1,1,0,0,1,1,0,1,1,0,0,0,1,0
1,0,0,0,0.323943661971831,1,1,0.76,0.26136625894299564,0,1,0,1,0,0,0,1,1,0,0,0,1,0
0,0,1,1,0.8309859154929577,1,0,0.72,0.6271636279713824,0,1,0,0,1,1,0,1,0,1,0,0,1,0
1,0,1,0,0.8169014084507042,1,0,0.0,0.11989383798753751,0,0,1,0,0,0,0,0,0,0,1,0,0,0
0,0,0,0,0.6338028169014085,1,0,0.010000000000000009,0.1025848142164782,0,0,1,0,0,0,0,0,0,0,1,0,1,0
1,0,1,1,0.1267605633802817,1,1,0.47000000000000003,0.07408262174013386,0,0,0,0,1,1,0,0,1,1,0,0,0,1
0,1,1,0,0.676056338028169,1,0,0.72,0.5226171243941842,1,1,0,0,1,0,0,0,1,0,0,1,0,0
1,1,0,0,0.4084507042253521,1,1,0.81,0.3402954073390261,1,1,0,0,1,0,0,1,1,0,0,0,1,0
0,0,1,0,0.6901408450704226,1,1,0.8,0.5585045003461805,1,1,0,0,1,0,0,1,1,1,0,0,1,0
1,0,0,0,0.36619718309859156,1,1,0.77,0.297369028386799,1,1,0,0,0,0,0,1,1,0,0,0,0,0
1,0,1,0,0.676056338028169,1,0,0.020000000000000018,0.11700900069236096,0,0,1,0,0,0,0,0,0,1,0,1,0,0
1,1,0,0,0.04225352112676056,1,1,0.7,0.04084929609969998,1,1,0,0,0,1,0,0,1,0,0,0,1,0
0,0,1,1,1.0,1,1,0.010000000000000009,0.16108931456265868,0,0,1,0,0,0,0,0,0,0,1,1,0,0
1,0,0,0,0.4366197183098592,1,0,0.010000000000000009,0.06992845603507963,0,0,1,0,0,0,0,0,0,1,0,0,0,0
0,0,0,0,0.295774647887324,1,0,0.6500000000000001,0.2055158089083776,1,1,0,0,0,0,0,0,1,0,0,0,1,0
1,0,1,1,0.22535211267605634,1,1,0.8600000000000001,0.1990537733671821,1,1,0,1,0,1,0,1,1,0,0,0,1,0
1,1,1,0,0.46478873239436624,1,0,0.46,0.24094161089314564,0,0,0,0,0,1,1,1,0,1,0,0,0,0
1,1,0,0,0.014084507042253521,1,1,0.5700000000000001,0.01615508885298869,1,1,0,0,0,0,0,0,0,0,0,0,0,1
0,0,0,0,0.014084507042253521,1,0,0.31,0.009116085852757905,0,0,0,0,1,0,0,0,0,0,0,0,0,1
0,0,1,0,0.971830985915493,1,0,0.6100000000000001,0.635818139856912,1,0,0,1,1,1,1,1,0,1,0,0,0,0
1,0,1,1,0.9295774647887325,1,1,0.51,0.5304638818370644,1,0,0,0,0,1,1,0,1,0,1,0,0,0
0,1,1,0,0.676056338028169,1,0,0.31,0.2746365105008078,0,0,0,0,1,0,0,0,0,0,1,0,0,1
1,0,1,1,0.014084507042253521,1,1,0.53,0.013501038541426265,0,1,0,0,0,0,0,0,0,0,0,0,1,0
1,0,0,0,0.971830985915493,1,0,0.6100000000000001,0.6428571428571428,0,0,0,1,0,1,1,1,1,0,1,0,0,0
0,0,0,0,0.11267605633802817,1,1,0.26,0.038079852296330485,0,0,0,0,0,0,0,0,0,0,0,0,0,1
0,0,1,1,0.4084507042253521,1,0,0.6699999999999999,0.2874451880913917,1,1,0,0,0,0,0,1,0,0,0,0,1,0
1,0,1,1,0.7323943661971831,1,0,0.020000000000000018,0.13016385875836603,0,0,1,0,0,0,0,0,0,0,1,0,0,1
0,1,0,0,0.014084507042253521,0,1,0.06,0.0033464112624048007,0,0,0,0,0,0,0,0,0,0,0,0,0,1
0,0,0,0,0.26760563380281693,1,0,0.010000000000000009,0.04581121624740365,0,0,1,0,0,0,0,0,0,0,0,0,0,1
1,1,1,0,0.971830985915493,1,1,0.8700000000000001,0.8281790906992845,1,1,0,0,1,0,1,1,1,1,0,0,0,0
1,0,0,0,0.02816901408450704,1,1,0.52,0.024348026771290103,0,1,0,0,0,0,0,0,0,0,0,0,1,0
0,0,1,1,0.295774647887324,1,1,0.49000000000000005,0.17609046849757676,0,0,0,1,0,1,1,1,0,1,0,0,0,0
1,0,0,0,0.49295774647887325,1,1,0.76,0.40930071543964924,0,1,0,0,1,0,0,1,1,0,0,1,0,0
1,0,1,0,0.7887323943661972,0,1,0.39999999999999997,0.3945303484883453,0,0,0,1,1,1,0,1,1,0,0,0,0,0
1,0,0,0,0.0,0,0,0.12,0.0013847219016847449,0,0,0,0,0,0,1,0,0,0,0,0,0,1
0,0,1,0,0.1267605633802817,1,1,0.6100000000000001,0.09681513962612509,0,1,0,0,0,0,0,1,0,0,0,0,1,0
0,0,1,1,0.9295774647887325,1,1,0.51,0.5348488345257327,1,0,0,1,1,1,1,0,0,1,0,1,0,0
1,0,0,0,0.647887323943662,1,1,0.8800000000000001,0.5895453496422801,1,1,0,0,1,1,0,1,1,0,0,0,1,0
1,0,1,0,0.3802816901408451,1,0,0.71,0.27867528271405495,0,1,0,0,1,1,0,0,1,0,0,1,0,0
1,1,0,0,0.22535211267605634,1,1,0.6400000000000001,0.16755135010385416,1,1,0,0,0,1,0,0,0,0,0,1,0,0
0,0,0,0,0.0,1,1,0.32,0.003692591737825987,0,0,0,1,0,0,0,0,0,0,0,0,0,1
1,0,0,0,0.02816901408450704,1,1,0.37000000000000005,0.020540041541657054,0,0,0,0,0,0,0,0,1,0,0,0,1,0
0,0,0,0,0.02816901408450704,1,0,0.5700000000000001,0.02204015693514886,1,1,0,0,0,0,0,0,0,0,0,0,0,1
1,0,0,0,0.3943661971830986,0,1,0.12,0.09669974613431803,0,0,0,0,1,0,0,0,0,0,0,0,1,0
0,1,0,0,0.07042253521126761,1,1,0.6100000000000001,0.05527348257558274,0,1,0,0,0,0,0,1,0,0,0,0,1,0
1,0,1,0,0.647887323943662,1,1,0.48000000000000004,0.34652665589660747,0,0,0,1,0,1,0,1,0,1,0,1,0,0
0,0,0,0,0.04225352112676056,1,1,0.72,0.04038772213247173,1,1,0,0,1,0,0,0,1,0,0,0,1,0
0,1,0,0,0.4084507042253521,1,1,0.72,0.297369028386799,1,1,0,1,0,0,0,0,1,0,0,1,0,0
0,0,1,1,0.0,1,0,0.56,0.006462035541195477,0,1,0,0,1,0,0,0,0,0,0,1,0,0
1,0,1,0,0.014084507042253521,1,1,0.8600000000000001,0.025848142164781908,1,1,0,0,0,1,1,1,1,0,0,0,1,0
0,0,1,1,0.7605633802816901,1,0,0.010000000000000009,0.11631663974151858,0,0,1,0,0,0,0,0,0,1,0,0,0,1
0,0,0,0,0.14084507042253522,0,1,0.23000000000000004,0.052157858296792065,0,0,0,0,0,1,0,1,0,1,0,0,1,0
0,0,1,1,0.5492957746478874,0,0,0.42,0.2804061850911609,0,0,0,0,1,1,1,1,1,1,0,0,0,1
1,0,0,1,0.5492957746478874,1,1,0.46,0.28179090699284565,0,0,0,1,0,0,1,1,0,0,0,1,0,0
0,1,1,0,0.49295774647887325,1,1,0.6599999999999999,0.34652665589660747,1,1,0,0,0,0,0,0,1,0,0,0,1,0
0,1,1,0,0.9295774647887325,1,0,0.8400000000000001,0.8044080313870298,1,1,0,0,1,0,1,1,1,0,1,0,0,0
0,0,1,0,0.25352112676056343,1,1,0.7,0.1908608354488807,1,1,0,1,1,0,1,0,0,0,0,1,0,0
1,0,0,1,0.16901408450704225,0,0,0.12,0.0420032310177706,0,0,0,0,1,0,0,0,0,0,0,0,1,0
1,0,1,0,0.647887323943662,1,1,0.8200000000000001,0.5410800830833141,1,1,0,0,0,1,0,1,1,0,0,0,1,0
0,1,1,0,0.3098591549295775,1,1,0.72,0.24221093930302331,0,1,0,0,0,0,0,1,1,0,0,0,1,0
1,0,0,0,0.4084507042253521,1,1,0.76,0.30233094853450265,0,1,0,0,0,0,1,1,1,1,0,0,0,0
0,0,0,0,0.02816901408450704,0,1,0.10999999999999999,0.007039003000230788,0,0,0,0,1,0,0,0,0,0,0,0,1,0
0,0,0,0,0.7042253521126761,1,1,0.76,0.5560812370182322,1,1,0,1,1,0,0,1,0,1,0,0,1,0
0,0,0,0,0.18309859154929578,1,0,0.010000000000000009,0.03254096468959151,0,0,1,0,0,0,0,0,0,0,0,1,0,0
0,0,1,1,0.8591549295774649,1,0,0.6799999999999999,0.5996999769213016,0,0,0,1,1,1,1,1,1,0,1,0,1,0
1,0,1,0,0.6619718309859155,0,1,0.27,0.24544195707362107,0,0,0,1,0,1,0,0,1,0,0,0,0,0
1,0,0,0,0.8169014084507042,1,0,0.06,0.1702054004154166,1,0,1,0,0,0,0,0,0,0,1,0,1,0
0,0,0,0,0.11267605633802817,1,1,0.5,0.06438956842834065,0,0,0,1,0,1,1,0,1,0,0,0,0,0
0,1,0,0,0.16901408450704225,1,1,0.72,0.13651050080775445,0,1,0,0,0,0,0,1,1,0,0,0,1,0
0,0,1,1,0.971830985915493,1,1,0.6200000000000001,0.6441264712670205,0,0,0,1,1,1,0,1,1,0,1,1,0,0
1,0,1,1,0.9859154929577465,1,0,0.73,0.7240941610893146,1,0,0,1,1,1,1,1,1,0,1,0,0,1
0,1,0,0,0.26760563380281693,1,0,0.53,0.15820447726748213,0,1,0,0,0,0,0,0,0,0,0,1,0,0
0,0,1,1,0.0,1,0,0.010000000000000009,0.00011539349180706218,0,0,1,0,0,0,0,0,0,0,0,0,0,0
1,0,1,0,1.0,1,1,0.6599999999999999,0.6977844449573044,1,0,0,1,0,1,1,1,1,0,1,0,0,0
0,0,1,1,0.4366197183098592,1,0,0.0,0.06865912762520195,0,0,1,0,0,0,0,0,0,0,1,0,0,1
1,0,0,0,0.5352112676056339,0,1,0.32,0.22997922917147476,0,0,0,0,0,1,0,1,1,0,0,0,1,0
1,1,1,1,0.8450704225352113,1,1,0.47000000000000003,0.45545811216247406,1,0,0,0,0,1,0,1,0,1,0,0,1,0
0,0,1,0,0.9154929577464789,1,1,0.8700000000000001,0.8210246942072467,1,1,0,0,1,1,0,1,1,0,0,1,0,0
1,0,1,1,0.971830985915493,1,0,0.6200000000000001,0.6460881606277405,1,0,0,1,1,1,1,1,0,0,1,0,1,0
1,0,1,1,0.9154929577464789,1,0,0.9100000000000001,0.8151396261250865,1,1,0,1,1,1,0,1,1,0,1,0,0,0
0,0,0,0,0.26760563380281693,1,1,0.33,0.1159704592660974,0,0,0,0,1,0,0,0,0,0,0,0,0,1
0,0,0,1,0.07042253521126761,1,1,0.020000000000000018,0.009231479344564968,0,0,1,0,0,0,0,0,0,0,0,0,0,1
0,0,0,0,0.647887323943662,1,0,0.8200000000000001,0.5366951303946457,1,1,0,1,1,0,1,1,0,0,0,0,0,1
1,0,1,1,0.4507042253521127,1,0,0.06,0.09023771059312256,1,0,1,0,0,0,0,0,0,1,0,1,0,0
1,1,1,1,0.15492957746478872,0,1,0.10999999999999999,0.038887606738979924,0,0,0,0,0,0,1,0,0,0,0,0,0,1
0,0,0,1,0.4084507042253521,1,0,0.46,0.22051696284329567,0,0,0,0,1,1,0,1,0,1,0,1,0,0
1,1,0,0,0.47887323943661975,0,1,0.21000000000000002,0.1633971843987999,0,0,0,0,0,1,0,1,0,0,0,0,1,0
1,1,0,0,0.3802816901408451,1,1,0.8800000000000001,0.3616432033233326,1,1,0,0,1,1,0,1,1,0,0,0,1,0
0,1,1,0,1.0,1,1,0.55,0.6128548349873066,1,0,0,0,0,1,0,1,1,0,1,1,0,0
0,0,1,0,0.943661971830986,1,0,0.07,0.18589891530117703,1,0,1,0,0,0,0,0,0,0,1,1,0,0
1,0,0,1,0.46478873239436624,1,1,0.98,0.4532656358181399,1,1,0,1,1,1,1,1,1,0,1,1,0,0
1,0,1,1,0.8450704225352113,1,1,0.81,0.691437802907916,1,1,0,0,1,0,0,1,1,0,0,0,1,0
0,0,0,0,0.07042253521126761,1,1,0.51,0.04811908608354489,0,1,0,0,0,0,0,0,0,0,0,0,1,0
1,0,0,0,0.0,1,0,0.020000000000000018,0.00023078698361412436,0,0,1,0,0,0,0,0,0,0,0,0,0,1
0,0,1,0,0.8450704225352113,1,1,0.78,0.6525501961689361,1,1,0,0,0,0,0,1,1,1,0,0,0,0
1,0,1,0,0.9577464788732395,1,1,0.08000000000000002,0.20136164320332334,1,0,1,0,0,0,0,0,0,1,0,0,1,0
1,0,1,0,0.7323943661971831,1,0,0.010000000000000009,0.11216247403646436,0,0,1,0,0,0,0,0,0,1,0,1,0,0
0,0,0,0,0.0,1,0,0.010000000000000009,0.00011539349180706218,0,0,1,0,0,0,0,0,0,0,0,0,0,1
1,0,1,1,0.7605633802816901,1,1,0.5700000000000001,0.48407569813062545,1,0,0,1,1,0,1,1,0,1,0,1,0,0
0,0,1,0,0.9859154929577465,1,1,0.9000000000000001,0.8852988691437803,1,1,0,0,1,1,1,1,1,0,1,1,0,0
0,0,0,0,0.9295774647887325,1,0,0.020000000000000018,0.16293561043157168,0,0,1,0,0,0,0,0,0,0,1,0,0,0
0,0,0,0,0.28169014084507044,1,0,0.5700000000000001,0.17909069928456037,1,1,0,0,0,0,0,0,0,0,0,0,0,1
0,0,0,0,0.09859154929577466,1,1,0.36000000000000004,0.048465266558966075,0,0,0,0,0,0,0,0,1,0,0,1,0,0
0,0,0,0,0.7042253521126761,1,0,0.6200000000000001,0.48742210939303027,1,1,0,0,0,1,0,0,0,0,0,1,0,0
1,0,1,0,0.8450704225352113,1,0,0.06,0.16143549503807986,1,0,1,0,0,0,0,0,0,0,1,0,0,1
0,0,1,1,0.11267605633802817,0,1,0.10999999999999999,0.02654050311562428,0,0,0,0,1,0,0,0,0,0,0,0,1,0
0,0,1,1,0.8873239436619719,1,1,0.010000000000000009,0.14493422570967,0,0,1,0,0,0,0,0,0,0,1,0,0,0
0,0,1,1,0.26760563380281693,0,1,0.21000000000000002,0.09312254788829911,0,0,0,1,0,1,1,0,0,0,1,1,0,0
0,0,1,1,0.295774647887324,1,1,0.6000000000000001,0.18982229402261713,1,0,0,0,0,1,1,1,1,1,0,0,0,1
0,0,0,1,0.0,1,0,0.51,0.005885068082160166,0,1,0,0,0,0,0,0,0,0,0,0,0,0
1,0,1,1,0.18309859154929578,1,1,0.010000000000000009,0.029309946918993766,0,0,1,0,0,0,0,0,0,1,0,0,0,1
0,1,1,0,0.9577464788732395,0,0,0.38000000000000006,0.45395799676898224,0,0,0,1,1,0,0,1,1,0,1,1,0,0
0,1,1,0,0.5211267605633804,1,1,0.8400000000000001,0.4605354258019848,1,1,0,0,1,1,0,1,1,0,0,0,1,0
0,1,0,0,0.7464788732394366,0,1,0.37000000000000005,0.340180013847219,0,0,0,0,1,1,0,1,1,1,0,0,1,0
0,0,1,1,0.4084507042253521,1,1,0.76,0.3254096468959151,1,1,0,1,1,0,0,1,0,0,0,0,1,0
0,0,0,0,0.014084507042253521,1,1,0.010000000000000009,0.001500115393491807,0,0,1,0,0,0,0,0,0,0,0,0,1,0
0,0,1,1,0.1267605633802817,1,0,0.31,0.05273482575582737,0,0,0,0,1,0,0,0,0,1,0,0,0,1
0,0,0,0,0.14084507042253522,1,1,0.55,0.10477729056081238,0,1,0,0,0,0,1,0,0,0,0,0,1,0
1,0,1,0,0.5492957746478874,1,1,0.6000000000000001,0.35864297253634897,1,1,0,0,0,0,1,0,0,0,0,1,0,0
0,0,0,0,0.25352112676056343,0,1,0.07,0.05192707131317794,0,0,0,0,0,0,0,0,0,0,0,0,0,0
0,0,1,1,0.323943661971831,1,0,0.36000000000000004,0.15231940918532197,1,0,0,1,0,0,0,0,0,0,0,0,1,0
1,0,0,1,0.02816901408450704,1,1,0.46,0.01834756519732287,0,0,0,1,0,0,1,0,1,0,0,0,0,0
1,0,0,0,0.16901408450704225,1,1,0.78,0.14147242095545812,1,1,0,1,1,0,0,1,0,0,0,0,1,0
0,0,1,1,0.943661971830986,1,1,0.8300000000000001,0.7791368566812832,1,1,0,0,1,0,0,1,1,1,0,1,0,0
1,0,0,0,1.0,1,0,0.9700000000000002,0.9678052157858297,1,1,0,1,1,1,1,1,1,0,1,1,0,0
0,0,0,0,0.8028169014084507,1,1,0.010000000000000009,0.11735518116778215,0,0,1,0,0,0,0,0,0,0,1,0,0,0
0,0,1,1,0.22535211267605634,1,0,0.6200000000000001,0.1594738056773598,0,1,0,0,0,0,0,1,0,0,0,0,1,0
1,1,0,0,0.676056338028169,1,0,0.8300000000000001,0.5829679206092776,1,1,0,1,0,0,0,1,1,0,0,1,0,0
0,0,1,1,0.08450704225352114,1,0,0.3,0.03715670436187399,0,0,0,0,0,1,0,0,0,0,0,0,1,0
1,0,0,0,0.15492957746478872,1,0,0.010000000000000009,0.02411723978767598,0,0,1,0,0,0,0,0,0,0,0,0,0,0
1,0,0,0,0.971830985915493,1,0,0.9700000000000002,0.9357258250634665,1,1,0,1,1,1,1,1,1,1,0,1,0,0
0,0,1,0,0.49295774647887325,0,0,0.17000000000000004,0.14989614585737365,0,0,0,1,0,1,0,0,0,1,0,0,0,1
1,0,0,0,0.23943661971830985,1,1,0.6699999999999999,0.1771290099238403,1,1,0,0,0,0,0,1,0,0,0,0,1,0
1,0,0,0,0.1267605633802817,0,1,0.10999999999999999,0.03242557119778444,0,0,0,0,0,0,1,0,0,0,1,0,0,1
1,0,1,0,0.02816901408450704,1,0,0.020000000000000018,0.006231248557581353,0,0,1,0,0,0,0,0,0,0,0,0,0,1
0,0,1,0,0.8450704225352113,1,1,0.8700000000000001,0.7227094391876298,1,1,0,0,1,1,0,1,1,0,0,0,1,0
1,0,1,1,0.5492957746478874,1,0,0.020000000000000018,0.08758366028156013,0,0,1,0,0,0,0,0,0,0,1,0,0,0
1,1,0,0,0.7887323943661972,1,0,0.51,0.4598430648511424,0,0,0,1,0,1,1,1,0,0,1,0,0,0
1,0,0,0,0.056338028169014086,0,1,0.32,0.024348026771290103,0,0,0,0,1,0,0,1,1,0,0,1,0,0
0,0,1,0,0.5492957746478874,1,1,0.8800000000000001,0.4800369259173783,1,1,0,0,1,1,0,1,1,1,0,0,0,0
0,0,1,1,0.0,1,1,0.51,0.005885068082160166,0,1,0,0,0,0,0,0,0,0,0,1,0,0
0,0,0,0,0.11267605633802817,1,1,0.6699999999999999,0.08539118393722595,1,1,0,0,0,0,0,1,0,0,0,0,1,0
1,0,0,0,0.7464788732394366,1,1,0.8200000000000001,0.6093930302330949,0,1,0,1,1,0,0,1,1,1,0,1,0,0
0,0,0,0,0.09859154929577466,1,1,0.76,0.08712208631433188,1,1,0,0,1,1,0,1,0,0,0,0,1,0
0,0,0,0,0.0,1,0,0.36000000000000004,0.004154165705054235,1,0,0,0,0,1,0,0,0,0,0,0,1,0
1,1,1,0,1.0,1,1,0.98,0.9530348488345257,1,1,0,1,1,1,1,1,1,0,1,1,0,0
1,0,1,1,0.9295774647887325,1,0,0.56,0.5596584352642511,1,0,0,1,1,0,1,1,0,0,1,1,0,0
0,0,0,1,0.676056338028169,1,1,0.9100000000000001,0.6083544888068313,1,1,0,1,1,1,0,1,1,1,0,1,0,0
1,1,1,0,1.0,1,0,0.6000000000000001,0.6443572582506346,1,1,0,1,0,0,0,0,0,0,1,0,0,0
1,0,1,1,0.8591549295774649,1,1,0.9200000000000002,0.7872144011077775,1,1,0,0,1,1,1,1,1,1,0,0,1,0
1,0,1,0,0.16901408450704225,1,0,0.76,0.13812600969305333,1,1,0,0,1,1,0,1,0,0,0,0,1,0
1,0,0,0,0.08450704225352114,1,0,0.44,0.04615739672282483,0,0,0,0,0,1,1,0,1,0,0,0,0,0
0,0,0,0,0.7746478873239437,1,0,0.06,0.1518578352180937,1,0,1,0,0,0,0,0,0,1,0,0,1,0
0,1,0,0,0.18309859154929578,1,1,0.77,0.14481883221786293,1,1,0,0,0,0,0,1,1,0,0,0,1,0
0,0,1,1,0.8169014084507042,1,0,0.010000000000000009,0.13501038541426263,0,0,1,0,0,0,0,0,0,0,1,0,0,1
0,0,0,0,0.8591549295774649,1,0,0.51,0.486845141933995,1,0,0,1,1,1,1,0,0,0,1,0,0,0
0,0,0,0,0.0,1,1,0.27,0.0031156242787906763,0,0,0,0,0,0,0,0,0,0,0,0,0,0
0,1,0,0,0.04225352112676056,1,0,0.51,0.028040618509116086,0,1,0,0,0,0,0,0,0,0,0,0,1,0
0,0,0,0,0.1267605633802817,1,1,0.8,0.12070159243018695,0,1,0,1,0,1,0,1,1,1,0,0,1,0
0,0,0,0,0.0,1,1,0.37000000000000005,0.004269559196861297,0,0,0,0,0,0,0,0,1,0,0,0,1,0
1,1,0,0,0.0,1,1,0.6699999999999999,0.007731363951073159,1,1,0,0,0,0,0,0,1,0,0,0,1,0
0,0,1,0,0.7746478873239437,0,1,0.36000000000000004,0.3393722594045696,0,0,0,0,0,1,1,1,1,1,0,0,0,0
0,0,0,0,0.18309859154929578,1,1,0.020000000000000018,0.03242557119778444,0,0,1,0,0,0,0,0,0,0,0,0,1,0
0,0,1,1,0.16901408450704225,0,0,0.22000000000000003,0.06600507731363951,0,0,0,1,1,0,1,0,0,0,1,0,0,1
0,0,0,0,0.5352112676056339,1,0,0.5700000000000001,0.3460650819293792,1,1,0,0,0,0,0,0,0,0,0,0,1,0
0,0,1,1,0.0,1,1,0.6300000000000001,0.007269789983844912,0,1,0,0,0,0,0,0,1,0,0,0,1,0
0,0,0,0,0.4084507042253521,1,1,0.77,0.32702515578121394,1,1,0,1,1,1,1,0,0,0,0,1,0,0
1,0,1,0,0.9859154929577465,1,1,0.07,0.2057465958919917,1,0,1,0,0,0,0,0,0,0,1,1,0,0
0,0,1,0,0.647887323943662,1,1,0.9100000000000001,0.589199169166859,1,1,0,0,1,1,1,1,1,0,0,0,1,0
1,1,0,0,0.3098591549295775,1,1,0.5700000000000001,0.1875144241864759,0,1,0,1,0,0,0,0,0,0,0,0,0,0
0,0,1,1,1.0,1,1,0.07,0.20447726748211403,1,0,1,0,0,0,0,0,0,0,1,1,0,0
0,0,0,0,0.0,1,0,0.32,0.003692591737825987,1,0,0,0,0,0,0,0,0,0,0,0,0,1
1,0,0,0,0.02816901408450704,1,1,0.010000000000000009,0.004731133164089546,0,0,1,0,0,0,0,0,0,0,0,0,0,1
1,0,0,0,0.6901408450704226,1,1,0.010000000000000009,0.11712439418416802,0,0,1,0,0,0,0,0,0,1,0,0,0,1
1,1,1,0,0.0,1,1,0.8200000000000001,0.009462266328179092,1,1,0,0,0,1,0,1,1,0,0,0,1,0
1,0,1,1,0.02816901408450704,0,0,0.22000000000000003,0.008539118393722595,0,0,0,0,1,0,0,0,1,0,0,0,0,1
1,0,0,0,0.0,1,0,0.26,0.003000230786983614,0,0,0,0,0,0,0,0,0,0,0,0,0,1
0,0,1,1,0.04225352112676056,1,1,0.020000000000000018,0.0068082160166166635,0,0,1,0,0,0,0,0,0,0,0,0,0,1
1,0,0,0,0.8591549295774649,1,1,0.07,0.17828294484191093,1,0,1,0,0,0,0,0,0,0,1,1,0,0
0,0,1,0,1.0,1,0,0.07,0.20528502192476344,1,0,1,0,0,0,0,0,0,0,1,0,0,1
1,0,0,0,0.15492957746478872,1,1,0.6699999999999999,0.11089314562658667,0,1,0,1,0,0,0,1,0,1,0,1,0,0
1,0,1,1,0.14084507042253522,1,0,0.020000000000000018,0.024809600738518352,0,0,1,0,0,0,0,0,0,1,0,0,0,1
0,0,0,0,0.0,1,0,0.6100000000000001,0.007039003000230788,0,1,0,0,0,0,0,0,1,0,0,0,1,0
0,0,1,0,0.943661971830986,1,1,0.8200000000000001,0.7772905608123701,0,1,0,0,1,0,1,1,1,1,0,0,1,0
1,1,0,0,0.014084507042253521,1,1,0.51,0.013039464574198016,0,1,0,0,0,0,0,0,0,0,0,0,1,0
0,1,0,0,0.09859154929577466,1,1,0.51,0.06277405954304179,0,1,0,0,0,0,0,0,0,0,0,1,0,0
0,0,1,0,0.6901408450704226,1,0,0.81,0.5816985921993999,1,1,0,0,0,0,1,1,1,1,0,0,1,0
0,0,0,0,0.08450704225352114,1,1,0.010000000000000009,0.01488576044311101,0,0,1,0,0,0,0,0,0,0,0,0,0,1
0,0,0,0,0.08450704225352114,1,0,0.78,0.07165935841218556,1,1,0,0,0,0,0,1,1,0,0,0,1,0
0,0,1,1,0.5211267605633804,1,0,0.6000000000000001,0.3281790906992846,1,0,0,0,1,1,0,1,1,1,0,1,0,0
1,0,1,1,0.7464788732394366,1,1,0.6799999999999999,0.5199630740826218,1,0,0,0,1,1,1,1,1,0,0,0,1,0
0,1,1,0,0.6056338028169015,1,1,0.010000000000000009,0.09566120470805448,0,0,1,0,0,0,0,0,0,0,1,1,0,0
0,0,1,1,0.7605633802816901,1,0,0.020000000000000018,0.13374105700438496,0,0,1,0,0,0,0,0,0,0,1,0,0,1
0,0,0,0,0.0,1,0,0.010000000000000009,0.00011539349180706218,0,0,1,0,0,0,0,0,0,0,0,0,1,0
1,0,0,1,0.3802816901408451,1,0,0.020000000000000018,0.059658435264251096,0,0,1,0,0,0,0,0,0,0,0,0,0,1
1,1,0,0,0.014084507042253521,1,1,0.52,0.013962612508654512,0,1,0,0,0,0,0,0,0,0,0,0,1,0
0,0,1,1,0.6901408450704226,1,0,0.5700000000000001,0.4623817216708978,0,0,0,1,0,0,1,1,1,1,0,0,1,0
0,1,0,0,0.8873239436619719,1,1,0.8500000000000001,0.7535195015001154,1,1,0,1,1,0,0,1,1,0,0,0,0,0
1,0,0,1,0.2112676056338028,1,1,0.6100000000000001,0.14378029079159937,1,1,0,0,0,0,1,0,0,1,0,1,0,0
1,1,0,0,0.04225352112676056,1,1,0.6000000000000001,0.03161781675513501,0,1,0,0,0,0,0,1,0,0,0,0,1,0
1,0,1,0,0.04225352112676056,1,0,0.020000000000000018,0.007039003000230788,0,0,1,0,0,0,0,0,0,1,0,0,0,0
0,1,1,0,0.9014084507042254,1,1,0.8200000000000001,0.7680590814678052,1,1,0,1,0,0,0,1,1,1,0,0,1,0
1,0,0,0,0.07042253521126761,1,1,0.31,0.02873297945995846,0,0,0,0,0,0,1,0,0,0,0,0,0,0
1,0,0,1,0.014084507042253521,1,0,0.020000000000000018,0.002307869836141242,0,0,1,0,0,0,0,0,0,1,0,0,0,0
1,1,1,1,0.8309859154929577,1,1,0.56,0.5121163166397414,0,0,0,1,1,1,1,0,1,1,0,1,0,0
1,0,1,1,0.3943661971830986,1,0,0.08000000000000002,0.07777521347795985,1,0,1,0,0,0,0,0,0,0,1,0,0,1
0,0,0,0,0.04225352112676056,1,1,0.27,0.020886222017078238,0,0,0,0,0,0,0,0,0,0,0,0,1,0
1,0,1,1,0.056338028169014086,0,1,0.12,0.017193630279252248,0,0,0,0,1,0,0,0,0,0,0,0,1,0
0,0,0,0,0.0,1,0,0.33,0.0038079852296330485,0,0,0,1,0,0,0,0,0,0,0,0,0,1
0,1,0,0,0.26760563380281693,1,1,0.6599999999999999,0.19928456035079622,1,1,0,0,0,0,0,1,0,0,0,0,1,0
1,0,1,1,1.0,1,0,0.56,0.62450957765982,1,0,0,1,1,0,1,1,0,0,1,0,0,1
1,0,1,0,0.6901408450704226,1,0,0.5700000000000001,0.44518809139164556,1,0,0,0,0,1,0,1,1,1,0,0,0,0
1,0,1,0,0.14084507042253522,1,1,0.81,0.11977844449573045,1,1,0,0,0,1,0,1,1,0,0,0,1,0
0,0,1,1,0.26760563380281693,1,0,0.020000000000000018,0.04408031387029772,0,0,1,0,0,0,0,0,0,0,1,0,0,1
0,0,1,1,0.47887323943661975,1,0,0.020000000000000018,0.08550657742903302,0,0,1,0,0,0,0,0,0,0,1,0,0,0
1,0,1,1,0.02816901408450704,1,1,0.6200000000000001,0.025732748672974842,0,1,0,0,1,0,1,0,0,0,0,0,1,0
1,0,0,0,0.014084507042253521,1,0,0.42,0.010731594738056774,0,0,0,0,0,1,0,0,1,0,0,0,1,0
0,0,0,0,0.0,1,1,0.52,0.006000461573967228,0,1,0,0,0,0,0,0,0,0,0,0,1,0
1,0,1,0,1.0,1,1,0.9200000000000002,0.9073390260789291,1,1,0,1,0,1,1,1,1,0,1,1,0,0
1,0,0,0,0.4225352112676057,1,1,0.71,0.3217170551580891,1,1,0,0,0,1,0,0,1,0,0,0,1,0
1,0,0,0,0.1267605633802817,1,1,0.020000000000000018,0.01950150011539349,0,0,1,0,0,0,0,0,0,0,0,0,0,1
0,0,1,0,0.971830985915493,1,1,0.5800000000000001,0.6082390953150242,1,0,0,1,0,0,1,1,1,0,1,1,0,0
0,0,0,0,0.14084507042253522,1,1,0.020000000000000018,0.0252711747057466,0,0,1,0,0,0,0,0,0,0,0,1,0,0
0,0,0,0,0.056338028169014086,1,1,0.6200000000000001,0.043849526886683594,0,1,0,0,0,0,0,1,0,0,0,0,0,1
0,0,0,0,0.0,1,1,0.26,0.003000230786983614,0,0,0,0,0,0,0,0,0,0,0,0,0,1
1,0,0,0,0.295774647887324,1,1,0.5800000000000001,0.2036695130394646,1,1,0,0,0,0,0,0,0,1,0,1,0,0
1,1,1,0,0.5774647887323944,1,1,0.77,0.4514193399492269,1,1,0,0,1,1,0,1,0,0,0,0,1,0
0,0,1,1,0.5633802816901409,1,0,0.010000000000000009,0.09000692360950843,0,0,1,0,0,0,0,0,0,1,0,0,0,0
0,0,1,1,0.6901408450704226,0,1,0.21000000000000002,0.23113316408954537,0,0,0,1,0,0,0,1,0,0,0,1,0,0
1,0,0,0,0.4084507042253521,1,0,0.8800000000000001,0.36845141933994924,1,1,0,1,0,0,1,1,1,0,0,0,0,0
1,0,0,0,0.33802816901408456,0,0,0.43,0.1756288945303485,0,0,0,1,1,1,0,1,1,1,0,0,1,0
1,0,0,0,0.6901408450704226,0,0,0.21000000000000002,0.22086314331871684,0,0,0,0,1,1,1,0,0,0,1,1,0,0
1,0,0,0,0.04225352112676056,1,0,0.020000000000000018,0.007385183475651974,0,0,1,0,0,0,0,0,0,0,0,1,0,0
0,0,0,0,0.02816901408450704,1,1,0.27,0.014193399492268636,0,0,0,0,0,0,0,0,0,0,0,0,1,0
0,0,0,0,0.295774647887324,1,1,0.77,0.24740364643434112,1,1,0,0,0,0,0,1,1,0,0,0,1,0
1,0,1,0,0.18309859154929578,1,1,0.6000000000000001,0.12739441495499654,0,1,0,0,0,0,0,0,1,0,0,0,1,0
0,0,0,1,0.0,1,1,0.31,0.003577198246018925,0,0,0,0,0,1,0,0,0,0,0,0,1,0
1,0,1,1,0.1267605633802817,1,0,0.08000000000000002,0.023886452804061854,1,0,1,0,0,0,0,0,0,0,1,1,0,0
1,0,0,0,0.08450704225352114,1,1,0.56,0.058042926378952225,1,0,0,0,0,0,1,1,1,0,0,0,1,0
1,0,0,0,0.8732394366197184,1,0,0.39999999999999997,0.4021463189476114,0,0,0,0,0,1,0,0,1,1,0,1,0,0
0,1,1,0,0.25352112676056343,0,1,0.16000000000000003,0.06450496192014771,0,0,0,0,1,1,0,0,0,0,0,1,0,0
0,0,0,0,0.5915492957746479,1,1,0.42,0.2919455342718671,0,0,0,0,1,0,0,0,1,0,1,0,1,0
0,1,0,0,0.19718309859154928,1,1,0.6100000000000001,0.13131779367643667,0,1,0,0,0,0,0,0,1,0,0,0,1,0
0,1,1,1,0.8450704225352113,1,0,0.81,0.6867066697438264,1,1,0,0,1,0,0,1,1,1,0,0,1,0
0,0,0,0,0.11267605633802817,1,1,0.010000000000000009,0.016847449803831065,0,0,1,0,0,0,0,0,0,1,0,0,1,0
1,0,1,0,0.9859154929577465,1,0,0.6699999999999999,0.7160166166628202,1,0,0,1,1,1,1,1,1,0,1,1,0,0
0,1,0,0,0.14084507042253522,1,1,0.6000000000000001,0.09877682898684516,0,1,0,0,0,0,0,0,1,0,0,0,1,0
0,0,1,1,0.5774647887323944,1,0,0.55,0.3542580198476806,0,0,0,0,0,1,1,1,1,1,0,0,1,0
0,0,0,0,0.7042253521126761,1,0,0.6500000000000001,0.4766905146549735,1,1,0,0,0,0,0,0,1,0,0,0,0,0
1,0,0,0,0.8028169014084507,1,1,0.8900000000000001,0.7285945072697899,1,1,0,1,1,1,0,1,1,1,0,0,1,0
0,0,1,0,0.8450704225352113,1,0,0.07,0.17539810754673438,1,0,1,0,0,0,0,0,0,0,1,0,0,0
0,0,1,0,0.647887323943662,1,0,0.55,0.40433879529194555,0,0,0,0,1,1,0,1,1,0,1,0,1,0
1,0,0,0,0.0,1,0,0.72,0.00830833141010847,0,1,0,0,0,0,0,1,1,0,0,0,1,0
0,0,1,1,0.6901408450704226,1,1,0.8500000000000001,0.6021232402492499,0,1,0,0,1,1,1,1,1,1,0,0,0,0
1,0,1,0,0.8450704225352113,1,0,0.75,0.6741287791368566,0,1,0,1,1,0,1,0,1,1,0,0,0,0
1,0,1,1,0.15492957746478872,1,0,0.07,0.02954073390260789,1,0,1,0,0,0,0,0,0,0,1,1,0,0
0,0,1,1,0.8591549295774649,1,0,0.010000000000000009,0.14147242095545812,0,0,1,0,0,0,0,0,0,1,0,0,0,0
1,0,1,0,0.056338028169014086,1,1,0.5,0.038426032771751675,0,1,0,0,0,0,0,0,0,0,0,0,1,0
1,0,0,0,0.9154929577464789,0,1,0.43,0.4817678282944842,0,0,0,1,0,1,1,1,1,0,1,0,0,0
1,1,0,0,0.5774647887323944,1,0,0.37000000000000005,0.2772905608123702,1,0,0,0,0,1,0,0,0,0,0,0,1,0
0,0,0,0,0.323943661971831,1,1,0.33,0.14504961920147705,0,0,0,1,0,0,0,0,0,0,0,0,1,0
1,0,1,1,0.0,1,1,0.6200000000000001,0.00715439649203785,0,1,0,0,0,0,0,1,0,0,0,0,0,1
0,0,0,0,0.056338028169014086,0,0,0.22000000000000003,0.02365566582044773,0,0,0,1,0,1,1,0,0,0,0,0,0,1
0,1,1,0,1.0,1,1,0.79,0.8210246942072467,1,1,0,0,1,0,0,1,1,1,0,1,0,0
1,1,1,0,1.0,1,1,0.9100000000000001,0.9297253634894992,1,1,0,1,0,1,1,1,1,0,1,0,0,1
1,1,0,0,0.11267605633802817,1,0,0.5700000000000001,0.07142857142857144,0,1,0,0,0,1,0,0,0,0,0,1,0,0
1,0,1,1,0.15492957746478872,1,1,0.020000000000000018,0.024694207246711286,0,0,1,0,0,0,0,0,0,0,0,1,0,0
0,0,0,1,0.8591549295774649,1,1,0.06,0.16097392107085162,1,0,1,0,0,0,0,0,0,0,1,0,0,1
1,0,0,0,0.15492957746478872,1,0,0.020000000000000018,0.0286175859681514,0,0,1,0,0,0,0,0,0,0,0,0,0,1
1,0,1,1,0.4366197183098592,1,0,0.55,0.2651742441726287,0,0,0,1,1,1,1,0,1,0,1,0,0,1
0,0,1,1,0.6901408450704226,1,1,0.020000000000000018,0.10616201246249712,0,0,1,0,0,0,0,0,0,1,0,0,0,1
1,0,1,1,0.07042253521126761,1,0,0.27,0.030810062312485578,0,0,0,0,0,0,0,0,0,0,0,0,0,1
1,0,0,0,0.0,1,1,0.36000000000000004,0.004154165705054235,0,0,0,0,0,0,0,1,0,0,0,0,1,0
1,0,1,1,0.2112676056338028,1,1,0.6100000000000001,0.14412647126702055,1,1,0,0,1,0,0,0,0,0,0,1,0,0
0,0,1,0,0.9577464788732395,0,0,0.42,0.4658435264251097,0,0,0,1,0,1,1,1,1,0,1,0,0,0
0,0,0,0,0.9295774647887325,0,0,0.25,0.35529656127394416,0,0,0,1,0,0,1,1,0,0,1,0,1,0
0,0,0,0,0.3098591549295775,1,1,0.6300000000000001,0.2191322409416109,1,1,0,0,0,1,0,0,0,0,0,0,1,0
1,0,0,0,0.16901408450704225,0,1,0.17000000000000004,0.04938841449342257,0,0,0,0,0,0,0,0,1,0,0,0,1,0
0,1,1,0,0.14084507042253522,1,0,0.010000000000000009,0.022617124394184167,0,0,1,0,0,0,0,0,0,0,0,0,0,1
0,1,0,0,0.07042253521126761,1,0,0.26,0.029771520886222015,0,0,0,0,0,0,0,0,0,0,0,1,0,0
0,0,1,0,0.4225352112676057,1,1,0.6100000000000001,0.2845603507962151,1,0,0,0,0,1,1,1,1,1,0,0,0,1
1,0,1,1,0.4507042253521127,1,1,0.39999999999999997,0.22351719363027928,0,0,0,1,1,1,0,0,0,1,0,0,0,1
1,0,1,0,0.7746478873239437,1,1,0.8,0.6520886222017078,0,1,0,0,0,1,1,1,1,0,0,0,1,0
0,0,0,0,0.7746478873239437,1,1,0.8700000000000001,0.6665128086775906,1,1,0,1,0,0,1,1,1,0,0,0,0,1
1,1,1,0,1.0,1,1,0.9700000000000002,0.972190168474498,1,1,0,1,1,1,1,1,1,0,1,1,0,0
1,0,1,1,0.7887323943661972,1,0,0.35000000000000003,0.35021924763443346,0,0,0,1,1,0,0,0,0,1,0,0,1,0
1,0,0,0,0.18309859154929578,1,1,0.6200000000000001,0.12624048003692592,0,1,0,0,1,0,1,0,0,0,0,1,0,0
0,0,0,0,0.4225352112676057,1,0,0.020000000000000018,0.0681975536579737,0,0,1,0,0,0,0,0,0,0,1,0,0,0
0,0,0,0,0.02816901408450704,1,1,0.25,0.012116316639741519,0,0,0,0,0,0,0,0,0,0,0,0,1,0
1,1,1,1,0.7746478873239437,1,1,0.54,0.46918993768751444,0,0,0,1,0,0,1,1,1,0,1,1,0,0
0,0,1,0,0.9154929577464789,1,1,0.8800000000000001,0.8034848834525733,1,1,0,1,0,1,0,1,1,0,1,1,0,0
0,1,0,0,0.11267605633802817,1,1,0.6500000000000001,0.08908377567505193,1,1,0,0,0,0,0,0,1,0,0,0,1,0
1,0,1,1,0.8169014084507042,1,0,0.07,0.17493653357950614,1,0,1,0,0,0,0,0,0,0,1,0,0,1
0,0,1,0,0.07042253521126761,1,0,0.07,0.017655204246480496,1,0,1,0,0,0,0,0,0,1,0,0,0,1
1,0,0,0,0.3098591549295775,1,1,0.75,0.2680590814678052,1,1,0,0,0,0,0,1,1,0,0,0,1,0
0,0,1,1,0.943661971830986,1,0,0.07,0.19247634433417957,1,0,1,0,0,0,0,0,0,0,1,0,0,1
0,0,0,0,0.6338028169014085,0,0,0.12,0.15716593584121857,0,0,0,0,1,0,0,0,0,0,0,0,0,0
0,0,1,1,0.22535211267605634,1,1,0.51,0.13051003923378723,0,1,0,0,0,0,0,0,0,0,0,0,1,0
0,0,1,0,0.8028169014084507,1,0,0.020000000000000018,0.13466420493884146,0,0,1,0,0,0,0,0,0,0,1,0,0,1
0,0,1,0,0.323943661971831,1,1,0.8300000000000001,0.2738287560581583,1,1,0,0,0,1,0,1,1,0,0,0,1,0
0,0,1,1,0.09859154929577466,1,1,0.33,0.04581121624740365,0,0,0,0,0,1,0,0,0,0,0,0,1,0
1,1,0,0,0.35211267605633806,1,1,0.6000000000000001,0.22940226171243944,0,1,0,0,0,0,0,0,1,0,0,0,1,0
1,0,1,1,0.5774647887323944,1,0,0.04000000000000001,0.11493191783983385,1,0,1,0,0,0,0,0,0,0,1,0,1,0
0,0,0,0,0.295774647887324,1,1,0.51,0.1698592199399954,0,1,0,0,0,0,0,0,0,0,0,0,0,1
1,0,0,0,0.02816901408450704,1,1,0.71,0.025617355181167784,0,1,0,0,0,0,0,1,1,0,0,0,1,0
0,0,0,0,0.22535211267605634,1,1,0.010000000000000009,0.038426032771751675,0,0,1,0,0,0,0,0,0,1,0,0,0,0
0,0,1,1,1.0,1,0,0.07,0.2133625663512578,1,0,1,0,0,0,0,0,0,0,1,1,0,0
1,0,0,0,0.5633802816901409,1,1,0.6100000000000001,0.381029309946919,0,0,0,1,0,1,1,1,1,1,0,0,0,0
0,1,1,0,0.971830985915493,1,0,0.72,0.728709900761597,1,0,0,1,1,1,1,1,1,0,1,1,0,0
1,0,1,1,0.4225352112676057,1,1,0.8600000000000001,0.3721440110777752,1,1,0,0,0,1,1,1,1,0,0,0,1,0
1,1,1,0,0.647887323943662,1,0,0.81,0.5456958227555966,1,1,0,0,0,1,0,1,1,0,0,0,1,0
0,0,0,0,0.5070422535211268,1,1,0.73,0.38668359104546507,1,1,0,1,0,0,0,1,0,0,0,0,1,0
1,0,0,0,0.4366197183098592,1,1,0.9100000000000001,0.4142626355873529,1,1,0,1,0,1,1,1,1,1,0,0,0,0
0,0,1,0,0.7042253521126761,1,1,0.78,0.5646203554119548,1,1,0,1,1,0,0,0,1,1,0,1,0,0
0,0,0,0,1.0,1,1,1.0,0.9841910916224325,1,1,0,1,1,1,1,1,1,0,1,0,1,0
1,1,0,0,0.36619718309859156,1,1,0.6000000000000001,0.24428802215555045,1,1,0,0,0,1,0,0,0,0,0,0,1,0
1,0,0,0,0.22535211267605634,1,0,0.010000000000000009,0.03715670436187399,0,0,1,0,0,0,0,0,0,0,0,1,0,0
0,0,1,1,0.676056338028169,1,1,0.72,0.5165012693284099,0,1,0,0,1,1,0,1,0,0,0,1,0,0
1,0,1,1,0.0,1,1,0.26,0.003000230786983614,0,0,0,0,0,0,0,0,0,0,0,0,0,0
0,0,0,0,0.6901408450704226,1,1,0.72,0.5228479113777983,0,1,0,1,1,1,1,0,0,1,0,1,0,0
1,0,0,0,0.6901408450704226,1,1,0.77,0.5436187399030694,1,1,0,0,0,0,0,1,1,0,0,0,1,0
0,1,0,0,0.056338028169014086,1,1,0.71,0.052965612739441496,0,1,0,0,0,0,0,1,1,0,0,0,1,0
0,0,1,1,0.46478873239436624,0,1,0.26,0.1643203323332564,0,0,0,0,0,1,1,1,0,0,0,0,1,0
0,0,1,1,0.14084507042253522,1,1,0.6100000000000001,0.09808446803600278,0,1,0,0,0,0,0,1,0,0,0,0,0,0
0,0,0,1,0.36619718309859156,1,0,0.010000000000000009,0.05988922224786522,0,0,1,0,0,0,0,0,0,0,0,0,0,1
1,0,0,0,0.056338028169014086,1,1,0.46,0.04061850911608585,1,0,0,0,1,0,0,0,1,0,0,0,1,0
1,0,0,0,0.9295774647887325,1,0,0.020000000000000018,0.15289637664435726,0,0,1,0,0,0,0,0,0,1,0,0,1,0
1,0,1,1,0.22535211267605634,1,1,0.43,0.12139395338102932,1,0,0,0,0,1,1,0,0,1,0,0,0,1
1,0,0,1,0.25352112676056343,1,1,0.5700000000000001,0.15658896838218325,1,0,0,1,1,0,1,1,0,0,0,0,0,1
1,1,0,0,0.04225352112676056,1,1,0.56,0.031848603738749134,1,1,0,0,0,0,0,0,0,0,0,0,1,0
0,0,1,0,0.8028169014084507,1,0,0.32,0.3300253865681976,0,0,0,0,0,1,0,0,0,1,0,1,0,0
0,0,1,0,0.4507042253521127,1,1,0.54,0.28029079159935383,1,0,0,1,1,1,0,1,0,0,0,0,0,0
1,1,0,0,0.0,1,1,0.54,0.006231248557581353,1,1,0,0,0,0,0,0,0,0,0,0,1,0
1,0,0,0,0.014084507042253521,1,1,0.6799999999999999,0.018462958689129935,0,1,0,0,0,1,0,0,1,0,0,0,0,1
1,1,0,0,0.09859154929577466,1,1,0.8700000000000001,0.09358412185552736,1,1,0,0,1,1,0,1,1,0,0,0,1,0
1,0,0,0,0.014084507042253521,1,1,0.020000000000000018,0.0027694438033694898,0,0,1,0,0,0,0,0,0,0,0,0,0,1
0,1,1,0,0.47887323943661975,1,1,0.6300000000000001,0.32275559658435266,1,1,0,0,0,1,0,0,0,1,0,0,0,0
0,0,0,0,0.1267605633802817,1,1,0.06,0.024001846295868913,1,0,1,0,0,0,0,0,0,0,0,0,1,0
1,0,1,1,0.943661971830986,1,0,0.7,0.7088622201707824,1,0,0,1,1,1,1,1,1,0,1,1,0,0
0,1,1,0,0.46478873239436624,1,0,0.53,0.2779829217632126,0,1,0,0,0,0,0,0,0,0,0,1,0,0
1,0,1,0,0.9859154929577465,1,1,0.75,0.7577890606969767,1,1,0,0,0,0,0,1,1,0,1,0,0,0
0,0,0,0,0.0,1,0,0.26,0.003000230786983614,0,0,0,0,0,0,0,0,0,0,0,0,0,1
1,0,1,1,0.9859154929577465,1,0,0.010000000000000009,0.16120470805446574,0,0,1,0,0,0,0,0,0,0,1,1,0,0
0,0,1,0,0.014084507042253521,1,1,0.46,0.01442418647588276,0,0,0,0,1,0,1,0,1,0,0,0,0,1
0,0,0,0,0.0,1,0,0.020000000000000018,0.00023078698361412436,0,0,1,0,0,0,0,0,0,0,0,0,0,1
0,0,0,0,0.9577464788732395,1,1,0.8700000000000001,0.8502192476344335,1,1,0,0,1,0,1,1,1,1,0,0,0,0
0,0,0,0,1.0,1,1,0.8200000000000001,0.8586429725363489,1,1,0,0,1,1,0,1,1,0,1,0,0,0
1,0,0,0,0.0,1,0,0.010000000000000009,0.00011539349180706218,0,0,1,0,0,0,0,0,0,0,0,0,0,1
0,0,0,0,0.0,1,1,0.6100000000000001,0.007039003000230788,0,1,0,0,0,0,0,1,0,0,0,0,1,0
0,0,1,1,0.15492957746478872,0,0,0.17000000000000004,0.0477729056081237,0,0,0,0,1,0,1,0,0,0,0,0,0,1
0,0,0,0,0.14084507042253522,1,0,0.010000000000000009,0.024001846295868913,0,0,1,0,0,0,0,0,0,1,0,0,0,1
0,0,1,1,0.46478873239436624,1,1,0.72,0.35529656127394416,1,1,0,0,0,1,0,0,1,0,0,1,0,0
0,0,1,0,1.0,1,1,0.6699999999999999,0.7164781906300485,1,0,0,0,1,1,1,1,1,0,1,1,0,0
1,0,1,0,0.7464788732394366,1,0,0.8800000000000001,0.6629356104315717,1,1,0,1,1,0,0,1,1,1,0,0,0,0
1,0,0,0,0.295774647887324,1,0,0.020000000000000018,0.04984998846065082,0,0,1,0,0,0,0,0,0,1,0,0,0,0
0,0,0,0,0.04225352112676056,1,1,0.45,0.024001846295868913,0,0,0,0,1,0,1,1,0,0,0,0,0,0
1,0,1,1,0.8028169014084507,1,1,0.75,0.6250865451188553,1,1,0,1,1,0,0,0,1,0,0,0,0,0
0,0,0,0,0.14084507042253522,1,1,0.56,0.09300715439649204,0,1,0,0,1,0,0,0,0,0,0,0,1,0
1,0,1,0,0.5915492957746479,1,0,0.6799999999999999,0.41033925686591277,1,0,0,1,1,0,1,1,1,0,1,1,0,0
0,0,1,0,1.0,1,0,0.5,0.5527348257558273,1,0,0,1,1,1,1,0,0,0,1,0,0,1
0,0,0,0,0.056338028169014086,1,1,0.74,0.050080775444264945,1,1,0,0,0,1,0,1,0,0,0,0,1,0
1,0,1,1,0.8873239436619719,1,1,0.8600000000000001,0.7734825755827371,1,1,0,1,0,0,1,1,1,1,0,0,0,0
1,0,0,1,0.04225352112676056,1,0,0.71,0.040041541657050546,1,1,0,0,1,0,0,1,0,0,0,0,0,1
0,1,1,0,1.0,1,0,0.56,0.6164320332333256,0,0,0,1,1,1,1,1,0,0,1,0,0,0
1,0,0,0,0.0,1,1,0.52,0.006000461573967228,0,1,0,0,0,0,0,0,0,0,0,0,1,0
1,0,1,1,0.9859154929577465,1,1,0.77,0.7882529425340411,1,1,0,0,1,1,0,0,1,0,1,1,0,0
1,0,0,0,0.19718309859154928,1,0,0.39999999999999997,0.10812370182321718,0,0,0,1,0,1,1,0,0,0,0,0,1,0
0,0,0,0,0.014084507042253521,0,0,0.06,0.002307869836141242,0,0,0,0,0,0,0,0,0,0,0,0,0,1
0,1,1,0,0.5352112676056339,1,1,0.8700000000000001,0.49226863604892684,1,1,0,0,1,1,0,1,1,0,0,0,1,0
0,1,0,0,0.0,1,1,0.51,0.005885068082160166,0,1,0,0,0,0,0,0,0,0,0,0,1,0
1,0,0,0,0.18309859154929578,1,1,0.6799999999999999,0.13408723747980614,0,1,0,0,1,0,0,0,1,0,0,0,1,0
1,1,0,0,0.0,1,1,0.5700000000000001,0.006577429033002539,0,1,0,0,0,1,0,0,0,0,0,0,0,0
1,1,0,0,0.295774647887324,1,0,0.6300000000000001,0.20793907223632588,0,1,0,1,1,0,0,0,0,0,0,0,1,0
1,1,0,0,0.6338028169014085,1,0,0.77,0.5084237249019155,0,1,0,0,1,0,0,1,1,1,0,1,0,0
1,0,1,1,0.08450704225352114,1,1,0.5700000000000001,0.06185091160858528,0,0,0,1,1,1,1,1,0,0,0,0,1,0
1,0,0,0,0.9577464788732395,1,1,0.9200000000000002,0.8581813985691207,1,1,0,0,1,1,1,1,1,0,1,0,0,0
0,0,1,1,0.23943661971830985,1,0,0.020000000000000018,0.0377336718209093,0,0,1,0,0,0,0,0,0,1,0,0,0,0
0,0,1,0,0.8450704225352113,1,0,0.6200000000000001,0.567043618739903,1,0,0,0,1,1,0,1,1,0,1,0,0,0
1,1,1,0,0.943661971830986,1,1,0.78,0.7573274867297485,1,1,0,1,1,0,0,0,1,1,0,1,0,0
0,0,0,0,0.0,1,1,0.31,0.003577198246018925,0,0,0,0,0,1,0,0,0,0,0,0,0,1
1,0,0,1,0.11267605633802817,1,1,0.51,0.06381260096930534,0,0,0,0,0,0,1,1,1,0,0,1,0,0
1,1,1,0,0.971830985915493,1,1,0.9500000000000002,0.9195707362104777,1,1,0,1,1,1,1,1,1,0,1,1,0,0
1,0,1,0,0.04225352112676056,0,1,0.07,0.00934687283637203,0,0,0,0,0,0,0,0,0,0,0,0,1,0
0,1,0,0,0.7887323943661972,1,1,0.6100000000000001,0.5100392337872144,1,0,0,0,1,1,0,1,1,0,1,0,0,0
0,0,0,0,0.1267605633802817,1,1,0.77,0.11573967228248327,1,1,0,0,1,1,0,0,1,0,0,0,1,0
0,1,1,1,0.943661971830986,1,0,0.010000000000000009,0.13558735287329796,0,0,1,0,0,0,0,0,0,1,0,0,0,0
0,0,1,1,0.09859154929577466,1,0,0.26,0.04050311562427879,0,0,0,0,0,0,0,0,0,0,0,0,0,0
1,0,0,0,0.014084507042253521,1,1,0.5700000000000001,0.016385875836602816,0,1,0,0,0,1,0,0,0,0,0,0,1,0
1,0,1,1,0.36619718309859156,1,0,0.06,0.08573736441264714,1,0,1,0,0,0,0,0,0,0,1,0,1,0
0,1,1,0,0.619718309859155,1,0,0.06,0.13339487652896379,1,0,1,0,0,0,0,0,0,1,0,1,0,0
0,0,0,0,0.014084507042253521,1,1,0.6200000000000001,0.01880913916455112,0,1,0,0,0,0,0,0,1,0,0,0,1,0
1,1,1,0,0.6338028169014085,1,0,0.8200000000000001,0.5463881837064389,1,1,0,0,0,0,1,1,1,1,0,0,1,0
0,0,1,0,0.47887323943661975,1,1,0.51,0.2795984306485114,1,0,0,0,1,0,1,1,0,1,0,0,1,0
1,0,0,0,0.1267605633802817,1,1,0.5700000000000001,0.08758366028156013,1,1,0,0,0,0,0,0,0,0,0,0,0,1
1,0,0,0,0.08450704225352114,1,1,0.6100000000000001,0.05827371336256635,0,1,0,0,0,0,0,0,1,0,0,0,1,0
0,1,1,0,0.08450704225352114,1,1,0.52,0.051811677821370875,0,1,0,0,0,0,0,0,0,0,0,0,0,1
0,0,0,0,0.28169014084507044,1,0,0.020000000000000018,0.04431110085391184,0,0,1,0,0,0,0,0,0,0,0,1,0,0
1,0,0,0,0.46478873239436624,1,1,0.52,0.2767135933533349,0,1,0,0,0,0,0,0,0,0,0,1,0,0
1,0,0,0,0.25352112676056343,1,0,0.39999999999999997,0.11850911608585277,0,0,0,0,1,0,0,1,0,1,0,0,1,0
1,0,0,0,0.014084507042253521,1,0,0.010000000000000009,0.004500346180475422,0,0,1,0,0,0,0,0,0,0,0,0,1,0
0,0,0,1,0.3098591549295775,1,0,0.36000000000000004,0.14931917839833836,0,0,0,0,1,0,1,0,0,0,0,0,1,0
1,0,1,1,0.647887323943662,1,0,0.010000000000000009,0.10062312485575814,0,0,1,0,0,0,0,0,0,0,1,0,0,0
0,0,0,0,0.5633802816901409,1,1,0.81,0.4848834525732749,0,1,0,0,1,0,1,1,1,0,1,1,0,0
0,1,0,0,0.4225352112676057,1,1,0.78,0.3299099930763905,1,1,0,0,0,1,1,1,0,0,0,0,0,0
1,0,1,0,0.9859154929577465,1,1,0.06,0.19524578813754906,1,0,1,0,0,0,0,0,0,0,1,0,0,0
1,0,1,1,0.5633802816901409,1,0,0.010000000000000009,0.09069928456035081,0,0,1,0,0,0,0,0,0,0,1,0,0,0
0,0,0,0,0.02816901408450704,1,1,0.6200000000000001,0.02711747057465959,0,1,0,0,0,0,0,0,1,0,0,0,1,0
0,0,0,0,0.09859154929577466,1,1,0.020000000000000018,0.01661666282021694,0,0,1,0,0,0,0,0,0,0,0,1,0,0
1,0,0,0,0.8591549295774649,1,1,0.9700000000000002,0.8210246942072467,1,1,0,1,1,1,1,1,1,1,0,1,0,0
0,1,0,0,0.26760563380281693,1,0,0.36000000000000004,0.1196630510039234,0,0,0,1,0,0,1,0,0,1,0,0,0,1
1,0,1,0,0.4084507042253521,1,1,0.76,0.32148626817447495,1,1,0,0,1,0,1,1,0,0,0,1,0,0
0,0,1,1,0.6338028169014085,1,0,0.010000000000000009,0.09669974613431803,0,0,1,0,0,0,0,0,0,0,1,1,0,0
0,1,1,0,0.08450704225352114,1,1,0.81,0.07465958919916918,1,1,0,0,0,1,0,1,1,0,0,0,1,0
1,0,1,1,0.09859154929577466,1,0,0.36000000000000004,0.053542580198476804,0,0,0,1,1,0,0,0,0,0,0,0,0,1
1,0,1,1,0.47887323943661975,1,1,0.07,0.10743134087237481,1,0,1,0,0,0,0,0,0,0,1,1,0,0
0,1,0,0,0.08450704225352114,1,0,0.55,0.060812370182321725,1,1,0,0,0,0,0,0,0,0,0,0,0,1
0,0,0,1,0.0,1,1,0.010000000000000009,0.00011539349180706218,0,0,1,0,0,0,0,0,0,0,0,0,0,1
1,0,0,0,0.056338028169014086,1,0,0.35000000000000003,0.02780983152550196,0,0,0,1,0,0,1,0,0,0,0,1,0,0
0,0,0,1,0.619718309859155,1,0,0.81,0.5326563581813986,1,1,0,0,0,1,0,1,1,0,1,0,0,0
1,0,1,1,0.25352112676056343,1,0,0.07,0.053888760673897994,1,0,1,0,0,0,0,0,0,0,1,0,0,1
0,1,1,0,0.619718309859155,1,1,0.8,0.5200784675744288,1,1,0,0,1,1,1,1,0,1,0,0,0,0
1,1,1,0,0.16901408450704225,0,0,0.27,0.058850680821601664,0,0,0,0,0,0,0,1,1,0,0,0,1,0
0,0,0,0,0.0,1,1,0.010000000000000009,0.00011539349180706218,0,0,1,0,0,0,0,0,0,0,0,0,0,1
1,0,1,1,0.8873239436619719,1,1,0.6799999999999999,0.6126240480036925,1,1,0,1,0,0,1,0,0,0,0,0,0,0
1,0,1,1,0.6338028169014085,1,0,0.72,0.4867297484421879,0,1,0,0,0,1,1,0,1,1,0,0,0,0
0,0,1,0,0.4084507042253521,1,1,0.76,0.3286406646665128,1,1,0,0,0,0,0,1,1,0,0,1,0,0
0,1,1,0,0.02816901408450704,1,1,0.8700000000000001,0.036464343411031615,1,1,0,0,1,1,0,1,1,0,0,0,1,0
1,0,0,0,0.0,1,0,0.010000000000000009,0.00011539349180706218,0,0,1,0,0,0,0,0,0,0,0,1,0,0
0,0,1,1,0.6338028169014085,1,0,0.38000000000000006,0.29333025617355185,0,0,0,1,0,1,1,0,0,1,0,0,0,1
0,0,1,0,0.4225352112676057,1,0,0.75,0.34629586891299335,1,1,0,0,1,1,0,1,0,0,0,0,1,0
1,0,0,0,0.5915492957746479,1,0,0.6699999999999999,0.42049388414493427,1,0,0,0,1,1,1,1,1,1,0,1,0,0
1,1,1,0,1.0,1,0,0.71,0.7309023771059312,1,0,0,1,1,1,1,1,1,0,1,1,0,0
0,0,1,0,0.943661971830986,1,1,0.8900000000000001,0.8426032771751673,1,1,0,1,1,0,1,1,1,0,0,0,1,0
0,0,1,0,0.49295774647887325,1,1,0.77,0.39487652896376646,1,1,0,0,0,0,0,1,1,0,0,0,0,0
1,0,0,0,0.33802816901408456,1,1,0.81,0.27129009923840297,0,1,0,0,1,1,0,1,1,0,0,0,1,0
0,1,1,0,0.8169014084507042,0,1,0.46,0.44634202630971614,0,0,0,1,0,1,1,1,1,0,1,1,0,0
0,0,1,1,0.9295774647887325,1,0,0.69,0.6808216016616663,1,1,0,0,1,1,0,0,0,1,0,0,1,0
0,0,1,1,0.33802816901408456,1,1,0.43,0.1838218324486499,0,0,0,1,1,1,0,0,0,1,0,0,0,0
1,0,1,0,0.5492957746478874,1,0,0.45,0.3019847680590815,1,0,0,0,1,0,0,1,0,1,0,0,0,0
0,0,1,1,0.943661971830986,1,0,0.010000000000000009,0.15681975536579737,0,0,1,0,0,0,0,0,0,0,1,0,0,0
0,1,0,0,0.0,1,1,0.27,0.0031156242787906763,0,0,0,0,0,0,0,0,0,0,0,0,0,1
0,1,0,0,0.056338028169014086,1,1,0.52,0.03611816293561043,0,1,0,0,0,0,0,0,0,0,0,0,0,1
0,0,0,0,0.323943661971831,1,1,0.71,0.2477498269097623,1,1,0,0,0,1,0,1,0,0,0,0,0,1
1,0,0,0,0.09859154929577466,1,1,0.47000000000000003,0.06185091160858528,0,0,0,0,1,0,1,1,0,0,0,0,1,0
1,0,0,0,0.5492957746478874,1,0,0.6500000000000001,0.4054927302100162,1,1,0,0,0,0,0,0,1,0,0,0,0,0
1,0,1,1,0.5915492957746479,1,0,0.32,0.24821140087699056,0,0,0,0,1,0,0,0,0,0,0,0,0,1
0,0,0,0,0.676056338028169,1,1,0.010000000000000009,0.11585506577429035,0,0,1,0,0,0,0,0,0,0,1,1,0,0
1,0,1,0,0.7042253521126761,0,1,0.31,0.2925225017309024,0,0,0,0,1,0,0,1,1,0,0,0,1,0
1,1,0,0,0.7464788732394366,1,0,0.6400000000000001,0.49988460650819294,1,0,0,1,1,0,1,1,1,1,0,0,0,0
0,0,0,0,0.14084507042253522,1,1,0.5700000000000001,0.09785368105238866,0,1,0,0,1,0,0,0,0,0,0,0,0,1
1,0,0,0,0.02816901408450704,1,1,0.78,0.03150242326332795,1,1,0,0,0,0,0,1,1,0,0,0,1,0
0,0,0,0,0.0,1,1,0.32,0.003692591737825987,0,0,0,0,0,1,0,0,0,0,0,0,1,0
1,0,0,0,0.676056338028169,1,1,0.41,0.33648742210939303,1,0,0,1,1,0,0,0,0,0,0,1,0,0
0,0,1,0,0.04225352112676056,1,0,0.52,0.031848603738749134,0,1,0,0,0,0,0,0,0,0,0,0,1,0
1,0,1,0,1.0,1,0,0.07,0.2112854834987307,1,0,1,0,0,0,0,0,0,0,1,1,0,0
0,1,0,0,0.02816901408450704,0,1,0.23000000000000004,0.013154858066005078,0,0,0,0,0,1,0,0,1,0,0,0,1,0
0,0,1,0,0.5774647887323944,1,1,0.77,0.4547657512116317,1,1,0,0,1,1,0,1,0,0,0,0,0,0
1,0,1,0,0.9577464788732395,1,1,0.6699999999999999,0.6751673205631202,1,1,0,0,1,1,0,0,0,0,0,0,0,0
1,0,0,0,0.8450704225352113,1,1,1.0,0.8477959843064851,1,1,0,1,1,1,1,1,1,1,0,0,1,0
1,0,1,0,0.7746478873239437,1,1,0.8700000000000001,0.6981306254327255,0,1,0,1,1,1,0,1,1,1,0,1,0,0
0,0,0,0,0.08450704225352114,1,1,0.71,0.07073621047772906,1,1,0,0,0,1,0,1,0,0,0,1,0,0
0,1,1,0,0.0,1,0,0.56,0.006462035541195477,1,1,0,0,0,0,0,0,0,0,0,0,1,0
1,0,1,1,0.323943661971831,0,1,0.34,0.1373182552504039,0,0,0,1,1,1,1,0,1,0,1,0,0,1
0,0,1,1,0.676056338028169,1,1,0.81,0.5601200092314793,1,1,0,0,0,1,0,1,1,0,0,0,1,0
0,0,0,0,0.0,1,0,0.020000000000000018,0.00023078698361412436,0,0,1,0,0,0,0,0,0,0,0,0,0,0
0,0,0,0,0.28169014084507044,0,1,0.18,0.08792984075698132,0,0,0,0,1,0,1,0,0,0,0,0,0,1
1,0,0,0,0.04225352112676056,1,1,0.5700000000000001,0.03277175167320563,1,1,0,0,0,0,0,0,0,0,0,0,1,0
0,1,1,1,0.9859154929577465,1,0,0.010000000000000009,0.15808908377567507,0,0,1,0,0,0,0,0,0,0,1,1,0,0
0,0,1,1,0.647887323943662,1,0,0.72,0.4753057927532887,0,1,0,1,0,1,0,0,1,0,0,0,1,0
1,1,0,0,0.33802816901408456,1,1,0.8400000000000001,0.30486960535425806,1,1,0,1,1,0,0,1,1,0,0,0,0,1
0,0,1,0,0.09859154929577466,1,0,0.020000000000000018,0.01615508885298869,0,0,1,0,0,0,0,0,0,0,0,0,0,1
1,0,0,0,0.0,1,1,0.52,0.006000461573967228,0,1,0,0,0,0,0,0,0,0,0,0,0,1
1,0,0,0,0.15492957746478872,1,1,0.010000000000000009,0.02319409185321948,0,0,1,0,0,0,0,0,0,1,0,0,0,0
0,1,1,0,0.4507042253521127,1,1,0.76,0.3562197092084007,1,1,0,0,0,0,0,1,1,0,0,0,1,0
0,0,0,0,0.9859154929577465,1,1,0.98,0.9567274405723517,1,1,0,1,1,1,1,1,1,1,0,0,0,0
0,0,0,0,0.3943661971830986,0,0,0.17000000000000004,0.12162474036464345,0,0,0,1,0,0,1,0,0,1,0,0,0,1
0,1,0,0,0.28169014084507044,1,0,0.020000000000000018,0.04742672513270252,0,0,1,0,0,0,0,0,0,1,0,0,0,0
1,0,0,0,0.49295774647887325,1,1,0.69,0.35310408492961,0,1,0,0,0,1,1,0,1,0,0,0,1,0
0,0,1,1,0.971830985915493,1,0,0.6000000000000001,0.6262404800369259,1,0,0,1,1,1,1,0,1,1,0,0,0,0
0,0,0,0,0.36619718309859156,1,0,0.020000000000000018,0.05919686129702285,0,0,1,0,0,0,0,0,0,0,1,1,0,0
0,0,1,0,0.323943661971831,0,0,0.10999999999999999,0.0773136395107316,0,0,0,0,0,1,0,0,0,0,0,0,1,0
0,0,1,0,1.0,1,1,0.74,0.7805215785829679,1,0,0,1,1,1,1,1,1,0,1,1,0,0
0,0,1,1,0.5492957746478874,1,1,0.9200000000000002,0.5136164320332333,1,1,0,1,1,0,1,1,1,0,0,1,0,0
0,0,1,1,0.943661971830986,1,1,0.9500000000000002,0.9044541887837526,1,1,0,1,1,1,1,1,1,0,1,0,1,0
1,1,1,1,0.7605633802816901,1,0,0.5800000000000001,0.4772674821140088,1,0,0,1,0,1,1,1,0,1,0,0,1,0
1,0,1,1,0.9859154929577465,1,1,0.81,0.8127163627971382,1,1,0,1,1,1,0,1,0,0,1,1,0,0
0,0,1,0,0.4366197183098592,1,1,0.54,0.26713593353334875,1,0,0,1,0,0,1,1,0,1,0,1,0,0
0,1,0,0,0.7323943661971831,0,1,0.36000000000000004,0.32725594276482806,0,0,0,0,1,1,0,1,1,0,0,0,1,0
1,0,1,1,0.1267605633802817,1,1,0.8200000000000001,0.12070159243018695,1,1,0,1,0,0,0,1,1,0,0,0,1,0
0,0,0,0,0.0,1,1,0.27,0.0031156242787906763,0,0,0,0,0,0,0,0,0,0,0,0,0,1
0,0,0,0,0.619718309859155,0,0,0.24,0.21024694207246714,0,0,0,1,0,1,1,0,0,1,0,0,0,0
1,0,1,1,0.49295774647887325,1,0,0.020000000000000018,0.0806600507731364,0,0,1,0,0,0,0,0,0,0,1,0,0,0
1,0,0,0,0.1267605633802817,1,1,0.8200000000000001,0.1202400184629587,1,1,0,0,0,1,0,1,1,0,0,0,1,0
0,0,1,1,1.0,1,1,0.71,0.7581352411723978,1,1,0,0,1,0,0,1,0,1,0,0,1,0
1,0,0,0,0.09859154929577466,1,1,0.81,0.0925455804292638,1,1,0,0,0,1,0,1,1,0,0,0,1,0
0,0,1,1,0.9014084507042254,1,0,0.06,0.19582275559658438,1,0,1,0,0,0,0,0,0,0,1,1,0,0
0,0,0,0,0.15492957746478872,1,0,0.020000000000000018,0.027348257558273713,0,0,1,0,0,0,0,0,0,0,0,0,0,1
1,0,0,0,0.16901408450704225,1,1,0.020000000000000018,0.028040618509116086,0,0,1,0,0,0,0,0,0,0,1,0,0,1
0,1,0,0,0.014084507042253521,1,1,0.26,0.008539118393722595,0,0,0,0,0,0,0,0,0,0,0,0,1,0
0,0,1,0,0.323943661971831,1,1,0.71,0.2529425340410801,0,1,0,1,0,0,1,0,1,0,0,0,1,0
1,0,0,0,0.0,1,0,0.52,0.006000461573967228,0,1,0,0,0,0,0,0,0,0,0,0,1,0
1,0,1,1,0.5633802816901409,1,1,0.56,0.3656819755365798,0,0,0,1,0,0,1,1,1,1,0,1,0,0
1,0,0,0,0.18309859154929578,1,0,0.33,0.08181398569120703,0,0,0,0,1,0,0,0,0,1,0,1,0,0
0,0,0,0,0.33802816901408456,1,0,0.010000000000000009,0.056773597969074545,0,0,1,0,0,0,0,0,0,1,0,1,0,0
1,0,1,0,0.4225352112676057,1,1,0.46,0.21832448649896147,0,0,0,1,0,0,1,0,1,1,0,0,1,0
0,1,0,0,0.014084507042253521,1,1,0.75,0.020540041541657054,1,1,0,0,0,0,0,1,1,0,0,0,1,0
1,0,0,0,0.07042253521126761,1,1,0.51,0.04615739672282483,0,1,0,0,0,0,0,0,0,0,0,0,0,1
1,0,1,0,0.014084507042253521,1,1,0.52,0.014193399492268636,0,1,0,0,0,0,0,0,0,0,0,0,1,0
1,0,0,0,0.2112676056338028,1,0,0.010000000000000009,0.03196399723055619,0,0,1,0,0,0,0,0,0,1,0,1,0,0
0,0,0,0,0.014084507042253521,1,1,0.53,0.016039695361181633,0,1,0,0,0,0,0,0,0,0,0,1,0,0
1,0,0,0,0.0,1,1,0.36000000000000004,0.004154165705054235,0,0,0,0,0,0,0,0,1,0,0,0,0,1
0,0,0,0,0.0,1,1,0.5700000000000001,0.006577429033002539,0,1,0,0,0,0,1,0,0,0,0,0,1,0
0,0,0,0,0.46478873239436624,1,0,0.010000000000000009,0.0758135241172398,0,0,1,0,0,0,0,0,0,0,0,0,0,1
1,0,1,1,0.6619718309859155,1,1,0.81,0.5722363258712209,0,1,0,1,0,1,0,1,1,1,0,0,0,0
0,1,1,0,0.2112676056338028,1,1,0.6699999999999999,0.15843526425109625,1,1,0,0,0,0,0,1,0,0,0,1,0,0
0,0,0,0,0.19718309859154928,1,0,0.33,0.08619893837987538,1,0,0,0,0,0,0,0,0,0,0,0,1,0
0,0,0,0,0.04225352112676056,0,1,0.10999999999999999,0.01153934918070621,0,0,0,0,0,1,0,0,0,0,0,0,1,0
1,0,0,0,0.02816901408450704,1,0,0.06,0.007846757442880221,1,0,1,0,0,0,0,0,0,0,0,0,0,1
0,0,0,0,0.08450704225352114,1,1,0.6699999999999999,0.06738979921532426,1,1,0,0,0,0,0,0,1,0,0,0,0,1
1,0,1,0,0.9014084507042254,1,0,0.010000000000000009,0.15012693284098777,0,0,1,0,0,0,0,0,0,0,1,0,0,0
0,0,0,0,0.014084507042253521,1,1,0.6100000000000001,0.01546272790214632,0,1,0,0,0,1,1,0,0,0,0,0,1,0
0,0,1,1,0.9859154929577465,1,0,0.72,0.7234018001384722,1,0,0,1,1,1,1,1,1,0,1,1,0,0
1,0,1,1,0.15492957746478872,0,0,0.10999999999999999,0.033579506115855064,0,0,0,0,1,0,0,0,0,0,0,0,0,1
0,0,0,0,0.2112676056338028,1,1,0.010000000000000009,0.03738749134548811,0,0,1,0,0,0,0,0,0,0,0,0,0,1
1,1,0,0,0.5633802816901409,1,1,0.9500000000000002,0.539003000230787,1,1,0,1,1,1,0,1,1,0,0,0,1,0
1,0,0,0,0.5211267605633804,1,0,0.020000000000000018,0.08342949457650589,0,0,1,0,0,0,0,0,0,0,1,0,0,1
0,0,0,0,0.02816901408450704,1,1,0.010000000000000009,0.005885068082160166,0,0,1,0,0,0,0,0,0,1,0,0,0,1
0,0,1,0,0.323943661971831,1,1,0.75,0.2573274867297485,1,1,0,0,0,0,0,1,1,0,0,0,1,0
0,1,1,0,0.943661971830986,0,1,0.23000000000000004,0.34006462035541196,0,0,0,1,1,1,0,0,0,0,1,0,1,0
1,0,1,0,0.014084507042253521,1,1,0.27,0.008192937918301408,0,0,0,0,0,0,0,0,0,0,0,0,1,0
0,0,0,0,0.5774647887323944,1,0,0.010000000000000009,0.0958919916916686,0,0,1,0,0,0,0,0,0,1,0,0,0,0
1,0,1,0,1.0,1,1,0.9700000000000002,0.9570736210477729,1,1,0,1,1,1,1,1,1,0,1,0,0,0
0,0,0,0,0.16901408450704225,1,0,0.010000000000000009,0.025963535656588967,0,0,1,0,0,0,0,0,0,0,1,0,0,1
0,0,0,0,0.02816901408450704,1,1,0.52,0.02330948534502654,0,1,0,0,0,0,0,0,0,0,0,0,0,1
0,1,1,0,0.08450704225352114,1,1,0.56,0.0587352873297946,1,1,0,0,0,0,0,0,0,0,0,0,0,1
1,0,0,0,0.18309859154929578,1,1,0.36000000000000004,0.08712208631433188,1,0,0,0,1,0,0,0,0,1,0,0,0,1
1,0,0,0,0.35211267605633806,1,1,0.51,0.20736210477729058,0,1,0,0,0,0,0,0,0,0,0,1,0,0
0,0,0,0,0.0,1,1,0.6599999999999999,0.007615970459266097,0,1,0,1,0,0,0,0,1,0,0,0,0,1
0,0,1,0,0.647887323943662,1,1,0.6000000000000001,0.4191091622432495,1,1,0,0,1,0,0,0,0,1,0,0,1,0
1,0,1,0,1.0,1,1,0.72,0.7442880221555505,1,0,0,1,1,1,1,1,1,0,1,0,0,0
1,0,1,1,1.0,1,0,0.6200000000000001,0.6572813293330256,1,0,0,1,1,1,1,1,0,0,1,0,0,0
1,0,0,0,0.15492957746478872,1,1,0.8200000000000001,0.13224094161089317,1,1,0,0,0,1,0,1,1,0,0,0,0,0
1,0,0,0,0.19718309859154928,1,0,0.6799999999999999,0.14447265174244173,0,1,0,1,0,0,0,1,0,0,0,0,1,0
0,0,0,0,0.4507042253521127,1,1,0.7,0.3472190168474498,0,1,0,1,0,0,1,1,0,0,1,0,1,0
0,0,1,1,0.2112676056338028,1,1,0.72,0.1643203323332564,1,1,0,0,0,1,0,1,0,0,0,0,0,0
1,0,1,1,0.9154929577464789,1,1,0.39999999999999997,0.43757212093237946,0,0,0,1,1,0,1,0,0,0,1,1,0,0
1,0,1,1,0.9577464788732395,1,1,0.75,0.736210477729056,1,1,0,0,1,0,1,0,1,0,1,0,0,0
1,0,1,1,0.47887323943661975,1,0,0.010000000000000009,0.08216016616662822,0,0,1,0,0,0,0,0,0,0,1,1,0,0
1,1,0,0,0.9295774647887325,1,0,0.36000000000000004,0.42776367412877914,1,0,0,0,1,0,0,0,0,0,0,0,1,0
1,1,1,0,0.4366197183098592,1,1,0.75,0.33614124163397185,1,1,0,0,0,0,0,1,1,0,0,0,1,0
1,0,1,1,0.7183098591549296,1,1,0.32,0.29909993076390495,0,0,0,0,0,1,0,0,0,1,0,0,0,0
1,0,0,0,0.47887323943661975,1,0,0.42,0.22663281790906994,0,0,0,1,1,1,0,0,0,0,0,0,1,0
0,0,1,1,0.3802816901408451,0,0,0.32,0.15785829679206095,0,0,0,1,0,1,1,1,0,1,0,0,0,1
0,1,1,0,0.4084507042253521,1,1,0.6100000000000001,0.27082852527117474,0,1,0,0,1,1,0,0,0,0,0,0,0,1
1,0,1,1,0.9859154929577465,1,0,0.06,0.20678513731825526,1,0,1,0,0,0,0,0,0,0,1,0,0,0
0,0,0,0,0.28169014084507044,1,1,0.010000000000000009,0.04592660973921071,0,0,1,0,0,0,0,0,0,0,0,0,0,1
1,0,1,1,0.28169014084507044,1,1,0.26,0.10477729056081238,0,0,0,0,0,0,0,0,0,0,0,0,1,0
0,0,1,1,0.15492957746478872,1,1,0.06,0.028963766443572583,1,0,1,0,0,0,0,0,0,0,1,0,0,0
0,0,1,1,0.014084507042253521,1,0,0.79,0.01915531963997231,0,1,0,1,0,0,0,1,1,0,0,0,1,0
0,0,1,0,0.8309859154929577,1,0,0.06,0.17159012231710133,1,0,1,0,0,0,0,0,0,1,0,0,0,0
0,0,1,1,0.0,1,0,0.0,0.0,0,0,1,0,0,0,0,0,0,1,0,0,0,1
0,0,0,0,0.056338028169014086,1,1,0.010000000000000009,0.007846757442880221,0,0,1,0,0,0,0,0,0,0,0,0,0,1
0,0,1,1,0.9154929577464789,1,1,0.07,0.1957073621047773,1,0,1,0,0,0,0,0,0,1,0,1,0,0
0,1,0,0,0.014084507042253521,1,1,0.26,0.008654511885529657,0,0,0,0,0,0,0,0,0,0,0,0,1,0
1,0,1,0,0.9859154929577465,1,0,0.77,0.7890606969766905,1,1,0,1,1,0,0,1,0,1,0,0,0,1
0,0,1,1,0.0,1,1,0.52,0.006000461573967228,0,1,0,0,0,0,0,0,0,0,0,0,1,0
0,0,0,0,0.23943661971830985,1,1,0.5700000000000001,0.15635818139856913,0,1,0,0,0,0,1,0,0,0,0,0,0,0
0,0,0,0,0.943661971830986,1,1,0.99,0.9251096238172167,1,1,0,1,1,1,1,1,1,1,0,1,0,0
1,0,0,0,0.7746478873239437,1,1,0.8800000000000001,0.6779367643664898,1,1,0,1,1,0,0,1,1,0,0,1,0,0
1,0,0,0,0.8732394366197184,1,0,0.81,0.7060927763674129,1,1,0,0,1,0,0,1,1,1,0,0,0,0
1,0,1,0,0.4507042253521127,1,1,0.77,0.34502654050311565,1,1,0,0,0,1,1,0,1,0,0,1,0,0
0,1,1,1,1.0,1,1,0.9700000000000002,0.9671128548349873,1,1,0,1,1,1,1,1,1,0,1,1,0,0
1,1,0,0,0.5915492957746479,0,1,0.15000000000000002,0.171013154858066,0,0,0,1,1,0,0,0,0,0,0,1,0,0
0,1,0,0,0.23943661971830985,1,1,0.77,0.20009231479344566,1,1,0,0,0,0,0,1,1,0,0,0,1,0
0,0,1,0,0.1267605633802817,1,1,0.6699999999999999,0.09658435264251097,1,1,0,0,0,0,0,0,1,0,0,0,1,0
0,0,0,0,0.04225352112676056,1,1,0.72,0.03900300023078698,0,1,0,0,0,1,1,0,1,0,0,0,1,0
0,0,0,0,0.1267605633802817,1,0,0.020000000000000018,0.019270713131779367,0,0,1,0,0,0,0,0,0,0,0,0,1,0
1,0,1,0,0.9014084507042254,1,1,0.8700000000000001,0.7957535195015001,1,1,0,1,0,1,0,1,1,0,0,0,1,0
1,0,0,0,0.49295774647887325,1,1,0.010000000000000009,0.07627509808446804,0,0,1,0,0,0,0,0,0,1,0,0,0,0
1,0,1,1,0.5915492957746479,1,0,0.020000000000000018,0.09219939995384262,0,0,1,0,0,0,0,0,0,1,0,0,0,1
1,0,0,0,0.14084507042253522,1,1,0.6100000000000001,0.10512347103623357,1,1,0,1,0,0,0,0,0,0,0,0,0,0
1,0,0,0,0.46478873239436624,1,0,0.6699999999999999,0.3321024694207247,1,1,0,0,0,0,0,1,0,0,0,0,1,0
1,0,0,1,0.47887323943661975,1,1,0.020000000000000018,0.07223632587122088,0,0,1,0,0,0,0,0,0,1,0,1,0,0
1,0,0,0,0.08450704225352114,1,1,0.35000000000000003,0.04454188783752596,1,0,0,1,0,0,0,0,0,0,0,0,1,0
0,0,0,0,0.19718309859154928,1,1,0.39999999999999997,0.10627740595430418,1,0,0,0,1,0,1,0,0,0,0,1,0,0
1,0,0,0,0.1267605633802817,1,0,0.36000000000000004,0.06519732287099009,0,0,0,0,0,1,1,0,0,0,0,0,1,0
0,0,0,0,0.35211267605633806,1,0,0.5700000000000001,0.21809369951534735,0,0,0,1,0,0,1,1,1,1,0,0,0,0
0,0,1,1,0.8028169014084507,0,0,0.32,0.3347565197322871,0,0,0,1,1,1,0,1,0,1,0,0,0,1
1,0,0,0,0.6619718309859155,1,0,0.5700000000000001,0.43318716824371106,0,1,0,0,1,0,0,0,0,1,0,0,1,0
0,0,0,1,0.295774647887324,1,1,0.71,0.22882529425340412,0,1,0,0,1,1,0,1,0,0,0,0,1,0
0,1,0,0,0.0,1,0,0.27,0.0031156242787906763,0,0,0,0,0,0,0,0,0,0,0,0,1,0
1,1,0,0,0.5492957746478874,1,1,0.73,0.4217632125548119,0,1,0,0,0,0,0,1,1,0,0,0,1,0
1,0,0,0,0.4507042253521127,1,1,0.72,0.3428340641587815,1,1,0,1,0,0,0,0,1,0,0,0,1,0
1,0,0,0,0.02816901408450704,1,1,0.51,0.020886222017078238,0,1,0,0,0,0,0,0,0,0,0,0,1,0
0,0,1,1,1.0,1,0,0.5,0.5581583198707593,0,0,0,1,1,0,1,1,0,0,1,0,0,0
0,0,1,1,0.47887323943661975,1,1,0.71,0.36268174474959614,1,1,0,0,1,0,0,1,0,0,0,0,0,0
1,0,1,0,0.6619718309859155,0,0,0.16000000000000003,0.18301407800600047,0,0,0,0,1,1,0,0,0,1,0,0,0,1
1,0,0,0,0.7887323943661972,1,0,0.51,0.44726517424417267,0,0,0,0,1,1,1,1,0,0,1,0,0,1
0,0,0,0,0.014084507042253521,1,1,0.37000000000000005,0.010962381721670899,0,0,0,1,0,1,0,0,0,0,0,0,0,1
0,0,1,0,0.971830985915493,1,1,0.77,0.7597507500576968,1,1,0,0,1,1,0,1,0,1,0,0,0,0
1,0,1,0,0.9859154929577465,1,1,0.6599999999999999,0.6955919686129702,0,0,0,1,1,1,1,1,1,1,0,0,0,0
0,0,1,0,0.46478873239436624,1,1,0.8200000000000001,0.399492268636049,1,1,0,0,0,1,0,1,1,0,0,0,1,0
0,1,1,0,0.28169014084507044,1,0,0.6799999999999999,0.2122086314331872,0,1,0,0,0,1,0,1,0,0,0,0,0,0
0,0,1,1,0.014084507042253521,1,0,0.51,0.01442418647588276,0,1,0,0,0,0,0,0,0,0,0,0,0,1
1,1,0,0,0.014084507042253521,1,1,0.6100000000000001,0.016270482344795757,0,1,0,0,0,0,0,0,1,0,0,0,0,0
1,0,1,0,0.26760563380281693,1,1,0.020000000000000018,0.04592660973921071,0,0,1,0,0,0,0,0,0,1,0,0,0,1
0,0,0,1,0.19718309859154928,1,0,0.37000000000000005,0.09762289406877453,0,0,0,0,0,1,1,0,0,1,0,1,0,0
1,1,0,0,0.056338028169014086,1,0,0.6200000000000001,0.0410800830833141,0,1,0,1,1,0,0,0,0,0,0,0,1,0
1,0,1,1,0.49295774647887325,1,0,0.010000000000000009,0.07892914839603048,0,0,1,0,0,0,0,0,0,0,0,0,0,0
1,0,0,0,0.15492957746478872,1,1,0.6799999999999999,0.12093237941380107,1,1,0,0,0,0,0,0,1,0,0,0,1,0
1,0,1,1,0.619718309859155,1,1,0.020000000000000018,0.10016155088852989,0,0,1,0,0,0,0,0,0,0,1,0,0,0
1,0,0,0,0.0,1,1,0.5700000000000001,0.006577429033002539,1,1,0,0,0,0,0,0,0,0,0,0,0,1
1,0,1,1,0.323943661971831,1,0,0.6000000000000001,0.2109393030233095,1,0,0,1,0,1,0,1,1,0,1,1,0,0
0,0,0,0,0.676056338028169,0,1,0.12,0.1655896607431341,0,0,0,0,0,1,0,0,0,0,0,0,0,0
0,0,1,1,0.943661971830986,1,1,0.8500000000000001,0.81421647819063,0,1,0,1,1,1,0,1,1,0,1,1,0,0
0,0,0,0,0.5211267605633804,1,0,0.51,0.3045234248788369,1,0,0,1,1,1,1,0,0,0,0,0,1,0
1,0,1,1,0.9014084507042254,1,1,0.6100000000000001,0.5830833141010847,1,0,0,0,1,0,1,1,1,0,1,0,0,0
1,0,0,0,0.07042253521126761,1,0,0.37000000000000005,0.035079621509346876,0,0,0,1,1,0,0,0,0,0,0,0,0,1
0,0,0,0,0.4225352112676057,1,1,0.53,0.2480960073851835,1,0,0,0,1,0,1,1,0,0,0,0,1,0
0,0,1,1,0.36619718309859156,1,0,0.8200000000000001,0.3202169397645973,1,1,0,1,1,0,1,1,0,0,0,0,1,0
1,1,1,0,0.35211267605633806,1,1,0.8,0.28756058158319875,1,1,0,0,0,1,0,1,1,0,0,0,0,0
1,0,0,0,0.11267605633802817,1,0,0.8,0.10443111008539119,1,1,0,0,0,1,0,1,1,0,0,1,0,0
1,0,1,1,0.49295774647887325,1,1,0.79,0.3968382183244865,1,1,0,0,1,1,0,1,0,0,0,0,0,0
0,1,1,0,0.4366197183098592,1,1,0.6200000000000001,0.28444495730440805,0,1,0,0,0,0,0,0,1,0,0,1,0,0
0,0,1,0,0.02816901408450704,1,1,0.52,0.021924763443341794,0,1,0,0,0,0,0,0,0,0,0,0,1,0
0,0,0,0,0.323943661971831,1,1,0.33,0.14435725825063467,0,0,0,0,0,0,1,0,0,0,0,1,0,0
1,0,1,1,0.5492957746478874,1,1,0.6599999999999999,0.379067620586199,1,1,0,0,0,1,1,0,0,0,0,0,1,0
1,0,1,1,0.19718309859154928,1,0,0.020000000000000018,0.030694668820678513,0,0,1,0,0,0,0,0,0,0,0,0,0,1
1,1,0,0,1.0,1,1,0.99,0.9713824140318486,1,1,0,1,1,1,1,1,1,0,1,1,0,0
1,0,1,1,0.7887323943661972,1,1,0.52,0.44945765058850684,0,0,0,1,0,0,0,1,1,1,0,0,0,0
1,0,0,1,0.02816901408450704,1,1,0.020000000000000018,0.004500346180475422,0,0,1,0,0,0,0,0,0,1,0,1,0,0
0,0,1,1,0.33802816901408456,1,1,0.010000000000000009,0.052965612739441496,0,0,1,0,0,0,0,0,0,0,0,0,0,1
1,0,0,0,1.0,1,1,0.9600000000000002,0.9783060235402723,1,1,0,1,1,1,1,1,1,0,1,0,1,0
1,0,1,0,0.8591549295774649,1,1,0.8300000000000001,0.7092084006462035,1,1,0,0,0,1,0,1,1,0,0,0,1,0
1,1,0,0,0.014084507042253521,0,1,0.12,0.006923609508423726,0,0,0,0,0,1,0,0,0,0,0,0,1,0
1,0,0,0,0.5774647887323944,1,1,0.8700000000000001,0.505654281098546,1,1,0,1,0,1,0,1,1,0,0,0,1,0
0,0,0,0,0.09859154929577466,1,1,0.52,0.06150473113316409,0,1,0,0,0,0,0,0,0,0,0,0,0,1
1,0,1,1,0.7183098591549296,1,0,0.010000000000000009,0.12139395338102932,0,0,1,0,0,0,0,0,0,0,1,0,0,1
0,0,0,0,0.4507042253521127,1,1,0.6100000000000001,0.29517655204246485,0,1,0,0,1,1,0,0,0,0,0,1,0,0
0,0,0,0,0.647887323943662,1,0,0.76,0.5212324024924994,1,1,0,1,1,0,0,1,0,1,0,0,0,0
1,0,1,1,0.8873239436619719,1,0,0.020000000000000018,0.14528040618509117,0,0,1,0,0,0,0,0,0,0,1,0,0,1
0,1,1,0,1.0,1,1,0.6599999999999999,0.7065543503346411,0,1,0,1,1,0,1,0,0,0,1,1,0,0
0,0,1,0,0.9859154929577465,1,0,0.6599999999999999,0.6852065543503346,1,0,0,0,1,1,1,1,1,0,1,1,0,0
1,0,1,1,0.7464788732394366,1,0,0.51,0.4446111239326102,0,0,0,1,0,1,1,0,1,0,1,0,0,0
1,0,1,1,0.19718309859154928,1,0,0.010000000000000009,0.029309946918993766,0,0,1,0,0,0,0,0,0,0,0,0,0,1
1,0,0,0,0.08450704225352114,1,0,0.010000000000000009,0.014539579967689823,0,0,1,0,0,0,0,0,0,0,0,0,0,1
1,0,1,1,0.295774647887324,1,1,0.5700000000000001,0.18428340641587815,1,1,0,0,0,0,0,0,0,0,0,0,0,0
0,1,0,0,0.19718309859154928,1,1,0.6200000000000001,0.13835679667666745,1,1,0,0,1,0,0,0,0,0,0,0,1,0
0,0,1,0,0.7183098591549296,0,1,0.21000000000000002,0.23101777059773831,0,0,0,1,0,0,0,0,1,0,0,0,1,0
1,0,1,0,0.6619718309859155,1,1,0.79,0.5393491807062082,0,1,0,0,1,1,0,1,1,1,0,0,1,0
0,0,0,0,0.3943661971830986,1,1,0.39999999999999997,0.19363027925225018,0,0,0,1,1,0,1,0,0,1,0,0,1,0
1,0,1,0,0.19718309859154928,1,0,0.5700000000000001,0.12647126702054004,0,1,0,0,1,0,0,0,0,0,0,0,0,0
1,0,1,0,0.323943661971831,1,0,0.020000000000000018,0.050542349411493194,0,0,1,0,0,0,0,0,0,1,0,0,0,1
1,0,1,1,0.09859154929577466,1,0,0.37000000000000005,0.04938841449342257,1,0,0,0,1,0,0,0,0,0,0,0,1,0
0,0,1,0,0.16901408450704225,0,1,0.36000000000000004,0.07939072236325873,0,0,0,1,0,0,1,1,1,0,0,0,1,0
0,0,1,0,0.8169014084507042,0,1,0.23000000000000004,0.2808677590583891,0,0,0,0,1,0,0,0,1,0,0,0,0,0
1,1,0,0,0.0,0,1,0.07,0.0008077544426494348,0,0,0,0,0,0,0,0,0,0,0,0,1,0
0,0,1,1,0.056338028169014086,1,1,0.6200000000000001,0.04234941149319178,1,1,0,0,1,0,0,0,0,0,0,0,1,0
1,0,1,1,1.0,1,1,0.6500000000000001,0.7013616432033233,0,0,0,1,1,1,1,1,1,0,1,0,0,0
1,0,0,1,0.22535211267605634,1,1,0.74,0.1774751903992615,1,1,0,0,1,1,1,0,0,0,0,1,0,0
0,0,1,1,0.3098591549295775,1,0,0.010000000000000009,0.04823447957535195,0,0,1,0,0,0,0,0,0,1,0,0,0,1
1,0,1,1,0.2112676056338028,1,0,0.8200000000000001,0.17355181167782138,0,1,0,1,0,1,0,1,1,0,0,0,0,0
1,0,1,0,0.9577464788732395,1,1,0.43,0.47461343180244636,0,0,0,0,1,0,0,0,1,0,1,1,0,0
1,1,0,0,0.619718309859155,0,0,0.16000000000000003,0.18209093007154398,0,0,0,0,0,0,0,0,1,1,0,0,1,0
1,0,0,0,0.04225352112676056,0,0,0.17000000000000004,0.013501038541426265,0,0,0,1,0,1,0,0,0,0,0,0,0,1
1,0,1,0,0.9014084507042254,1,1,0.37000000000000005,0.4217632125548119,0,0,0,1,0,1,0,0,0,0,0,0,0,1
0,0,0,0,0.19718309859154928,1,1,0.08000000000000002,0.04154165705054235,1,0,1,0,0,0,0,0,0,0,0,0,1,0
0,0,0,0,0.056338028169014086,1,0,0.8600000000000001,0.06035079621509347,1,1,0,0,1,1,0,1,1,0,0,0,0,1
1,0,1,0,0.9014084507042254,1,0,0.39999999999999997,0.44299561504731133,0,0,0,1,0,1,1,0,0,0,1,1,0,0
1,0,0,0,0.4084507042253521,1,0,0.56,0.26425109623817217,0,0,0,1,1,1,1,1,0,1,0,1,0,0
1,0,0,0,0.02816901408450704,1,0,0.010000000000000009,0.004615739672282484,0,0,1,0,0,0,0,0,0,0,0,0,1,0
0,0,0,0,0.6056338028169015,1,1,0.72,0.46676667435956615,1,1,0,0,0,1,0,0,1,0,0,0,0,1
0,0,0,0,0.014084507042253521,1,1,0.36000000000000004,0.01107777521347796,1,0,0,0,1,0,0,0,0,0,0,0,0,1
0,1,1,0,0.6338028169014085,1,1,0.8,0.5245788137549042,1,1,0,0,0,1,0,1,1,0,0,0,1,0
0,0,0,0,0.295774647887324,1,0,0.010000000000000009,0.04661897069005308,0,0,1,0,0,0,0,0,0,1,0,0,0,1
1,1,0,0,0.676056338028169,1,1,0.72,0.5189245326563582,1,1,0,0,0,1,0,0,1,0,0,1,0,0
0,0,0,0,0.02816901408450704,1,0,0.72,0.0252711747057466,0,1,0,0,0,0,0,1,1,0,0,0,0,1
1,0,0,0,0.0,1,0,0.010000000000000009,0.00011539349180706218,0,0,1,0,0,0,0,0,0,0,0,0,0,1
1,0,0,0,0.4084507042253521,1,0,0.6699999999999999,0.2927532887145165,0,1,0,0,0,0,1,1,0,0,0,0,1,0
1,0,0,0,0.11267605633802817,1,1,0.020000000000000018,0.01488576044311101,0,0,1,0,0,0,0,0,0,0,0,1,0,0
0,1,0,0,0.7183098591549296,0,1,0.31,0.2921763212554812,0,0,0,0,1,0,0,1,1,0,0,0,1,0
0,0,0,0,0.5774647887323944,1,1,0.81,0.4938841449342257,1,1,0,1,1,1,0,0,1,1,0,0,1,0
1,0,1,1,0.7746478873239437,1,0,0.47000000000000003,0.4031848603738749,1,0,0,1,0,0,0,1,0,1,0,0,0,0
0,0,0,0,0.8450704225352113,1,1,0.8900000000000001,0.7504038772213247,1,1,0,1,1,1,0,1,1,1,0,0,1,0
1,0,0,1,0.6901408450704226,1,0,0.020000000000000018,0.10985460420032311,0,0,1,0,0,0,0,0,0,0,1,1,0,0
0,1,1,0,0.7887323943661972,0,1,0.26,0.29471497807523656,0,0,0,0,0,0,0,1,1,0,0,0,1,0
0,0,0,0,0.02816901408450704,1,0,0.6100000000000001,0.02873297945995846,0,1,0,0,0,0,0,1,0,0,0,0,1,0
1,1,0,0,0.014084507042253521,1,0,0.52,0.015693514885760443,0,1,0,0,0,0,0,0,0,0,0,0,1,0
1,0,0,0,0.1267605633802817,1,1,0.6200000000000001,0.09369951534733442,1,1,0,0,1,0,0,0,0,0,0,0,0,0
1,0,0,0,0.36619718309859156,1,0,0.010000000000000009,0.05573505654281099,0,0,1,0,0,0,0,0,0,1,0,0,0,1
0,0,0,0,0.4366197183098592,1,1,0.6699999999999999,0.3053311793214863,1,1,0,0,0,0,0,0,1,0,0,0,0,0
1,0,1,1,0.3943661971830986,1,0,0.020000000000000018,0.06231248557581353,0,0,1,0,0,0,0,0,0,0,1,0,0,1
1,1,1,0,0.18309859154929578,1,1,0.8200000000000001,0.15589660743134087,1,1,0,0,1,0,0,1,1,0,0,0,1,0
0,0,0,0,1.0,1,0,0.6799999999999999,0.7161320101546272,1,0,0,1,1,1,1,1,1,0,1,0,0,0
1,0,1,1,0.46478873239436624,0,0,0.43,0.22790214631894762,0,0,0,1,0,1,1,1,1,1,0,0,0,1
1,1,0,0,0.056338028169014086,0,0,0.27,0.02077082852527118,0,0,0,0,0,0,0,1,1,0,0,0,1,0
1,1,0,0,0.619718309859155,1,1,0.52,0.351257789060697,1,0,0,1,0,0,1,0,1,0,0,0,1,0
1,0,0,0,0.5352112676056339,0,0,0.23000000000000004,0.18220632356335104,0,0,0,0,1,1,1,0,0,0,0,0,0,0
0,1,0,0,0.7183098591549296,1,1,0.54,0.43976459727671363,1,1,0,0,0,0,0,0,0,0,0,0,0,0
0,0,1,0,0.1267605633802817,1,1,0.36000000000000004,0.06346642049388415,0,0,0,1,0,0,1,0,0,0,0,1,0,0
1,0,0,0,0.3098591549295775,1,1,0.55,0.2005538887606739,1,0,0,0,0,0,1,1,1,1,0,0,0,1
1,0,1,1,0.056338028169014086,1,1,0.6500000000000001,0.04454188783752596,0,1,0,0,1,0,0,0,1,0,0,0,1,0
1,0,0,0,0.04225352112676056,1,1,0.6200000000000001,0.034733441033925685,1,1,0,1,0,0,0,0,0,0,0,0,1,0
1,0,0,1,0.6338028169014085,1,1,0.6599999999999999,0.45465035771982465,1,1,0,0,0,1,1,0,0,0,0,0,0,0
0,0,0,0,0.056338028169014086,1,1,0.5700000000000001,0.03911839372259405,1,1,0,0,0,0,0,0,0,0,0,0,0,0
1,1,0,0,0.7887323943661972,1,0,0.8300000000000001,0.6647819063004846,1,1,0,1,0,1,1,0,1,0,1,1,0,0
1,0,1,1,0.0,1,0,0.010000000000000009,0.00011539349180706218,0,0,1,0,0,0,0,0,0,0,0,0,0,1
0,0,0,0,0.26760563380281693,1,1,0.010000000000000009,0.0462727902146319,0,0,1,0,0,0,0,0,0,0,1,0,0,1
0,0,0,0,0.6619718309859155,1,1,0.9000000000000001,0.5826217401338565,1,1,0,0,1,1,0,1,1,0,1,0,0,0
0,0,0,0,0.014084507042253521,1,1,0.77,0.020655435033464113,0,1,0,0,0,1,0,1,1,0,0,0,1,0
0,0,1,0,0.3802816901408451,1,0,0.78,0.3076390491576275,1,1,0,0,1,1,0,1,0,0,0,1,0,0
0,0,1,0,1.0,1,1,0.69,0.7168243711054696,1,0,0,1,1,1,1,1,1,0,1,0,0,0
1,0,1,1,0.22535211267605634,1,1,0.37000000000000005,0.10408492960997001,0,0,0,1,0,0,1,0,0,0,0,1,0,0
1,0,1,1,0.47887323943661975,0,0,0.22000000000000003,0.15751211631663975,0,0,0,0,0,0,1,1,0,1,0,0,0,1
0,0,1,0,0.5211267605633804,1,0,0.73,0.39937687514424186,1,1,0,1,0,0,0,1,0,0,0,0,0,0
0,0,1,1,0.08450704225352114,1,1,0.020000000000000018,0.018001384721901686,0,0,1,0,0,0,0,0,0,0,0,0,0,0
1,0,1,0,0.35211267605633806,0,0,0.17000000000000004,0.11077775213477961,0,0,0,1,0,1,0,0,0,1,0,1,0,0
0,0,1,1,0.8450704225352113,1,0,0.020000000000000018,0.139395338102931,0,0,1,0,0,0,0,0,0,1,0,0,0,1
1,0,0,0,0.02816901408450704,1,1,0.45,0.01580890837756751,1,0,0,0,0,0,1,1,0,0,0,0,1,0
1,0,0,0,0.36619718309859156,1,0,0.6000000000000001,0.23771059312254791,0,0,0,0,1,1,1,1,1,1,0,0,0,1
1,0,1,1,0.8028169014084507,1,0,0.5700000000000001,0.507385183475652,1,0,0,1,0,1,1,1,0,0,1,0,0,1
0,0,1,0,0.04225352112676056,1,0,0.32,0.018578352180936994,0,0,0,0,0,0,1,0,0,0,0,0,0,1
0,0,1,1,1.0,1,1,0.8600000000000001,0.8676436648972998,1,1,0,1,1,1,1,0,1,1,0,1,0,0
1,0,0,0,0.647887323943662,1,0,0.5700000000000001,0.406992845603508,0,1,0,1,0,0,0,0,0,0,0,1,0,0
1,1,1,0,0.5774647887323944,1,1,0.56,0.37052850219247635,0,1,0,1,0,0,0,0,0,0,0,1,0,0
0,0,0,0,0.0,1,0,0.29000000000000004,0.0033464112624048007,0,0,0,1,0,0,0,0,0,0,0,0,1,0
0,1,1,0,0.7042253521126761,0,1,0.10999999999999999,0.16628202169397646,0,0,0,0,1,0,0,0,0,0,0,1,0,0
1,0,1,1,0.676056338028169,1,1,0.69,0.4993076390491577,0,0,0,1,1,1,1,1,1,1,0,0,0,1
1,0,0,0,0.8028169014084507,1,1,0.8800000000000001,0.7070159243018693,0,1,0,1,1,1,0,1,1,1,0,0,1,0
0,0,0,0,0.8591549295774649,1,1,0.78,0.7047080544657282,1,1,0,0,0,1,0,1,1,1,0,0,1,0
1,0,0,0,0.14084507042253522,1,1,0.46,0.08054465728132934,0,0,0,0,0,0,0,1,1,0,0,0,1,0
0,0,0,1,0.8591549295774649,1,0,0.38000000000000006,0.4003000230786984,0,0,0,1,1,0,0,0,0,1,0,0,0,0
0,0,0,0,0.0,1,1,0.5700000000000001,0.006577429033002539,1,1,0,0,0,0,0,0,0,0,0,0,1,0
1,0,1,1,0.7605633802816901,1,0,0.010000000000000009,0.12289406877452112,0,0,1,0,0,0,0,0,0,0,1,1,0,0
0,0,0,0,0.0,1,1,0.35000000000000003,0.004038772213247173,0,0,0,1,0,0,1,0,0,0,0,0,1,0
1,0,1,1,0.9295774647887325,0,1,0.41,0.4713824140318486,0,0,0,0,1,1,1,1,1,0,1,0,1,0
0,0,1,1,1.0,1,1,0.71,0.7336718209093007,1,0,0,1,1,1,1,1,1,0,1,0,0,1
0,0,0,0,0.5070422535211268,1,0,0.020000000000000018,0.08850680821601663,0,0,1,0,0,0,0,0,0,1,0,1,0,0
1,0,0,0,0.18309859154929578,1,1,0.51,0.10420032310177707,0,0,0,0,0,0,1,1,1,0,0,0,1,0
1,1,0,0,0.08450704225352114,1,1,0.46,0.05481190860835449,0,0,0,0,1,1,0,1,0,0,0,0,1,0
0,0,0,0,0.02816901408450704,1,0,0.72,0.028848372951765525,0,1,0,0,1,1,0,0,1,0,0,0,1,0
1,1,0,0,0.02816901408450704,1,1,0.6100000000000001,0.02157858296792061,1,1,0,0,1,0,0,0,0,0,0,0,1,0
0,0,0,0,0.9014084507042254,1,0,0.07,0.18878375259635358,1,0,1,0,0,0,0,0,0,0,1,0,0,1
0,0,0,0,0.323943661971831,1,1,0.81,0.27532887145165014,1,1,0,0,1,0,0,1,1,0,0,0,0,0
0,0,1,0,0.056338028169014086,1,0,0.010000000000000009,0.012462497115162705,0,0,1,0,0,0,0,0,0,0,0,0,0,1
0,1,0,0,0.25352112676056343,1,1,0.72,0.18947611354719596,1,1,0,1,0,0,0,1,0,0,0,0,1,0
1,0,0,0,0.5211267605633804,1,0,0.6599999999999999,0.3656819755365798,1,0,0,1,1,1,0,1,1,1,0,0,0,0
0,0,0,0,0.8169014084507042,1,0,0.07,0.17216708977613665,1,0,1,0,0,0,0,0,0,0,1,0,0,1
0,0,0,0,0.014084507042253521,1,0,0.010000000000000009,0.001153934918070621,0,0,1,0,0,0,0,0,0,1,0,1,0,0
0,0,1,1,0.23943661971830985,0,0,0.28,0.0916224324948073,0,0,0,0,1,1,0,1,0,1,0,1,0,0
0,0,0,0,0.36619718309859156,1,0,0.020000000000000018,0.06658204477267483,0,0,1,0,0,0,0,0,0,1,0,0,0,1
1,1,1,0,0.5492957746478874,0,1,0.21000000000000002,0.18682206323563352,0,0,0,0,1,0,0,1,0,0,0,0,1,0
1,0,0,0,0.6901408450704226,1,1,0.9100000000000001,0.6384721901684745,1,1,0,1,1,0,1,1,1,0,1,0,1,0
1,0,1,1,1.0,1,1,0.9500000000000002,0.949688437572121,1,1,0,1,1,1,1,1,1,0,1,0,0,0
1,0,0,0,0.0,1,0,0.020000000000000018,0.00023078698361412436,0,0,1,0,0,0,0,0,0,0,0,0,0,1
1,0,1,1,0.4084507042253521,1,1,0.46,0.22697899838449112,0,0,0,0,0,1,1,1,0,1,0,0,1,0
1,0,1,0,0.8591549295774649,1,1,0.6599999999999999,0.5921993999538426,1,0,0,1,1,0,1,1,1,0,1,0,1,0
0,0,0,1,0.4507042253521127,1,1,0.020000000000000018,0.07662127855988923,0,0,1,0,0,0,0,0,0,1,0,0,0,1
1,0,0,0,0.5633802816901409,0,1,0.22000000000000003,0.191437802907916,0,0,0,0,1,0,0,0,1,0,0,0,1,0
0,0,0,1,0.14084507042253522,1,0,0.6799999999999999,0.10096930533117933,1,1,0,0,0,0,0,0,1,0,0,0,1,0
0,0,1,1,0.04225352112676056,1,0,0.06,0.006346642049388415,1,0,1,0,0,0,0,0,0,1,0,1,0,0
1,0,0,0,0.04225352112676056,1,0,0.27,0.01996307408262174,0,0,0,0,0,0,0,0,0,0,0,0,0,1
1,1,1,0,0.6901408450704226,1,1,0.53,0.3953381029309947,0,1,0,0,0,0,0,0,0,0,0,0,1,0
0,0,1,0,0.8873239436619719,1,1,0.8700000000000001,0.7852527117470575,1,1,0,0,1,0,1,1,1,0,1,0,1,0
0,0,1,1,0.28169014084507044,1,0,0.010000000000000009,0.03831063927994461,0,0,1,0,0,0,0,0,0,1,0,0,0,1
1,0,0,0,0.04225352112676056,0,0,0.3,0.02123240249249942,0,0,0,1,0,1,1,0,1,0,0,0,0,1
1,0,0,0,0.3802816901408451,1,0,0.38000000000000006,0.17355181167782138,0,0,0,1,1,0,0,0,0,0,0,0,1,0
1,1,0,0,0.16901408450704225,1,1,0.77,0.14678052157858298,1,1,0,0,0,0,0,1,1,0,0,0,1,0
1,0,1,0,0.014084507042253521,1,0,0.020000000000000018,0.002884837295176552,0,0,1,0,0,0,0,0,0,0,0,0,0,0
1,1,0,0,0.22535211267605634,1,0,0.020000000000000018,0.036002769443803366,0,0,1,0,0,0,0,0,0,1,0,0,0,1
1,0,0,0,0.7464788732394366,1,1,0.77,0.5822755596584352,1,1,0,0,0,1,1,0,1,0,1,0,0,0
0,0,0,0,0.1267605633802817,1,1,0.56,0.09150703900300024,1,1,0,0,0,0,0,0,0,0,0,0,0,1
1,1,1,0,0.971830985915493,1,1,0.010000000000000009,0.16662820216939767,0,0,1,0,0,0,0,0,0,0,1,1,0,0
0,0,0,0,0.09859154929577466,1,1,0.48000000000000004,0.06092776367412878,0,0,0,0,0,0,0,1,1,0,0,0,1,0
0,1,0,0,0.0,1,0,0.28,0.0032310177705977385,0,0,0,0,0,0,0,0,0,0,0,0,1,0
1,0,0,0,0.4366197183098592,1,0,0.010000000000000009,0.0672744057235172,0,0,1,0,0,0,0,0,0,0,0,0,0,0
1,0,1,0,0.02816901408450704,1,1,0.77,0.03161781675513501,1,1,0,0,0,0,0,1,1,0,0,0,1,0
0,0,1,0,0.47887323943661975,0,0,0.35000000000000003,0.22063235633510273,0,0,0,1,0,1,0,1,1,1,0,1,0,0
0,0,1,0,0.7746478873239437,1,0,0.010000000000000009,0.1278559889222248,0,0,1,0,0,0,0,0,0,1,0,1,0,0
1,0,1,0,0.014084507042253521,1,1,0.6200000000000001,0.02030925455804293,0,1,0,1,0,0,1,0,0,0,0,0,1,0
1,0,1,1,0.25352112676056343,1,0,0.020000000000000018,0.04258019847680591,0,0,1,0,0,0,0,0,0,0,1,0,0,1
0,1,0,0,0.056338028169014086,1,0,0.32,0.0252711747057466,0,0,0,0,0,1,0,0,0,0,0,0,1,0
1,0,1,0,0.676056338028169,1,0,0.53,0.39856912070159245,1,0,0,1,1,1,0,0,1,1,0,0,1,0
0,1,1,0,0.46478873239436624,1,1,0.5700000000000001,0.2777521347795984,1,1,0,0,0,0,0,0,0,0,0,0,1,0
1,0,0,0,0.014084507042253521,0,1,0.12,0.004731133164089546,0,0,0,0,0,0,1,0,0,0,0,0,1,0
0,0,0,0,0.9014084507042254,1,0,0.8700000000000001,0.7630971613201015,1,1,0,0,1,1,0,1,1,0,1,1,0,0
1,1,0,0,0.02816901408450704,1,1,0.52,0.025040387722132476,0,1,0,0,0,0,0,0,0,0,0,0,1,0
0,0,0,0,0.0,1,1,0.010000000000000009,0.00011539349180706218,0,0,1,0,0,0,0,0,0,0,0,0,0,1
1,0,0,0,0.0,1,0,0.6100000000000001,0.007039003000230788,0,1,0,0,0,0,0,1,0,0,0,0,1,0
1,0,0,0,0.323943661971831,1,1,0.31,0.14020309254558044,0,0,0,0,0,1,0,0,0,0,0,1,0,0
0,0,0,0,0.11267605633802817,1,0,0.5700000000000001,0.07419801523194093,0,1,0,1,0,0,0,0,0,0,0,0,1,0
0,0,0,0,0.3098591549295775,1,0,0.020000000000000018,0.044657281329333026,0,0,1,0,0,0,0,0,0,1,0,0,0,0
1,0,0,0,0.0,1,1,0.6100000000000001,0.007039003000230788,0,1,0,0,0,0,0,1,0,0,0,0,1,0
0,1,1,0,0.8732394366197184,1,1,0.6599999999999999,0.6128548349873066,0,0,0,1,1,1,1,1,1,1,0,0,0,0
1,0,0,0,0.0,1,0,0.27,0.0031156242787906763,0,0,0,0,0,0,0,0,0,0,0,0,0,1
0,0,1,0,0.971830985915493,1,0,0.54,0.6054696515116548,1,0,0,0,1,1,1,1,0,0,1,0,0,0
0,0,1,1,0.5211267605633804,1,1,0.76,0.4151857835218094,1,1,0,0,0,1,1,1,0,0,1,0,0,0
1,0,0,0,0.9859154929577465,1,1,1.0,0.9761135471959381,1,1,0,1,1,1,1,1,1,0,1,0,1,0
0,0,0,0,0.0,0,1,0.17000000000000004,0.0019616893607200554,0,0,0,0,0,0,0,0,1,0,0,0,1,0
0,0,1,1,0.7183098591549296,1,1,0.78,0.5737364412647127,1,1,0,0,0,1,1,0,1,0,1,0,0,0
1,1,1,0,0.7464788732394366,1,1,0.81,0.6253173321024694,0,1,0,0,0,1,1,1,1,1,0,0,1,0
1,0,0,0,0.2112676056338028,1,0,0.5700000000000001,0.13777982921763213,0,1,0,0,1,0,0,0,0,0,0,0,0,0
1,0,1,1,0.2112676056338028,1,1,0.71,0.16293561043157168,0,1,0,0,1,1,0,1,0,0,0,1,0,0
1,0,1,0,0.18309859154929578,1,0,0.8700000000000001,0.15347334410339258,0,1,0,1,1,0,1,1,1,1,0,0,0,1
1,0,1,1,0.04225352112676056,1,0,0.32,0.022963304869605357,0,0,0,1,0,0,0,0,0,0,0,0,1,0
1,0,1,1,0.8591549295774649,1,1,0.52,0.49411493191783984,1,0,0,0,0,0,0,1,1,0,0,1,0,0
1,1,0,0,0.26760563380281693,1,1,0.76,0.20355411954765754,1,1,0,0,1,1,0,0,1,0,0,0,1,0
0,0,0,0,0.7042253521126761,1,0,0.6799999999999999,0.4903069466882068,0,1,0,1,0,0,0,1,0,1,0,0,0,1
0,0,0,0,0.056338028169014086,1,0,0.29000000000000004,0.02365566582044773,1,0,0,0,0,0,0,0,0,0,0,0,1,0
0,0,0,0,0.11267605633802817,1,1,0.020000000000000018,0.016732056312024006,0,0,1,0,0,0,0,0,0,1,0,0,0,1
1,0,0,0,0.7323943661971831,1,1,0.8200000000000001,0.5979690745441957,0,1,0,0,1,1,0,1,1,1,0,0,0,1
0,0,1,0,0.3943661971830986,1,1,0.6699999999999999,0.27948303715670436,1,1,0,0,1,1,0,0,0,0,0,0,1,0
0,0,1,0,0.9859154929577465,1,1,0.98,0.9568428340641588,1,1,0,1,1,1,1,1,1,0,1,0,0,0
1,0,1,0,0.9859154929577465,1,1,0.6599999999999999,0.6867066697438264,0,0,0,1,1,1,1,1,1,0,1,1,0,0
1,0,0,0,0.323943661971831,1,1,0.8600000000000001,0.28571428571428575,1,1,0,0,1,1,0,1,1,0,0,0,1,0
1,0,0,0,0.5774647887323944,1,1,0.31,0.23759519963074086,0,0,0,0,1,0,0,0,0,0,0,0,1,0
0,0,0,0,0.14084507042253522,1,1,0.42,0.0773136395107316,0,0,0,0,1,1,1,0,0,0,0,0,1,0
1,0,1,1,0.23943661971830985,1,0,0.020000000000000018,0.03911839372259405,0,0,1,0,0,0,0,0,0,0,0,0,0,1
1,0,1,0,0.056338028169014086,1,0,0.49000000000000005,0.03831063927994461,1,0,0,0,0,1,1,1,0,0,0,0,0,0
1,0,1,0,0.5070422535211268,1,1,0.81,0.4320332333256405,1,1,0,0,0,1,0,1,1,0,0,0,1,0
0,0,1,1,0.0,1,0,0.010000000000000009,0.00011539349180706218,0,0,1,0,0,0,0,0,0,1,0,1,0,0
0,0,1,1,0.619718309859155,1,0,0.55,0.3869143780290792,1,0,0,1,1,0,1,1,0,0,1,1,0,0
1,0,0,0,0.0,1,1,0.6100000000000001,0.007039003000230788,1,1,0,0,1,0,0,0,0,0,0,0,0,1
1,1,0,0,0.7887323943661972,0,1,0.37000000000000005,0.354950380798523,0,0,0,0,1,1,0,1,1,0,0,0,1,0
1,1,1,0,0.9577464788732395,1,0,0.69,0.6966305100392338,0,1,0,1,1,0,0,0,1,1,0,1,0,0
1,0,1,1,0.4366197183098592,0,1,0.17000000000000004,0.11920147703669515,0,0,0,1,1,0,0,0,0,0,0,0,1,0
0,0,1,0,1.0,1,0,0.07,0.19524578813754906,1,0,1,0,0,0,0,0,0,0,1,0,0,1
1,0,0,1,0.08450704225352114,1,0,0.020000000000000018,0.009000692360950843,0,0,1,0,0,0,0,0,0,1,0,0,0,1
0,1,1,0,0.22535211267605634,1,1,0.5800000000000001,0.14020309254558044,0,1,0,0,1,0,0,0,0,0,0,0,1,0
1,0,1,0,0.9577464788732395,1,1,0.8800000000000001,0.83464112624048,0,1,0,1,1,0,1,1,1,1,0,1,0,0
0,0,1,0,0.9859154929577465,1,1,0.6799999999999999,0.6954765751211631,0,0,0,1,1,1,1,1,1,0,1,0,0,0
1,0,1,1,0.8450704225352113,0,0,0.33,0.3722594045695823,0,0,0,0,1,1,1,1,0,0,1,1,0,0
1,0,1,0,0.8028169014084507,1,1,0.76,0.6452804061850912,1,1,0,0,1,1,0,0,1,1,0,0,1,0
1,0,0,0,0.3098591549295775,1,0,0.36000000000000004,0.14204938841449344,1,0,0,1,0,0,0,0,0,0,0,0,1,0
0,0,0,0,0.323943661971831,1,1,0.78,0.24278790676205864,0,1,0,0,0,0,1,1,1,0,0,0,1,0
1,1,1,0,0.3098591549295775,1,1,0.77,0.2663281790906993,0,1,0,1,0,0,0,1,1,0,0,0,1,0
1,0,1,0,1.0,1,0,0.010000000000000009,0.17055158089083777,0,0,1,0,0,0,0,0,0,0,1,0,0,0
1,0,1,1,0.22535211267605634,1,0,0.76,0.18336025848142165,1,1,0,1,0,1,0,1,0,0,0,0,1,0
0,0,0,0,0.8450704225352113,1,1,0.8800000000000001,0.7249019155319639,1,1,0,1,0,1,0,1,1,0,0,0,1,0
1,0,0,0,0.5492957746478874,1,0,0.020000000000000018,0.09069928456035081,0,0,1,0,0,0,0,0,0,0,1,0,0,1
0,0,0,0,0.46478873239436624,1,0,0.98,0.44784214170320796,1,1,0,1,1,1,1,1,1,1,0,1,0,0
1,0,1,1,1.0,1,1,0.020000000000000018,0.1689360720055389,0,0,1,0,0,0,0,0,0,0,1,0,0,1
0,1,0,0,0.6619718309859155,1,1,0.81,0.5453496422801754,1,1,0,0,1,0,0,1,1,1,0,0,1,0
0,0,1,0,0.5633802816901409,1,1,0.55,0.3442187860604662,1,0,0,0,0,1,0,1,1,1,0,0,1,0
0,0,1,0,0.18309859154929578,0,0,0.28,0.0748903761827833,0,0,0,0,0,0,0,1,1,0,0,0,1,0
1,0,0,1,0.33802816901408456,0,0,0.17000000000000004,0.09531502423263329,0,0,0,1,0,0,1,0,0,0,1,0,0,0
1,1,1,0,0.5211267605633804,1,0,0.77,0.4123009462266328,1,1,0,1,1,0,0,0,1,1,0,1,0,0
1,1,1,0,0.7746478873239437,1,1,0.5800000000000001,0.4912300946226633,1,1,0,0,0,0,1,0,0,0,0,0,0,0
0,1,1,0,0.1267605633802817,1,1,0.6799999999999999,0.09669974613431803,1,1,0,0,0,0,0,0,1,0,0,0,1,0
0,0,0,0,0.04225352112676056,1,1,0.54,0.033117932148626815,1,1,0,0,0,0,0,0,0,0,0,0,0,0
0,0,1,1,0.33802816901408456,1,0,0.6699999999999999,0.25167320563120243,0,1,0,0,0,0,1,1,0,0,0,0,1,0
0,0,1,1,0.8873239436619719,1,0,0.51,0.511077775213478,0,0,0,1,0,1,1,1,0,0,1,0,0,1
1,0,0,0,0.08450704225352114,1,1,0.41,0.04050311562427879,0,0,0,1,0,0,0,0,1,1,0,0,1,0
1,1,0,0,0.323943661971831,1,1,0.020000000000000018,0.05088852988691438,0,0,1,0,0,0,0,0,0,0,0,0,0,1
1,1,0,0,0.28169014084507044,1,1,0.77,0.2315947380567736,1,1,0,0,0,0,0,1,1,0,0,0,0,0
0,0,1,0,0.9154929577464789,1,0,0.6699999999999999,0.6369720747749826,1,0,0,1,1,0,1,1,1,0,1,0,1,0
0,0,0,0,0.5352112676056339,1,1,0.8800000000000001,0.46411262404800374,1,1,0,1,1,0,0,1,1,0,0,0,1,0
0,0,1,0,0.7746478873239437,1,0,0.71,0.5693514885760443,0,1,0,0,0,0,0,1,1,0,0,0,0,1
0,1,1,0,0.07042253521126761,1,1,0.6200000000000001,0.05065774290330025,1,1,0,0,0,1,0,0,0,0,0,0,1,0
1,0,0,0,0.5070422535211268,1,0,0.6200000000000001,0.34629586891299335,0,1,0,0,1,1,0,0,0,1,0,0,1,0
1,0,0,0,0.15492957746478872,1,1,0.71,0.12427879067620587,0,1,0,0,0,1,1,0,1,0,0,0,1,0
0,0,0,0,0.014084507042253521,1,0,0.020000000000000018,0.0017309023771059314,0,0,1,0,0,0,0,0,0,0,0,0,0,1
1,0,1,1,0.9859154929577465,1,0,0.07,0.20713131779367644,1,0,1,0,0,0,0,0,0,0,1,0,0,0
1,0,1,1,0.08450704225352114,1,0,0.3,0.03819524578813755,1,0,0,0,0,0,0,0,0,0,0,0,1,0
1,0,0,0,0.6901408450704226,1,1,0.8200000000000001,0.5792753288714516,0,1,0,0,1,0,1,1,1,0,1,0,0,1
1,0,1,1,1.0,1,0,0.6100000000000001,0.6591276252019386,1,1,0,1,0,0,0,0,0,0,1,0,0,0
0,0,0,0,0.5211267605633804,1,1,0.51,0.3008308331410109,0,1,0,0,0,0,0,0,0,0,0,1,0,0
0,0,0,1,0.0,0,1,0.13,0.001500115393491807,0,0,0,0,1,0,0,0,0,0,0,0,0,1
1,0,1,1,0.8732394366197184,1,1,0.32,0.3696053542580199,0,0,0,1,0,0,0,0,0,0,1,0,0,0
1,0,1,1,0.6619718309859155,1,0,0.6100000000000001,0.44449573044080315,1,0,0,0,1,0,1,1,1,0,1,0,1,0
0,0,1,0,0.8591549295774649,0,1,0.2,0.2685206554350335,0,0,0,1,1,0,1,0,0,0,1,1,0,0
0,0,1,1,0.056338028169014086,1,0,0.020000000000000018,0.00934687283637203,0,0,1,0,0,0,0,0,0,1,0,0,1,0
1,0,0,0,0.943661971830986,0,0,0.46,0.5216939764597276,0,0,0,1,1,1,1,1,1,0,1,1,0,0
1,1,1,0,0.8169014084507042,1,1,0.76,0.6306254327255942,1,1,0,1,1,1,1,0,0,1,0,0,1,0
0,0,1,0,0.647887323943662,1,0,0.010000000000000009,0.1102007846757443,0,0,1,0,0,0,0,0,0,0,1,0,0,1
1,0,1,0,0.8309859154929577,0,0,0.32,0.3338333717978306,0,0,0,1,1,1,0,0,1,1,0,0,1,0
1,1,1,1,0.4366197183098592,1,1,0.8200000000000001,0.36914378029079165,1,1,0,0,1,0,0,1,1,0,0,0,1,0
1,0,1,1,0.323943661971831,1,0,0.010000000000000009,0.050080775444264945,0,0,1,0,0,0,0,0,0,0,1,0,0,1
0,1,0,0,0.9859154929577465,1,1,0.06,0.20170782367874454,1,0,1,0,0,0,0,0,0,0,1,0,0,1
0,0,1,0,0.3943661971830986,1,1,0.6200000000000001,0.25928917609046853,1,1,0,0,1,0,0,0,0,0,0,0,0,0
0,0,0,0,0.04225352112676056,1,1,0.020000000000000018,0.004269559196861297,0,0,1,0,0,0,0,0,0,0,0,0,1,0
1,0,0,0,0.5211267605633804,1,0,0.5,0.30440803138702976,1,0,0,0,1,0,1,0,1,0,0,1,0,0
1,0,0,0,0.35211267605633806,1,1,0.77,0.2835218093699515,0,1,0,1,0,1,1,0,1,1,0,0,0,0
1,0,1,1,0.2112676056338028,1,0,0.010000000000000009,0.032656358181398566,0,0,1,0,0,0,0,0,0,0,1,0,0,1
0,0,0,0,0.8873239436619719,1,1,0.6599999999999999,0.6082390953150242,1,1,0,1,1,0,0,0,0,1,0,1,0,0
0,0,0,0,0.323943661971831,1,1,0.31,0.1384721901684745,0,0,0,0,1,0,0,0,0,0,0,0,0,1
1,0,0,0,0.014084507042253521,1,1,0.6799999999999999,0.01880913916455112,0,1,0,1,1,0,1,0,0,0,0,0,1,0
1,0,0,0,0.07042253521126761,0,1,0.29000000000000004,0.033117932148626815,0,0,0,0,0,1,0,1,1,0,0,0,1,0
0,0,0,0,0.04225352112676056,1,1,0.6200000000000001,0.03669513039464574,1,1,0,1,0,0,0,0,0,0,0,0,1,0
1,0,0,0,0.35211267605633806,0,1,0.32,0.14528040618509117,0,0,0,0,0,1,0,1,1,0,0,1,0,0
0,0,0,0,0.5774647887323944,1,0,0.07,0.10743134087237481,1,0,1,0,0,0,0,0,0,1,0,0,1,0
1,0,1,0,0.3098591549295775,1,1,0.5,0.19282252480960074,0,0,0,1,0,1,1,0,1,1,0,0,0,0
1,0,1,0,0.295774647887324,1,1,0.6200000000000001,0.1947842141703208,0,1,0,0,0,0,0,1,0,0,0,1,0,0
1,1,0,0,0.3802816901408451,1,1,0.8500000000000001,0.33141010846988234,1,1,0,0,0,1,1,1,1,0,0,0,1,0
1,0,0,0,0.9154929577464789,1,1,0.72,0.6862450957765982,1,0,0,1,1,1,1,1,1,0,1,1,0,0
0,0,0,0,0.014084507042253521,1,1,0.010000000000000009,0.0017309023771059314,0,0,1,0,0,0,0,0,0,0,0,1,0,0
1,1,1,0,0.5211267605633804,1,1,0.56,0.328986845141934,1,1,0,0,0,0,0,0,0,0,0,0,0,0
0,0,1,1,0.056338028169014086,1,1,0.72,0.048003692591737826,0,1,0,1,0,1,0,0,1,0,0,0,0,1
0,0,0,1,0.22535211267605634,1,0,0.6200000000000001,0.1646665128086776,0,0,0,0,1,1,1,1,1,1,0,0,1,0
0,0,0,0,0.3098591549295775,1,0,0.77,0.25086545118855297,0,1,0,0,1,0,0,1,1,0,0,0,0,1
1,0,0,0,0.5352112676056339,0,1,0.32,0.21774751903992617,0,0,0,0,0,1,0,1,1,0,0,1,0,0
1,0,0,0,0.26760563380281693,1,1,0.0,0.03796445880452343,0,0,1,0,0,0,0,0,0,0,0,1,0,0
0,0,0,0,0.2112676056338028,0,0,0.36000000000000004,0.10362335564274176,0,0,0,1,1,1,1,1,0,0,1,0,0,1
0,0,0,1,0.971830985915493,1,0,0.46,0.5230786983614124,1,0,0,1,1,0,1,0,0,1,0,0,0,0
1,0,1,0,1.0,1,0,0.020000000000000018,0.16212785598892224,0,0,1,0,0,0,0,0,0,0,1,0,0,0
0,1,1,0,0.8450704225352113,1,1,0.6699999999999999,0.6038541426263558,1,1,0,0,1,0,1,0,0,1,0,0,0,0
0,0,1,1,0.7746478873239437,1,1,0.6699999999999999,0.5510039233787214,0,1,0,0,1,1,1,0,0,1,0,0,0,1
0,0,1,0,0.9859154929577465,1,0,0.06,0.1975536579736903,1,0,1,0,0,0,0,0,0,0,1,0,0,0
1,0,1,0,0.9577464788732395,1,1,0.98,0.9420724671128549,1,1,0,1,1,1,1,1,1,0,1,0,1,0
0,0,1,0,0.22535211267605634,1,1,0.52,0.13801061620124627,0,1,0,0,0,0,0,0,0,0,0,0,0,0
0,0,0,0,0.46478873239436624,0,1,0.07,0.09623817216708978,0,0,0,0,0,0,0,0,0,0,0,0,0,0
0,0,0,0,0.3943661971830986,1,0,0.010000000000000009,0.05896607431340872,0,0,1,0,0,0,0,0,0,1,0,0,0,1
1,1,1,1,0.3943661971830986,0,1,0.17000000000000004,0.11620124624971152,0,0,0,0,1,1,0,0,0,0,0,0,0,1
1,0,1,0,0.35211267605633806,1,1,0.55,0.21774751903992617,0,0,0,0,1,1,0,1,1,0,1,1,0,0
0,0,1,0,0.9859154929577465,0,0,0.31,0.40353104084929614,0,0,0,0,1,0,0,1,1,0,1,0,1,0
0,1,1,1,0.8028169014084507,1,1,0.71,0.589314562658666,1,1,0,1,1,0,1,0,0,1,0,0,0,0
1,0,1,0,0.33802816901408456,1,1,0.56,0.20528502192476344,0,1,0,0,0,1,0,0,0,0,0,0,1,0
0,0,1,1,0.16901408450704225,1,0,0.79,0.1518578352180937,0,1,0,0,0,1,0,1,1,0,0,0,1,0
1,0,1,1,0.08450704225352114,1,0,0.020000000000000018,0.015231940918532196,0,0,1,0,0,0,0,0,0,0,0,0,0,1
0,1,1,0,0.15492957746478872,1,1,0.6200000000000001,0.10754673436418187,0,1,0,0,0,0,0,0,1,0,0,0,1,0
0,0,0,0,0.02816901408450704,1,1,0.6400000000000001,0.022617124394184167,0,1,0,1,0,0,1,0,0,0,0,0,0,1
1,0,1,1,0.3098591549295775,1,1,0.48000000000000004,0.17482114008769906,0,0,0,1,1,1,1,0,0,1,0,0,0,1
0,0,0,0,0.02816901408450704,1,1,0.8200000000000001,0.03588737595199631,1,1,0,0,0,1,0,1,1,0,0,0,1,0
0,0,1,1,0.7605633802816901,1,0,0.6100000000000001,0.48696053542580203,0,1,0,0,1,0,1,0,0,0,0,0,1,0
0,1,0,0,0.7887323943661972,1,1,0.35000000000000003,0.34814216478190635,0,0,0,0,0,1,1,0,0,1,0,0,1,0
1,1,0,0,0.33802816901408456,1,1,0.71,0.2502884837295177,1,1,0,0,1,0,0,0,1,0,0,0,1,0
1,0,1,1,0.5070422535211268,1,0,0.010000000000000009,0.07673667205169629,0,0,1,0,0,0,0,0,0,0,0,0,1,0
1,0,0,0,0.04225352112676056,1,1,0.27,0.020540041541657054,0,0,0,0,0,0,0,0,0,0,0,0,0,1
1,0,0,0,0.6619718309859155,1,0,0.06,0.13674128779136857,1,0,1,0,0,0,0,0,0,1,0,0,0,0
1,0,0,0,0.04225352112676056,1,0,0.37000000000000005,0.02330948534502654,0,0,0,1,1,0,0,0,0,0,0,0,1,0
1,0,0,0,0.0,1,1,0.36000000000000004,0.004154165705054235,0,0,0,1,1,0,0,0,0,0,0,0,1,0
0,0,0,0,0.9014084507042254,1,1,0.56,0.5523886452804062,1,0,0,0,1,1,1,0,1,0,1,1,0,0
1,0,1,0,0.3943661971830986,1,1,0.56,0.2459035310408493,1,1,0,0,0,0,0,0,0,0,0,0,1,0
0,0,1,0,0.23943661971830985,1,1,0.31,0.0992384029540734,0,0,0,0,0,1,0,0,0,0,0,0,0,1
1,0,0,0,0.8732394366197184,1,1,0.9100000000000001,0.8059081467805216,1,1,0,0,1,1,1,1,1,0,0,1,0,0
0,0,1,0,0.6056338028169015,1,1,0.72,0.45649665358873764,0,1,0,0,0,0,0,1,1,1,0,0,0,0
1,0,1,1,0.18309859154929578,1,0,0.07,0.04084929609969998,1,0,1,0,0,0,0,0,0,0,0,0,0,1
0,0,1,1,0.3098591549295775,1,0,0.39000000000000007,0.16212785598892224,0,0,0,1,0,0,1,0,0,1,0,1,0,0
0,0,0,0,0.18309859154929578,1,1,0.74,0.1522040156935149,0,1,0,0,0,0,0,1,1,0,0,0,1,0
1,1,0,0,0.9154929577464789,1,1,0.8400000000000001,0.802907915993538,1,1,0,0,0,1,1,1,1,1,0,1,0,0
1,0,1,1,0.8873239436619719,0,1,0.36000000000000004,0.3929148396030464,0,0,0,0,1,0,1,1,1,0,1,0,1,0
1,0,1,1,0.5492957746478874,1,1,0.06,0.11608585275790446,1,0,1,0,0,0,0,0,0,0,1,0,0,1
0,0,0,0,0.04225352112676056,1,0,0.5900000000000001,0.03242557119778444,0,1,0,0,0,0,0,1,0,0,0,0,1,0
1,0,0,0,0.0,1,0,0.25,0.002884837295176552,0,0,0,0,0,0,0,0,0,0,0,0,1,0
1,0,1,0,0.7042253521126761,1,1,0.8,0.568774521117009,1,1,0,0,0,1,0,1,1,1,0,0,1,0
0,0,1,0,0.1267605633802817,1,0,0.010000000000000009,0.019732287099007616,0,0,1,0,0,0,0,0,0,1,0,0,0,0
0,0,1,0,0.23943661971830985,1,1,0.81,0.19893837987537505,1,1,0,1,0,0,0,1,1,0,0,0,1,0
0,0,1,0,0.8450704225352113,1,1,0.8800000000000001,0.7335564274174936,1,1,0,1,1,0,0,1,1,0,0,0,1,0
0,0,1,0,1.0,1,0,0.6100000000000001,0.6683591045465036,1,0,0,1,1,1,1,0,1,0,1,1,0,0
0,1,0,0,0.26760563380281693,1,1,0.8,0.21047772905608125,1,1,0,0,0,1,0,1,1,0,0,0,1,0
0,0,1,0,0.619718309859155,1,1,0.6599999999999999,0.42637895222709443,1,1,0,1,0,1,0,0,0,0,0,0,0,1
0,1,1,0,0.2112676056338028,1,1,0.36000000000000004,0.09312254788829911,0,0,0,1,1,0,0,0,0,0,0,0,0,0
1,0,0,0,0.08450704225352114,1,0,0.020000000000000018,0.01580890837756751,0,0,1,0,0,0,0,0,0,0,0,0,0,1
1,0,0,0,0.28169014084507044,1,1,0.81,0.22778675282714056,1,1,0,0,1,0,0,1,1,0,0,1,0,0
1,1,1,0,0.25352112676056343,1,1,0.76,0.20101546272790216,1,1,0,0,0,0,0,1,1,0,0,0,1,0
1,0,0,0,0.9859154929577465,1,0,0.06,0.19628432956381262,1,0,1,0,0,0,0,0,0,0,1,0,1,0
0,0,1,1,0.971830985915493,1,0,0.5,0.5585045003461805,1,0,0,1,0,1,0,1,0,0,1,1,0,0
1,0,0,0,0.014084507042253521,1,0,0.51,0.014539579967689823,0,1,0,0,0,0,0,0,0,0,0,0,0,0
0,0,1,1,0.6901408450704226,1,1,0.26,0.25525040387722137,0,0,0,0,0,0,0,0,0,1,0,0,0,0
0,0,1,1,0.0,1,1,0.72,0.00830833141010847,0,1,0,0,0,0,0,1,1,0,0,0,1,0
1,0,0,0,0.056338028169014086,1,0,0.6200000000000001,0.042234018001384724,0,1,0,0,0,0,0,1,0,0,0,0,1,0
1,0,1,1,0.8732394366197184,1,0,0.45,0.4611123932610201,0,0,0,1,1,1,1,0,0,0,1,0,0,1
1,0,1,1,0.295774647887324,1,0,0.010000000000000009,0.05031156242787907,0,0,1,0,0,0,0,0,0,0,0,0,0,0
0,1,0,0,0.7042253521126761,1,0,0.07,0.1433187168243711,1,0,1,0,0,0,0,0,0,1,0,0,0,0
0,0,1,1,0.46478873239436624,1,0,0.5900000000000001,0.3156012000923148,1,0,0,0,0,1,0,1,1,1,0,0,0,0
0,0,1,0,0.0,1,0,0.5700000000000001,0.006577429033002539,0,1,0,0,0,1,0,0,0,0,0,1,0,0
1,0,0,0,0.0,1,0,0.27,0.0031156242787906763,0,0,0,0,0,0,0,0,0,0,0,0,0,1
1,1,1,0,0.943661971830986,1,1,0.42,0.4566120470805447,0,0,0,0,1,1,1,0,0,1,0,0,0,0
1,0,0,0,0.08450704225352114,1,0,0.43,0.048465266558966075,0,0,0,1,1,1,0,0,0,0,0,0,1,0
1,0,1,0,1.0,1,1,0.6400000000000001,0.6809369951534733,1,0,0,1,1,1,0,1,1,0,1,1,0,0
1,0,0,0,0.3943661971830986,0,1,0.07,0.08008308331410109,0,0,0,0,0,0,0,0,0,0,0,1,0,0
0,0,1,1,0.7464788732394366,1,1,0.52,0.43295638126009695,1,0,0,0,1,0,1,1,0,1,0,0,1,0
1,0,0,0,0.056338028169014086,1,1,0.46,0.038541426263558734,0,0,0,1,0,0,1,1,0,0,0,0,1,0
0,0,0,0,0.08450704225352114,1,0,0.25,0.03000230786983614,0,0,0,0,0,0,0,0,0,0,0,0,0,1
0,0,0,0,0.3802816901408451,1,1,0.73,0.28444495730440805,0,1,0,0,1,0,1,1,0,1,0,0,0,0
1,0,0,0,0.7323943661971831,1,0,0.8700000000000001,0.6535887375951996,1,1,0,0,1,1,0,1,1,0,1,0,1,0
1,0,1,0,1.0,1,1,0.06,0.20286175859681516,1,0,1,0,0,0,0,0,0,0,1,1,0,0
0,0,1,1,0.7183098591549296,0,0,0.26,0.2605585045003462,0,0,0,1,0,1,0,0,1,1,0,0,0,0
0,0,1,1,0.676056338028169,1,0,0.6599999999999999,0.488806831294715,1,1,0,0,0,0,0,1,0,0,0,0,1,0
0,0,1,1,0.943661971830986,1,1,0.5700000000000001,0.6087006692822524,1,0,0,0,1,1,1,0,1,1,0,0,0,0
0,1,1,0,0.8309859154929577,1,1,0.81,0.6922455573505654,1,1,0,0,0,0,1,1,1,0,0,0,1,0
1,0,0,0,0.22535211267605634,1,0,0.020000000000000018,0.0386568197553658,0,0,1,0,0,0,0,0,0,1,0,0,0,1
0,0,0,0,0.295774647887324,1,0,0.47000000000000003,0.16258942995615047,1,0,0,1,1,1,0,0,0,0,0,0,0,1
1,0,0,0,0.11267605633802817,1,1,0.010000000000000009,0.018462958689129935,0,0,1,0,0,0,0,0,0,0,0,0,1,0
1,0,0,0,0.3098591549295775,1,1,0.010000000000000009,0.052157858296792065,0,0,1,0,0,0,0,0,0,0,0,0,0,1
0,0,0,0,0.0,1,1,0.32,0.003692591737825987,0,0,0,0,1,0,0,0,0,0,0,0,0,1
0,1,0,0,0.22535211267605634,1,1,0.27,0.08677590583891069,0,0,0,0,0,0,0,0,0,0,0,0,1,0
0,0,0,1,0.5633802816901409,1,0,0.52,0.33187168243711057,0,0,0,1,1,1,0,1,0,1,0,0,0,1
0,0,0,0,0.35211267605633806,1,0,0.5700000000000001,0.23078698361412417,0,1,0,0,1,0,0,0,0,1,0,0,0,0
1,0,1,1,0.7183098591549296,1,0,0.6699999999999999,0.509462266328179,0,1,0,0,1,1,1,0,0,0,0,0,0,0
0,1,1,0,0.0,0,0,0.07,0.0008077544426494348,0,0,0,0,0,0,0,0,0,0,0,0,1,0
0,0,1,1,0.5070422535211268,0,0,0.22000000000000003,0.1650126932840988,0,0,0,1,1,1,0,0,0,0,0,0,0,0
1,0,0,0,0.971830985915493,1,0,0.8,0.7869836141241634,1,1,0,0,1,0,0,1,1,1,0,0,1,0
0,1,1,0,1.0,1,1,0.6599999999999999,0.6880913916455111,1,0,0,1,1,1,0,1,1,0,1,1,0,0
0,0,0,0,0.08450704225352114,1,1,0.26,0.035079621509346876,0,0,0,0,0,0,0,0,0,0,0,0,0,0
1,0,1,1,0.943661971830986,1,1,0.71,0.7116316639741518,1,0,0,1,1,1,1,1,1,0,1,0,0,0
1,0,1,0,0.11267605633802817,1,0,0.71,0.09635356565889684,0,1,0,0,0,0,0,1,1,0,0,0,1,0
0,0,1,0,0.5070422535211268,1,1,0.72,0.39245326563581817,0,1,0,0,0,1,1,0,1,0,0,0,1,0
1,0,1,1,0.9295774647887325,0,0,0.18,0.278790676205862,0,0,0,1,1,0,0,0,0,0,1,0,0,0
1,0,1,1,0.943661971830986,1,1,0.6000000000000001,0.613316408954535,1,0,0,1,1,1,1,0,1,1,0,0,1,0
0,0,1,1,0.0,1,1,0.56,0.006462035541195477,1,1,0,0,0,0,0,0,0,0,0,0,1,0
1,0,1,1,0.8169014084507042,1,0,0.72,0.5972767135933533,1,0,0,1,1,1,1,1,1,0,1,1,0,0
1,0,1,0,0.7183098591549296,0,0,0.48000000000000004,0.3821832448649896,0,0,0,1,1,1,1,1,1,0,1,1,0,0
1,0,0,0,0.014084507042253521,1,0,0.020000000000000018,0.002423263327948304,0,0,1,0,0,0,0,0,0,0,0,0,0,1
0,0,1,1,0.647887323943662,1,1,0.72,0.49619201477036695,1,0,0,1,1,1,1,1,1,0,1,0,0,1
0,1,1,0,0.3098591549295775,1,1,0.8600000000000001,0.2499423032540965,1,1,0,0,1,1,0,1,1,0,0,0,1,0
0,0,0,0,0.1267605633802817,1,1,0.33,0.058389106854373415,0,0,0,1,0,0,0,0,0,0,0,0,0,1
0,0,0,0,0.943661971830986,1,1,0.06,0.1707823678744519,1,0,1,0,0,0,0,0,0,0,1,0,0,0
1,1,0,0,0.19718309859154928,1,1,0.5700000000000001,0.1302792522501731,0,1,0,0,1,0,0,0,0,0,0,1,0,0
0,0,1,0,0.323943661971831,1,0,0.56,0.19547657512116318,0,0,0,1,0,0,1,1,1,1,0,0,0,0
1,1,1,0,0.323943661971831,0,1,0.22000000000000003,0.10558504500346182,0,0,0,0,0,1,0,0,1,0,0,1,0,0
0,0,1,0,0.9577464788732395,1,1,0.35000000000000003,0.43687975998153705,0,0,0,1,1,0,0,0,0,1,0,1,0,0
1,0,0,0,0.18309859154929578,1,0,0.32,0.0797369028386799,0,0,0,1,0,0,0,0,0,0,0,0,0,0
1,0,1,1,0.7323943661971831,0,1,0.3,0.2858296792060928,0,0,0,1,1,1,0,0,1,0,0,0,0,0
0,0,1,0,0.6338028169014085,1,0,0.010000000000000009,0.09612277867528272,0,0,1,0,0,0,0,0,0,0,0,0,1,0
0,1,0,0,0.647887323943662,1,0,0.6699999999999999,0.46434341103161786,0,1,0,1,0,0,0,0,1,0,0,0,0,1
1,0,1,0,0.2112676056338028,1,0,0.010000000000000009,0.03415647357489038,0,0,1,0,0,0,0,0,0,0,0,0,0,1
0,0,1,1,0.15492957746478872,1,0,0.08000000000000002,0.03415647357489038,1,0,1,0,0,0,0,0,0,1,0,0,0,1
0,0,0,0,0.8591549295774649,1,0,0.8400000000000001,0.7513270251557812,1,1,0,1,1,0,1,0,1,1,0,0,1,0
0,1,0,0,0.02816901408450704,1,1,0.76,0.03657973690283868,1,1,0,0,0,0,0,1,1,0,0,0,1,0
0,0,1,0,0.9295774647887325,1,1,0.8200000000000001,0.7748672974844218,0,1,0,1,1,0,0,1,1,1,0,1,0,0
1,0,0,0,0.0,1,0,0.5700000000000001,0.006577429033002539,0,1,0,1,0,0,0,0,0,0,0,0,0,1
0,0,1,1,0.8450704225352113,1,1,0.8800000000000001,0.7534041080083083,1,1,0,1,1,0,0,1,1,1,0,0,1,0
0,1,1,0,0.8873239436619719,1,0,0.6200000000000001,0.5768520655435033,0,1,0,1,0,1,0,0,0,1,0,1,0,0
1,0,1,0,1.0,1,0,0.6100000000000001,0.6211631663974152,1,0,0,1,1,1,1,1,0,0,1,1,0,0
1,0,1,0,0.7605633802816901,1,1,0.48000000000000004,0.3974151857835218,1,0,0,1,1,0,1,0,0,1,0,1,0,0
1,0,0,1,0.0,1,0,0.41,0.004731133164089546,0,0,0,0,0,1,0,0,1,0,0,0,1,0
1,1,1,0,0.5915492957746479,1,1,0.76,0.47749826909762294,1,1,0,1,1,0,0,1,0,0,0,0,1,0
1,0,0,0,0.9295774647887325,1,1,0.08000000000000002,0.2009000692360951,1,0,1,0,0,0,0,0,0,0,1,0,0,1
1,0,0,0,0.16901408450704225,1,1,0.5700000000000001,0.11320101546272791,1,1,0,0,0,0,0,0,0,0,0,0,0,1
0,0,1,0,0.7746478873239437,1,1,0.8900000000000001,0.6940918532194784,1,1,0,0,1,0,1,1,1,1,0,0,1,0
0,1,0,0,0.5070422535211268,1,1,0.8300000000000001,0.42995615047311336,1,1,0,0,0,1,0,1,1,0,0,0,1,0
0,0,0,0,0.11267605633802817,1,1,0.6300000000000001,0.08839141472420957,1,1,0,1,0,0,0,0,0,0,0,0,1,0
0,1,0,0,0.9295774647887325,1,1,0.8300000000000001,0.7873297945995845,1,1,0,0,0,1,0,1,1,0,0,1,0,0
1,0,0,0,0.7746478873239437,1,1,0.8700000000000001,0.6805908146780522,1,1,0,0,1,0,1,1,1,0,0,0,0,0
0,0,0,0,0.295774647887324,1,0,0.020000000000000018,0.051811677821370875,0,0,1,0,0,0,0,0,0,1,0,1,0,0
1,1,0,0,0.14084507042253522,1,0,0.71,0.1187399030694669,0,1,0,0,0,0,0,1,1,0,0,0,0,0
0,0,1,1,1.0,1,0,0.54,0.5767366720516962,1,0,0,1,1,1,1,0,0,0,1,1,0,0
0,0,1,0,0.9859154929577465,1,1,0.6200000000000001,0.6423955688899146,1,0,0,1,1,1,1,0,1,0,1,0,0,1
0,0,0,0,0.02816901408450704,1,0,0.36000000000000004,0.019732287099007616,0,0,0,0,0,0,0,0,1,0,0,0,0,1
0,0,1,0,0.971830985915493,1,0,0.5800000000000001,0.6053542580198477,1,0,0,0,1,1,1,1,0,0,1,1,0,0
1,0,0,0,0.15492957746478872,1,0,0.020000000000000018,0.026309716132010157,0,0,1,0,0,0,0,0,0,0,0,0,0,1
1,1,0,0,0.19718309859154928,1,0,0.37000000000000005,0.08527579044541889,1,0,0,0,0,0,1,0,0,0,0,1,0,0
1,0,0,0,0.49295774647887325,0,0,0.13,0.1278559889222248,0,0,0,1,0,0,0,0,0,0,1,0,0,0
1,0,0,0,0.014084507042253521,1,1,0.6200000000000001,0.013731825525040387,0,1,0,1,0,1,0,0,0,0,0,0,1,0
0,0,0,0,0.36619718309859156,1,1,0.010000000000000009,0.05100392337872144,0,0,1,0,0,0,0,0,0,0,0,1,0,0
1,0,1,0,0.9859154929577465,0,1,0.29000000000000004,0.37445188091391646,0,0,0,0,0,1,1,0,1,0,1,0,1,0
1,1,0,0,0.9154929577464789,1,0,0.9000000000000001,0.8331410108469882,1,1,0,0,1,1,0,1,1,1,0,0,0,0
1,1,0,0,0.0,1,1,0.53,0.00611585506577429,0,1,0,0,0,0,0,0,0,0,0,0,1,0
0,1,1,0,0.8591549295774649,1,1,0.71,0.6462035541195477,1,1,0,1,1,1,0,0,0,0,0,0,1,0
1,0,1,1,0.971830985915493,1,0,0.56,0.6005077313639511,0,0,0,1,1,1,1,0,1,1,0,1,0,0
0,0,1,1,0.36619718309859156,1,1,0.6699999999999999,0.24613431802446345,1,1,0,0,1,0,1,0,0,0,0,1,0,0
1,0,0,0,0.02816901408450704,1,1,0.6100000000000001,0.026078929148396032,0,1,0,0,0,0,0,1,0,0,0,0,1,0
1,0,0,0,0.14084507042253522,1,1,0.71,0.11216247403646436,1,1,0,0,0,1,0,1,0,0,0,0,1,0
0,0,1,0,1.0,1,0,0.74,0.773251788599123,1,0,0,1,1,1,1,1,1,0,1,1,0,0
1,1,1,0,0.36619718309859156,1,1,0.8300000000000001,0.31571659358412185,0,1,0,1,0,1,0,1,1,0,0,0,1,0
0,0,0,0,0.4225352112676057,1,0,0.81,0.3566812831756289,0,1,0,0,0,1,1,1,1,0,1,0,0,0
0,0,0,0,0.0,1,1,0.52,0.006000461573967228,0,1,0,0,0,0,0,0,0,0,0,0,1,0
1,1,0,0,0.04225352112676056,1,0,0.3,0.018578352180936994,1,0,0,0,0,0,0,0,0,0,0,0,0,1
1,1,0,0,0.8169014084507042,1,1,0.71,0.6321255481190861,1,1,0,1,1,1,0,0,0,0,0,0,1,0
1,0,0,0,0.47887323943661975,1,0,0.6699999999999999,0.334525732748673,1,1,0,0,1,0,1,0,0,0,0,1,0,0
1,0,0,0,0.8309859154929577,1,0,0.46,0.4639972305561967,1,0,0,1,0,1,1,0,0,1,0,0,1,0
0,0,0,0,0.6056338028169015,1,1,0.8800000000000001,0.5183475651973228,0,1,0,1,1,1,0,1,1,1,0,0,1,0
1,0,1,0,0.8873239436619719,1,1,0.78,0.7265174244172629,0,1,0,1,0,0,1,1,1,1,0,0,0,1
0,0,0,0,0.26760563380281693,1,1,0.7,0.20113085621970922,1,1,0,0,0,1,0,1,0,0,0,0,1,0
1,0,0,0,0.014084507042253521,1,1,0.52,0.015347334410339258,0,1,0,0,0,0,0,0,0,0,0,0,1,0
1,0,0,0,0.5070422535211268,1,1,0.8200000000000001,0.43757212093237946,1,1,0,0,0,1,0,1,1,0,0,0,1,0
1,0,0,0,0.3098591549295775,1,1,0.020000000000000018,0.052157858296792065,0,0,1,0,0,0,0,0,0,0,0,0,0,0
1,0,0,0,0.22535211267605634,1,1,0.52,0.1299330717747519,0,1,0,0,0,0,0,0,0,0,0,0,1,0
0,0,0,0,0.22535211267605634,1,0,0.010000000000000009,0.03750288483729518,0,0,1,0,0,0,0,0,0,0,1,0,0,1
1,0,1,1,0.7042253521126761,1,1,0.77,0.5748903761827833,1,1,0,1,0,0,1,1,0,1,0,0,0,1
0,0,1,1,1.0,1,0,0.020000000000000018,0.15416570505423496,0,0,1,0,0,0,0,0,0,0,1,0,1,0
0,0,0,1,0.8309859154929577,1,0,0.010000000000000009,0.13512577890606972,0,0,1,0,0,0,0,0,0,0,1,0,0,1
1,0,1,0,0.943661971830986,0,1,0.36000000000000004,0.427532887145165,0,0,0,1,0,1,0,1,1,1,0,0,1,0
0,0,0,0,0.014084507042253521,1,0,0.8200000000000001,0.02077082852527118,0,1,0,1,1,0,0,1,1,0,0,0,1,0
1,0,1,0,0.7605633802816901,1,1,0.76,0.6067389799215324,0,1,0,1,0,0,0,1,1,1,0,0,1,0
1,0,1,1,0.07042253521126761,1,0,0.020000000000000018,0.009462266328179092,0,0,1,0,0,0,0,0,0,0,1,0,0,1
1,0,1,1,0.8309859154929577,1,0,0.76,0.6684744980383106,1,1,0,1,1,0,0,1,0,1,0,0,0,0
1,0,1,1,0.056338028169014086,1,0,0.51,0.03484883452573275,0,1,0,0,0,0,0,0,0,0,0,1,0,0
0,0,0,0,0.0,1,1,0.6100000000000001,0.007039003000230788,1,1,0,0,1,0,0,0,0,0,0,0,1,0
1,0,1,0,0.7183098591549296,1,1,0.46,0.3914147242095546,0,0,0,1,0,1,0,1,0,1,0,0,0,1
0,0,0,0,0.4507042253521127,1,0,0.5,0.24844218786060468,0,1,0,0,0,0,0,0,0,0,0,0,1,0
0,0,1,0,0.8450704225352113,1,1,0.6300000000000001,0.5456958227555966,0,0,0,1,1,0,1,1,1,0,1,0,0,1
0,1,0,0,0.47887323943661975,1,1,0.8300000000000001,0.40133856450496197,1,1,0,0,0,1,0,1,1,0,0,0,1,0
1,1,1,0,0.15492957746478872,1,1,0.6100000000000001,0.10673897992153243,0,0,0,1,0,1,1,1,1,1,0,0,1,0
0,0,1,0,0.9014084507042254,1,0,0.49000000000000005,0.4951534733441034,1,0,0,1,1,1,0,0,0,1,0,1,0,0
1,0,0,1,0.8591549295774649,1,1,0.8200000000000001,0.737941380106162,1,1,0,0,0,1,0,1,1,1,0,0,1,0
1,0,0,0,0.22535211267605634,1,1,0.6500000000000001,0.1512808677590584,0,1,0,0,1,0,0,1,0,0,0,0,1,0
1,0,0,0,0.33802816901408456,1,0,0.9000000000000001,0.3220632356335103,1,1,0,0,1,1,1,1,1,0,1,0,1,0
1,0,1,0,0.11267605633802817,0,1,0.3,0.04892684052619432,0,0,0,0,0,1,0,1,1,0,0,0,1,0
1,0,0,0,0.04225352112676056,1,0,0.37000000000000005,0.02411723978767598,0,0,0,0,0,0,0,1,0,0,0,1,0,0
0,1,1,0,0.2112676056338028,1,1,0.8,0.18105238864528042,1,1,0,0,0,1,0,1,1,0,0,0,1,0
0,0,1,0,0.8309859154929577,1,1,0.76,0.6452804061850912,0,1,0,0,1,0,0,1,1,1,0,0,1,0
1,0,0,1,0.5633802816901409,1,0,0.27,0.2103623355642742,0,0,0,0,0,0,0,0,0,0,0,0,0,0
0,0,0,0,0.9859154929577465,1,1,0.9000000000000001,0.8670666974382645,1,1,0,1,0,1,1,1,1,0,1,0,1,0
1,0,1,1,0.3802816901408451,1,1,0.72,0.2977152088622202,0,1,0,0,0,0,0,1,1,1,0,0,0,0
1,0,0,0,0.3802816901408451,1,1,0.6200000000000001,0.2568659127625202,0,1,0,0,0,0,0,0,1,0,0,0,1,0
0,0,1,0,0.22535211267605634,1,1,0.8400000000000001,0.19893837987537505,1,1,0,0,1,1,0,1,1,0,0,0,1,0
1,0,1,0,0.47887323943661975,1,1,0.52,0.2767135933533349,0,1,0,0,0,0,0,0,0,0,0,0,1,0
1,0,0,0,0.16901408450704225,0,1,0.05000000000000002,0.03254096468959151,0,0,0,0,0,0,0,0,0,0,0,0,1,0
1,0,1,1,0.1267605633802817,1,1,0.010000000000000009,0.020540041541657054,0,0,1,0,0,0,0,0,0,0,0,0,0,0
1,0,0,0,0.3943661971830986,1,0,0.010000000000000009,0.0672744057235172,0,0,1,0,0,0,0,0,0,0,0,1,0,0
1,0,1,1,0.02816901408450704,0,1,0.13,0.008885298869143781,0,0,0,0,0,0,1,0,0,0,0,0,0,1
0,0,0,1,0.0,1,0,0.010000000000000009,0.00011539349180706218,0,0,1,0,0,0,0,0,0,0,0,0,0,1
0,0,0,0,0.7183098591549296,1,0,0.73,0.544657281329333,0,1,0,1,0,1,0,1,0,1,0,0,1,0
0,0,0,0,0.0,0,1,0.17000000000000004,0.0019616893607200554,0,0,0,0,0,0,0,0,1,0,0,0,0,0
0,0,0,0,0.26760563380281693,1,0,0.6000000000000001,0.18728363720286179,0,1,0,0,0,0,0,1,0,0,0,0,1,0
1,1,1,0,0.647887323943662,1,1,0.49000000000000005,0.3731825525040388,1,0,0,1,1,1,0,0,0,0,0,1,0,0
0,1,1,0,0.7323943661971831,1,1,0.8500000000000001,0.6308562197092084,1,1,0,0,1,1,0,1,1,0,0,0,1,0
1,0,1,0,0.9577464788732395,1,1,0.77,0.7761366258942995,0,1,0,0,1,0,0,1,1,1,0,1,0,0
1,0,1,0,0.5633802816901409,1,0,0.020000000000000018,0.09889222247865222,0,0,1,0,0,0,0,0,0,0,1,1,0,0
0,0,1,1,0.9154929577464789,1,0,0.6100000000000001,0.6018924532656358,1,0,0,0,1,1,0,1,1,0,1,0,0,0
0,0,0,0,0.014084507042253521,1,0,0.020000000000000018,0.003000230786983614,0,0,1,0,0,0,0,0,0,0,0,0,0,1
0,0,1,1,0.16901408450704225,1,1,0.46,0.09912300946226633,0,0,0,0,0,0,0,1,1,1,0,0,1,0
0,0,1,1,0.46478873239436624,1,1,0.71,0.3546042003231018,0,1,0,0,1,1,0,1,0,0,0,0,1,0
0,0,1,1,1.0,1,0,0.37000000000000005,0.4575351950150012,1,0,0,1,0,0,0,0,0,0,1,0,0,0
0,0,1,1,0.18309859154929578,1,1,0.47000000000000003,0.10604661897069007,0,0,0,1,1,0,0,1,0,0,0,0,1,0
1,0,1,1,0.8028169014084507,0,1,0.37000000000000005,0.36325871220863143,0,0,0,0,0,1,1,1,1,0,1,1,0,0
1,0,0,0,0.7183098591549296,0,0,0.21000000000000002,0.22663281790906994,0,0,0,1,1,0,1,0,0,0,1,0,0,1
1,0,1,1,0.07042253521126761,1,0,0.010000000000000009,0.010962381721670899,0,0,1,0,0,0,0,0,0,0,0,0,0,1
0,0,0,0,0.056338028169014086,1,0,0.010000000000000009,0.010270020770828526,0,0,1,0,0,0,0,0,0,0,0,0,0,1
1,0,0,0,0.0,0,1,0.16000000000000003,0.0018462958689129932,0,0,0,0,0,0,0,1,0,0,0,0,1,0
0,0,0,0,0.7183098591549296,0,0,0.45,0.3826448188322179,0,0,0,1,1,1,1,1,1,0,1,1,0,0
1,1,1,0,0.7323943661971831,1,1,0.76,0.5600046157396723,0,1,0,0,1,1,1,1,0,1,0,0,1,0
0,1,1,0,0.323943661971831,0,0,0.21000000000000002,0.10996999769213017,0,0,0,1,0,0,0,0,1,0,0,0,0,0
0,0,0,0,0.0,1,0,0.27,0.0031156242787906763,0,0,0,0,0,0,0,0,0,0,0,0,1,0
1,0,1,0,0.5774647887323944,1,1,0.81,0.4750750057696746,0,1,0,0,0,1,1,1,1,0,1,1,0,0
0,0,0,0,0.7746478873239437,1,1,0.76,0.589199169166859,1,1,0,0,1,0,1,0,1,0,0,0,1,0
0,0,1,0,0.8873239436619719,1,1,0.52,0.514885760443111,1,0,0,0,1,0,1,0,1,1,0,0,0,1
1,0,1,1,0.8309859154929577,1,1,0.010000000000000009,0.12520193861066237,0,0,1,0,0,0,0,0,0,0,1,1,0,0
1,0,0,0,0.7323943661971831,1,1,0.8800000000000001,0.665474267251327,1,1,0,1,0,1,0,1,1,1,0,1,0,0
1,0,0,0,0.4366197183098592,1,1,0.36000000000000004,0.19859219939995384,1,0,0,0,1,0,0,0,0,0,0,0,1,0
0,1,0,0,0.7746478873239437,1,1,0.8300000000000001,0.6434341103161781,1,1,0,0,0,1,0,1,1,0,0,0,1,0
0,0,1,0,1.0,1,1,0.05000000000000002,0.19674590353104085,1,0,1,0,0,0,0,0,0,0,1,0,0,0
1,0,0,0,0.04225352112676056,1,0,0.32,0.015347334410339258,0,0,0,0,1,0,0,0,0,0,0,1,0,0
1,1,0,0,0.676056338028169,1,0,0.25,0.24094161089314564,0,0,0,0,0,0,0,0,0,0,0,0,0,1
1,0,0,0,0.0,1,0,0.31,0.003577198246018925,0,0,0,0,1,0,0,0,0,0,0,0,1,0
0,0,1,0,0.16901408450704225,1,1,0.8400000000000001,0.15474267251327026,1,1,0,0,0,1,0,1,1,0,0,1,0,0
1,0,1,1,0.4507042253521127,1,0,0.020000000000000018,0.07523655665820449,0,0,1,0,0,0,0,0,0,0,1,0,0,1
1,0,1,1,1.0,1,0,0.05000000000000002,0.19166858989153013,1,0,1,0,0,0,0,0,0,0,1,0,0,0
0,0,0,0,1.0,0,1,0.45,0.513039464574198,0,0,0,1,1,1,1,1,1,0,1,0,0,0
0,0,1,1,0.5915492957746479,1,1,0.53,0.3640664666512809,1,0,0,1,0,0,1,0,1,1,0,1,0,0
0,0,0,0,0.0,0,1,0.17000000000000004,0.0019616893607200554,0,0,0,0,0,0,0,0,1,0,0,0,1,0
1,0,1,0,0.647887323943662,1,1,0.39999999999999997,0.312139395338103,0,0,0,0,1,0,0,1,0,0,0,0,0,0
0,0,1,1,0.9154929577464789,1,1,0.45,0.481306254327256,1,0,0,0,0,1,0,1,0,0,1,0,0,0
1,0,1,0,0.02816901408450704,1,1,0.56,0.024232633279483037,1,1,0,0,0,0,0,0,0,0,0,1,0,0
0,0,0,1,0.7042253521126761,1,0,0.29000000000000004,0.26978998384491115,0,0,0,0,0,0,1,0,0,1,0,1,0,0
1,0,0,0,0.18309859154929578,1,1,0.71,0.12820216939764598,0,1,0,0,0,0,0,1,1,0,0,0,0,1
1,1,0,0,0.04225352112676056,1,1,0.77,0.04361873990306947,1,1,0,0,0,0,0,1,1,0,0,0,1,0
1,0,0,0,0.14084507042253522,1,1,0.36000000000000004,0.0691207015924302,0,0,0,1,0,0,1,0,0,1,0,0,0,1
0,0,1,0,0.02816901408450704,0,1,0.10999999999999999,0.008539118393722595,0,0,0,0,0,0,1,0,0,0,0,0,1,0
1,0,0,0,0.18309859154929578,1,0,0.37000000000000005,0.08966074313408724,0,0,0,1,0,0,1,0,0,1,0,0,0,1
1,0,0,0,0.19718309859154928,0,1,0.2,0.06750519270713133,0,0,0,0,1,0,0,0,1,0,1,0,0,1
0,0,1,1,0.295774647887324,1,1,0.8200000000000001,0.23909531502423265,0,1,0,0,1,1,0,1,1,1,0,0,0,1
1,0,0,0,0.47887323943661975,1,0,0.010000000000000009,0.0691207015924302,0,0,1,0,0,0,0,0,0,0,0,0,0,0
1,1,0,0,0.07042253521126761,0,1,0.26,0.02827140549273021,0,0,0,0,0,0,0,1,1,0,0,0,1,0
0,0,0,0,0.08450704225352114,1,1,0.8,0.08019847680590815,1,1,0,0,0,1,0,1,1,0,0,0,0,0
0,0,1,0,0.9577464788732395,1,1,0.8900000000000001,0.8422570966997461,1,1,0,1,1,1,1,0,1,1,0,1,0,0
1,0,1,0,0.971830985915493,0,1,0.31,0.38679898453727213,0,0,0,1,0,1,1,0,1,0,1,0,0,0
1,0,0,0,0.14084507042253522,1,0,0.72,0.11181629356104317,1,1,0,0,0,0,1,1,0,0,0,0,1,0
1,0,0,0,0.7183098591549296,1,0,0.020000000000000018,0.11585506577429035,0,0,1,0,0,0,0,0,0,1,0,0,0,1
0,0,0,0,0.0,1,1,0.56,0.006462035541195477,0,1,0,0,0,0,1,0,0,0,0,0,0,1
1,0,0,0,0.5352112676056339,1,0,0.020000000000000018,0.09323794138010617,0,0,1,0,0,0,0,0,0,0,1,0,0,1
1,0,1,1,0.971830985915493,1,1,0.71,0.7240941610893146,1,0,0,1,1,1,1,1,1,0,1,0,0,0
0,0,0,0,0.6056338028169015,0,1,0.35000000000000003,0.2719824601892453,0,0,0,0,1,1,0,1,1,1,0,0,0,1
1,0,1,1,0.7605633802816901,1,1,0.8500000000000001,0.650588506808216,0,1,0,0,1,1,1,1,1,1,0,0,0,0
1,0,0,0,0.04225352112676056,1,1,0.5,0.028040618509116086,0,0,0,0,1,0,0,1,1,0,0,0,0,0
1,0,1,1,0.676056338028169,1,0,0.6100000000000001,0.44818832217862914,1,0,0,0,1,0,1,1,1,0,1,0,0,0
1,0,1,0,0.02816901408450704,1,1,0.56,0.024348026771290103,1,1,0,0,0,0,0,0,0,0,0,1,0,0
0,1,1,0,0.09859154929577466,1,0,0.42,0.06150473113316409,0,0,0,1,0,0,0,1,0,0,0,0,0,0
0,1,1,1,0.9154929577464789,1,1,0.98,0.905146549734595,1,1,0,1,1,1,1,1,1,1,0,0,1,0
0,1,0,0,0.49295774647887325,1,1,0.72,0.3655665820447727,1,1,0,1,0,0,0,1,0,0,0,0,1,0
0,0,0,0,0.323943661971831,0,1,0.32,0.14654973459496887,0,0,0,1,0,0,0,1,1,1,0,0,0,1
1,0,0,1,0.16901408450704225,1,1,0.8600000000000001,0.14781906300484654,1,1,0,0,1,1,0,1,1,1,0,1,0,0
1,0,0,0,0.6338028169014085,1,1,0.76,0.5065774290330025,1,1,0,0,1,1,0,0,1,1,0,0,1,0
0,0,1,1,0.8169014084507042,1,0,0.010000000000000009,0.1302792522501731,0,0,1,0,0,0,0,0,0,0,1,0,0,1
1,0,1,0,0.5211267605633804,1,1,0.020000000000000018,0.09185321947842143,0,0,1,0,0,0,0,0,0,1,0,1,0,0
0,0,1,1,0.8169014084507042,1,1,0.81,0.6742441726286638,1,1,0,0,0,1,0,1,1,0,1,1,0,0
0,1,1,0,0.971830985915493,1,1,0.8600000000000001,0.8412185552734825,1,1,0,0,1,1,0,1,1,1,0,0,1,0
0,1,0,0,0.7464788732394366,1,0,0.47000000000000003,0.405146549734595,0,0,0,0,0,1,1,0,1,1,0,0,0,0
0,0,0,0,0.16901408450704225,0,1,0.07,0.03611816293561043,0,0,0,0,0,0,0,0,0,0,0,0,0,0
1,0,1,1,0.9154929577464789,1,1,0.8400000000000001,0.7612508654511886,1,1,0,0,1,1,0,1,1,1,0,1,0,0
1,0,0,0,0.0,1,0,0.010000000000000009,0.00011539349180706218,0,0,1,0,0,0,0,0,0,0,0,0,0,1
1,0,1,0,0.6619718309859155,1,1,0.8200000000000001,0.555735056542811,0,1,0,0,0,1,1,1,1,0,0,1,0,0
0,1,0,0,0.9577464788732395,1,0,0.56,0.5784675744288021,1,0,0,1,0,1,1,0,1,0,1,1,0,0
0,0,0,0,0.04225352112676056,1,0,0.38000000000000006,0.02619432264020309,0,0,0,1,0,1,0,0,0,0,0,0,1,0
0,1,1,0,0.46478873239436624,1,1,0.6699999999999999,0.32956381260096934,0,1,0,0,0,1,0,1,0,0,0,1,0,0
1,0,1,1,0.4225352112676057,1,0,0.03,0.07835218093699516,0,0,1,0,0,0,0,0,0,0,1,0,0,1
1,1,0,0,0.8873239436619719,0,1,0.25,0.3153704131087007,0,0,0,0,1,0,1,1,0,0,0,0,1,0
0,0,1,0,0.943661971830986,1,0,0.07,0.19732287099007617,1,0,1,0,0,0,0,0,0,0,1,0,0,0
0,0,1,1,0.16901408450704225,1,0,0.26,0.06242787906762059,0,0,0,0,0,0,0,0,0,0,0,0,0,0
1,0,0,0,0.014084507042253521,1,1,0.5700000000000001,0.01442418647588276,1,1,0,0,0,0,0,0,0,0,0,0,1,0
1,1,1,0,0.9154929577464789,1,1,0.9000000000000001,0.8265635818139857,1,1,0,0,1,1,1,1,1,1,0,1,0,0
1,0,0,0,0.4225352112676057,1,0,0.020000000000000018,0.07742903300253867,0,0,1,0,0,0,0,0,0,0,1,1,0,0
0,0,1,0,0.5070422535211268,1,0,0.76,0.3971843987999077,1,1,0,0,0,1,1,1,0,0,1,0,0,1
0,1,1,0,0.08450704225352114,1,0,0.46,0.05273482575582737,1,0,0,1,1,0,1,0,0,0,0,0,1,0
1,0,0,0,0.5211267605633804,1,0,0.020000000000000018,0.08366028156012002,0,0,1,0,0,0,0,0,0,0,1,0,0,1
1,0,1,1,0.056338028169014086,1,1,0.31,0.024694207246711286,0,0,0,1,0,0,0,0,0,0,0,0,0,1
1,0,0,0,0.3802816901408451,1,1,0.41,0.18786060466189708,0,0,0,0,0,1,0,1,0,0,0,0,0,0
1,1,0,0,0.09859154929577466,1,0,0.8300000000000001,0.08792984075698132,1,1,0,0,0,1,0,1,1,0,0,0,1,0
1,0,0,0,0.4366197183098592,1,1,0.8600000000000001,0.392107085160397,1,1,0,0,1,1,0,1,1,1,0,1,0,0
1,0,0,1,0.16901408450704225,1,1,0.38000000000000006,0.08608354488806833,0,0,0,1,1,0,0,0,0,0,0,0,1,0
1,1,1,0,0.943661971830986,1,1,0.8200000000000001,0.7884837295176552,1,1,0,0,1,0,0,1,1,0,0,0,1,0
1,0,0,0,0.295774647887324,1,1,0.020000000000000018,0.052157858296792065,0,0,1,0,0,0,0,0,0,0,0,0,0,1
1,0,1,1,0.4366197183098592,1,1,0.6799999999999999,0.312139395338103,0,1,0,0,1,0,0,1,0,0,0,0,1,0
1,1,0,0,0.23943661971830985,1,1,0.55,0.15474267251327026,0,1,0,0,1,0,0,0,0,0,0,0,1,0
0,0,0,0,0.02816901408450704,1,0,0.37000000000000005,0.016270482344795757,0,0,0,0,0,0,0,1,0,0,0,0,0,1
0,0,0,0,0.15492957746478872,1,1,0.6100000000000001,0.11827832910223865,0,1,0,0,0,0,0,0,1,0,0,0,0,0
1,1,0,0,0.35211267605633806,1,1,0.73,0.26921301638587586,0,1,0,0,0,0,0,1,1,0,0,0,1,0
0,1,0,0,0.619718309859155,1,1,0.75,0.48257558273713363,1,1,0,0,0,0,0,1,1,0,0,0,0,0
0,0,1,0,0.7042253521126761,0,1,0.12,0.17435956612047082,0,0,0,0,1,0,0,0,0,0,0,1,0,0
1,0,1,1,0.971830985915493,1,1,0.9600000000000002,0.8891068543734133,1,1,0,1,1,1,1,1,1,0,1,0,0,0
1,0,1,1,0.8591549295774649,1,1,0.8200000000000001,0.7229402261712439,0,1,0,0,1,1,0,1,1,0,0,0,1,0
1,0,1,0,0.9859154929577465,1,0,0.75,0.7486729748442188,1,0,0,1,1,1,1,1,1,0,1,1,0,0
1,0,0,0,0.9577464788732395,1,0,0.8600000000000001,0.8089083775675052,1,1,0,0,0,1,1,1,1,0,1,0,1,0
0,0,0,0,0.7183098591549296,1,0,0.03,0.12566351257789063,0,0,1,0,0,0,0,0,0,0,1,0,0,0
0,0,0,0,0.3943661971830986,1,0,0.71,0.3006000461573967,0,1,0,0,1,0,1,1,0,0,0,0,0,1
0,0,1,0,0.8309859154929577,1,1,0.77,0.6605123471036234,1,1,0,0,1,1,0,1,0,0,0,0,1,0
1,0,0,0,0.11267605633802817,1,0,0.6200000000000001,0.07327486729748443,0,1,0,0,1,1,0,0,0,0,0,0,1,0
0,0,0,1,0.4366197183098592,1,0,0.6500000000000001,0.30175398107546736,1,0,0,0,1,1,1,1,1,1,0,1,0,0
1,0,0,1,0.0,1,0,0.6000000000000001,0.006923609508423726,0,1,0,0,0,0,0,0,1,0,0,0,1,0
0,0,0,0,1.0,1,0,0.74,0.7632125548119086,1,0,0,1,1,1,1,1,1,0,1,0,0,0
0,1,0,0,0.7183098591549296,0,1,0.3,0.2927532887145165,0,0,0,1,0,0,0,1,1,0,0,1,0,0
0,0,1,0,0.8450704225352113,1,0,0.76,0.6592430186937457,0,1,0,0,1,1,1,0,1,0,0,1,0,0
1,0,0,0,0.7323943661971831,1,0,0.72,0.5657742903300254,1,1,0,1,1,1,0,0,0,0,0,0,1,0
0,1,0,0,0.28169014084507044,1,1,0.8600000000000001,0.2599815370413109,1,1,0,0,1,1,0,1,1,0,0,0,1,0
0,0,0,0,1.0,1,1,0.020000000000000018,0.17343641818601432,0,0,1,0,0,0,0,0,0,0,1,0,0,1
0,0,1,0,0.7605633802816901,1,0,0.07,0.16443572582506347,1,0,1,0,0,0,0,0,0,0,1,0,0,0
0,0,0,1,0.0,1,1,0.81,0.00934687283637203,1,1,0,0,0,1,0,1,1,0,0,0,1,0
1,0,1,0,1.0,1,0,0.7,0.7502884837295176,1,0,0,1,1,1,1,1,1,0,1,0,0,0
0,0,1,1,0.1267605633802817,0,0,0.35000000000000003,0.058042926378952225,0,0,0,1,1,1,1,0,1,0,1,1,0,0
0,1,1,0,0.7464788732394366,0,1,0.06,0.15531963997230558,0,0,0,0,0,0,0,0,0,0,0,0,0,0
0,1,0,0,0.09859154929577466,1,1,0.6300000000000001,0.0654281098546042,1,1,0,0,0,1,0,0,0,0,0,0,1,0
1,1,1,0,0.02816901408450704,1,1,0.6200000000000001,0.02377105931225479,0,1,0,0,0,0,0,1,0,0,0,0,1,0
0,0,0,0,0.15492957746478872,1,1,0.9400000000000002,0.1576275098084468,1,1,0,0,1,1,1,1,1,0,0,0,0,1
0,0,1,1,0.971830985915493,1,1,0.79,0.7674821140087699,1,1,0,1,1,0,0,1,0,0,0,1,0,0
1,0,1,0,0.619718309859155,1,1,0.77,0.4923840295407339,0,1,0,0,0,0,1,1,1,0,1,1,0,0
0,0,1,1,0.8873239436619719,1,1,0.06,0.17262866374336489,1,0,1,0,0,0,0,0,0,0,1,0,0,1
1,0,1,0,1.0,1,1,0.76,0.7965612739441496,1,1,0,1,1,0,0,0,1,0,1,1,0,0
1,0,1,0,0.09859154929577466,1,0,0.47000000000000003,0.0630048465266559,0,0,0,1,0,0,1,0,1,0,1,0,0,1
1,0,1,0,0.9577464788732395,1,1,0.06,0.19616893607200556,1,0,1,0,0,0,0,0,0,0,1,1,0,0
0,0,0,0,0.46478873239436624,1,1,0.8700000000000001,0.40641587814447266,1,1,0,0,1,0,1,1,1,0,0,0,1,0
1,0,0,0,0.056338028169014086,1,1,0.32,0.02665589660743134,1,0,0,0,0,0,0,0,0,0,0,0,0,1
1,0,0,0,0.28169014084507044,1,0,0.53,0.1737825986614355,0,0,0,1,1,0,1,1,0,0,1,1,0,0
0,0,0,0,0.35211267605633806,1,0,0.27,0.14020309254558044,0,0,0,0,0,0,0,0,0,0,0,0,1,0
0,0,1,1,0.5070422535211268,1,1,0.74,0.39199169166858994,1,1,0,0,1,1,0,1,0,0,0,0,1,0
1,0,0,0,0.08450704225352114,1,1,0.5700000000000001,0.06162012462497115,1,1,0,0,0,0,0,0,0,0,0,0,0,0
1,0,1,1,0.5070422535211268,1,1,0.06,0.09727671359335334,1,0,1,0,0,0,0,0,0,0,1,0,0,0
0,0,1,1,0.971830985915493,1,0,0.8,0.7894068774521117,1,1,0,0,1,0,0,1,1,0,1,0,0,0
1,0,0,0,0.08450704225352114,1,0,0.020000000000000018,0.013731825525040387,0,0,1,0,0,0,0,0,0,0,0,0,0,0
0,0,1,0,1.0,0,1,0.46,0.5455804292637895,0,0,0,1,1,1,1,1,1,0,1,0,1,0
0,0,1,1,0.4225352112676057,1,1,0.020000000000000018,0.07892914839603048,0,0,1,0,0,0,0,0,0,0,0,0,1,0
1,1,0,0,0.18309859154929578,1,1,0.6000000000000001,0.12497115162704825,1,1,0,0,1,0,0,0,0,0,0,0,1,0
0,1,1,0,0.7887323943661972,1,1,0.71,0.5662358642972536,1,1,0,0,1,0,0,0,1,0,0,0,1,0
0,0,1,1,0.9577464788732395,1,1,0.08000000000000002,0.20516962843295639,1,0,1,0,0,0,0,0,0,0,1,0,0,0
0,0,1,0,0.07042253521126761,1,1,0.5700000000000001,0.048465266558966075,1,1,0,0,0,0,0,0,0,0,0,0,1,0
1,1,1,1,0.18309859154929578,1,1,0.77,0.15324255711977847,1,1,0,0,0,0,0,1,1,0,0,0,1,0
1,0,1,1,0.971830985915493,1,0,0.010000000000000009,0.15693514885760446,0,0,1,0,0,0,0,0,0,0,1,0,0,0
0,0,0,1,0.15492957746478872,1,0,0.03,0.025040387722132476,0,0,1,0,0,0,0,0,0,0,0,1,0,0
1,0,0,0,0.0,1,1,0.37000000000000005,0.004269559196861297,0,0,0,0,0,0,0,0,1,0,0,0,1,0
1,1,1,0,0.02816901408450704,1,1,0.56,0.025501961689360718,0,1,0,0,1,0,0,0,0,0,0,0,0,0
1,1,0,0,0.3098591549295775,1,1,0.6100000000000001,0.20966997461343181,1,1,0,0,0,1,0,0,0,0,0,0,0,1
0,0,1,0,0.4507042253521127,1,0,0.73,0.3399492268636049,0,1,0,0,0,0,0,1,1,0,0,0,1,0
0,0,0,0,0.16901408450704225,1,0,0.55,0.10535425801984769,0,0,0,0,1,0,1,1,1,0,0,0,0,1
1,1,1,0,0.4225352112676057,1,1,0.72,0.3250634664204939,1,1,0,0,0,1,0,1,0,1,0,0,1,0
0,0,0,0,0.6338028169014085,1,0,0.020000000000000018,0.10200784675744289,0,0,1,0,0,0,0,0,0,0,1,0,0,0
1,1,0,0,0.0,1,1,0.51,0.005885068082160166,0,1,0,0,0,0,0,0,0,0,0,0,1,0
1,0,0,0,0.8309859154929577,0,0,0.35000000000000003,0.3714516501269329,0,0,0,1,0,1,0,1,1,0,1,0,1,0
0,0,1,0,1.0,1,1,0.9100000000000001,0.9072236325871221,1,1,0,1,1,1,0,1,1,0,1,0,1,0
0,0,0,1,0.0,1,1,0.56,0.006462035541195477,1,1,0,0,0,0,0,0,0,0,0,0,1,0
0,0,0,0,0.0,1,0,0.28,0.0032310177705977385,0,0,0,0,0,0,0,0,0,0,0,1,0,0
0,0,1,0,0.9295774647887325,1,0,0.06,0.18059081467805216,1,0,1,0,0,0,0,0,0,0,1,1,0,0
0,0,0,0,0.7464788732394366,1,0,0.71,0.5364643434110316,0,1,0,1,0,1,0,1,0,0,0,0,0,1
1,0,0,0,0.19718309859154928,1,0,0.6599999999999999,0.14643434110316178,0,0,0,1,1,1,1,1,1,0,0,0,0,1
0,0,0,0,0.02816901408450704,1,0,0.010000000000000009,0.0049619201477036695,0,0,1,0,0,0,0,0,0,1,0,0,0,1
1,0,1,0,0.5774647887323944,1,1,0.6599999999999999,0.41195476575121165,1,1,0,0,0,1,1,0,0,0,0,0,1,0
0,0,1,1,0.9295774647887325,1,0,0.49000000000000005,0.5318486037387491,0,0,0,1,0,1,1,0,1,0,1,0,0,1
0,0,0,0,0.056338028169014086,1,1,0.52,0.03796445880452343,0,0,0,0,0,1,0,1,1,1,0,0,0,1
0,0,1,0,0.943661971830986,1,1,0.72,0.7251327025155782,1,0,0,1,1,1,1,1,1,0,1,1,0,0
0,0,1,0,0.0,0,1,0.05000000000000002,0.0005769674590353105,0,0,0,0,0,0,0,0,0,0,0,0,1,0
1,0,1,1,0.5633802816901409,1,0,0.6100000000000001,0.3817216708977614,1,0,0,1,1,1,1,0,1,0,0,1,0,0
1,0,0,0,0.04225352112676056,0,1,0.06,0.009000692360950843,0,0,0,0,0,0,0,0,0,0,0,0,0,1
1,0,0,0,0.49295774647887325,0,1,0.35000000000000003,0.2172859450726979,0,0,0,1,1,1,1,0,1,0,1,0,0,1
0,1,1,0,0.49295774647887325,1,1,0.6699999999999999,0.3593353334871913,1,1,0,0,0,0,0,0,1,0,0,1,0,0
0,1,1,0,0.7323943661971831,1,1,0.8300000000000001,0.6382414031848603,1,1,0,0,1,0,0,1,1,0,0,0,1,0
1,1,0,0,0.3943661971830986,1,1,0.39999999999999997,0.19616893607200556,1,0,0,1,1,0,0,0,0,0,0,0,0,0
0,0,0,0,0.08450704225352114,1,0,0.36000000000000004,0.04061850911608585,0,0,0,0,0,0,0,1,0,0,0,0,0,1
0,0,0,0,0.5492957746478874,1,1,0.6599999999999999,0.38668359104546507,1,1,0,0,0,0,0,1,0,0,0,0,1,0
1,1,1,0,0.9014084507042254,1,0,0.8700000000000001,0.7809831525501961,1,1,0,1,0,1,0,1,1,0,0,0,0,0
1,1,0,0,0.7605633802816901,1,1,0.8200000000000001,0.6220863143318717,1,1,0,0,0,1,0,1,1,1,0,0,1,0
1,0,0,0,0.02816901408450704,1,0,0.37000000000000005,0.016962843295638123,0,0,0,1,1,0,0,0,0,0,0,0,1,0
0,0,0,0,0.8732394366197184,1,0,0.53,0.5259635356565889,1,0,0,1,1,1,1,0,0,1,0,0,1,0
0,0,0,0,0.8169014084507042,1,1,0.9300000000000002,0.7501730902377106,1,1,0,0,1,1,1,1,1,0,0,0,1,0
0,0,0,0,0.5492957746478874,1,1,0.06,0.1102007846757443,1,0,1,0,0,0,0,0,0,0,1,0,0,1
1,1,0,0,0.7746478873239437,1,1,0.8600000000000001,0.6337410570043849,1,1,0,0,1,1,0,1,1,1,0,0,0,0
0,0,0,1,0.09859154929577466,1,0,0.020000000000000018,0.018462958689129935,0,0,1,0,0,0,0,0,0,0,0,0,0,1
0,0,0,0,0.5633802816901409,1,1,0.56,0.3543734133394877,0,1,0,0,0,0,1,0,0,0,0,0,1,0
1,0,0,0,0.19718309859154928,1,1,0.6500000000000001,0.12831756288945304,0,1,0,0,1,0,0,1,0,0,0,0,0,0
1,1,1,0,0.7746478873239437,1,0,0.77,0.6292407108239095,1,1,0,1,1,1,1,0,0,1,0,0,1,0
0,0,1,1,0.647887323943662,1,0,0.020000000000000018,0.10766212785598893,0,0,1,0,0,0,0,0,0,1,0,0,0,1
0,0,1,1,0.9859154929577465,1,0,0.8700000000000001,0.8524117239787676,1,1,0,1,0,1,0,1,1,0,1,0,1,0
1,1,0,0,0.14084507042253522,1,1,0.6599999999999999,0.10246942072467113,1,1,0,0,0,0,0,0,1,0,0,1,0,0
1,0,1,0,0.04225352112676056,1,1,0.73,0.040041541657050546,1,1,0,0,1,0,0,1,0,0,0,0,1,0
0,0,1,1,0.5492957746478874,1,0,0.07,0.11400876990537735,1,0,1,0,0,0,0,0,0,0,1,1,0,0
0,0,0,0,0.16901408450704225,1,1,0.6100000000000001,0.1102007846757443,0,1,0,0,1,1,0,0,0,0,0,0,1,0
1,0,0,0,0.014084507042253521,1,1,0.69,0.019039926148165243,0,1,0,0,1,0,0,1,0,0,0,0,0,0
0,0,0,0,0.2112676056338028,1,1,0.020000000000000018,0.036002769443803366,0,0,1,0,0,0,0,0,0,0,0,1,0,0
0,0,0,1,0.9859154929577465,1,1,0.6699999999999999,0.6935148857604431,1,1,0,1,1,0,0,0,0,1,0,1,0,0
1,0,1,1,0.6338028169014085,1,0,0.010000000000000009,0.10950842372490192,0,0,1,0,0,0,0,0,0,0,1,0,0,1
1,0,1,1,0.3098591549295775,1,1,0.73,0.2515578121393954,1,0,0,1,1,1,1,1,1,0,1,1,0,0
0,0,0,0,0.1267605633802817,1,1,0.41,0.0715439649203785,0,0,0,0,1,0,0,1,0,0,0,0,0,1
0,0,1,1,0.7323943661971831,1,0,0.020000000000000018,0.1211631663974152,0,0,1,0,0,0,0,0,0,1,0,1,0,0
0,0,0,0,0.11267605633802817,1,0,0.41,0.060466189706900535,1,0,0,0,0,0,0,0,1,0,0,0,0,1
1,0,0,0,0.0,1,0,0.5,0.005769674590353104,0,1,0,0,0,0,0,0,0,0,0,0,1,0
0,0,0,0,0.02816901408450704,1,0,0.03,0.003923378721440111,0,0,1,0,0,0,0,0,0,1,0,0,0,1
0,0,0,0,1.0,1,0,0.6799999999999999,0.7259404569582275,1,0,0,1,1,0,1,1,1,0,1,1,0,0
1,0,0,0,0.0,1,1,0.5700000000000001,0.006577429033002539,0,1,0,0,1,0,0,0,0,0,0,0,1,0
1,0,1,0,0.47887323943661975,1,0,0.38000000000000006,0.21267020540041542,0,0,0,0,1,0,1,0,0,0,0,0,1,0
0,0,0,0,0.4225352112676057,1,1,0.54,0.24671128548349874,0,0,0,1,1,1,1,1,0,0,0,0,0,0
1,0,1,1,0.7042253521126761,1,0,0.010000000000000009,0.11654742672513271,0,0,1,0,0,0,0,0,0,0,1,0,0,1
1,0,0,0,0.28169014084507044,1,1,0.42,0.143087929840757,0,0,0,1,0,1,1,0,0,1,0,0,1,0
0,0,1,1,1.0,1,1,0.48000000000000004,0.5530810062312486,1,0,0,1,0,1,1,0,0,0,1,1,0,0
0,0,0,0,0.04225352112676056,1,1,0.56,0.028502192476344335,1,1,0,0,0,0,0,0,0,0,0,0,1,0
1,0,1,1,0.11267605633802817,1,0,0.010000000000000009,0.022155550426955918,0,0,1,0,0,0,0,0,0,0,1,0,0,1
0,0,1,1,0.1267605633802817,1,0,0.020000000000000018,0.025848142164781908,0,0,1,0,0,0,0,0,0,1,0,0,0,1
1,0,0,0,0.46478873239436624,1,1,0.9100000000000001,0.4118393722594046,1,1,0,1,1,1,0,1,1,0,0,0,0,1
1,0,0,0,0.47887323943661975,1,0,0.03,0.08342949457650589,0,0,1,0,0,0,0,0,0,1,0,0,0,1
1,1,0,0,0.014084507042253521,1,1,0.52,0.011193168705285023,0,1,0,0,0,0,0,0,0,0,0,0,0,0
1,1,0,0,0.26760563380281693,1,0,0.6200000000000001,0.1841680129240711,0,1,0,0,0,0,0,1,0,0,0,0,0,0
1,0,0,1,0.014084507042253521,1,1,0.76,0.020193861066235864,1,1,0,0,0,0,0,1,1,0,0,0,0,0
0,0,1,1,0.0,1,1,0.51,0.005885068082160166,0,1,0,0,0,0,0,0,0,0,0,0,0,1
0,0,1,1,0.8873239436619719,1,0,0.72,0.6474728825294254,1,1,0,0,0,1,0,0,1,1,0,1,0,0
1,1,0,0,0.7183098591549296,0,1,0.32,0.2940226171243942,0,0,0,0,1,1,1,1,0,0,0,0,1,0
0,1,1,0,0.9859154929577465,1,1,0.8900000000000001,0.8879529194553427,1,1,0,1,1,1,0,1,1,0,0,0,1,0
0,0,0,0,0.02816901408450704,1,0,0.32,0.013731825525040387,1,0,0,0,0,0,0,0,0,0,0,0,0,0
0,0,1,0,0.8732394366197184,1,0,0.52,0.511193168705285,0,0,0,1,1,0,1,1,0,1,0,1,0,0
0,0,0,0,0.02816901408450704,1,0,0.56,0.023424878836833606,0,1,0,0,1,0,0,0,0,0,0,1,0,0
1,1,0,0,0.8169014084507042,1,1,0.81,0.6775905838910685,1,1,0,0,0,1,0,1,1,1,0,0,1,0
1,0,0,0,0.0,1,0,0.31,0.003577198246018925,0,0,0,1,0,0,0,0,0,0,0,0,0,0
1,0,1,1,0.4084507042253521,1,1,0.07,0.08896838218324488,1,0,1,0,0,0,0,0,0,0,1,0,0,1
1,0,0,1,0.04225352112676056,1,1,0.69,0.037272097853681053,1,1,0,0,0,1,1,0,0,0,0,0,0,1
1,0,1,1,0.7887323943661972,1,0,0.010000000000000009,0.13258712208631435,0,0,1,0,0,0,0,0,0,0,1,0,0,0
1,1,0,0,0.49295774647887325,1,1,0.56,0.304754211862451,1,1,0,0,0,0,0,0,0,0,0,0,0,0
0,0,1,0,0.9859154929577465,1,1,0.8700000000000001,0.8392568659127625,0,1,0,0,1,1,1,1,1,0,1,0,1,0
0,0,1,0,0.04225352112676056,1,1,0.6200000000000001,0.03334871913224094,0,1,0,0,0,0,0,1,0,0,0,0,1,0
1,0,0,0,0.23943661971830985,1,1,0.51,0.13881837064389568,0,1,0,0,0,0,0,0,0,0,0,0,1,0
1,0,1,1,0.8028169014084507,1,1,0.73,0.633856450496192,0,1,0,0,1,1,0,1,0,0,0,0,1,0
0,0,0,0,0.26760563380281693,1,1,0.010000000000000009,0.03900300023078698,0,0,1,0,0,0,0,0,0,0,0,1,0,0
1,0,0,0,0.9014084507042254,1,0,0.08000000000000002,0.1938610662358643,1,0,1,0,0,0,0,0,0,0,1,0,0,0
0,0,0,0,0.0,1,0,0.010000000000000009,0.00011539349180706218,0,0,1,0,0,0,0,0,0,0,0,0,0,1
1,0,1,1,0.4084507042253521,1,1,0.8900000000000001,0.37202861758596817,1,1,0,0,1,1,1,1,1,0,0,0,1,0
0,0,0,1,0.22535211267605634,1,1,0.32,0.09554581121624742,0,0,0,1,0,0,0,0,0,0,0,0,0,1
1,0,1,0,0.014084507042253521,1,0,0.020000000000000018,0.0026540503115624284,0,0,1,0,0,0,0,0,0,0,0,0,0,1
1,0,1,0,1.0,1,0,0.8200000000000001,0.8442187860604662,1,1,0,1,1,1,0,1,0,0,1,0,0,0
0,0,0,0,0.5352112676056339,1,1,0.8200000000000001,0.4365335795061159,0,1,0,1,0,1,0,1,1,0,1,0,1,0
1,0,0,0,0.18309859154929578,1,1,0.53,0.10339256865912763,0,1,0,0,0,0,0,0,0,0,0,1,0,0
0,0,1,1,0.5774647887323944,0,1,0.27,0.2343641818601431,0,0,0,0,1,1,0,0,1,1,0,1,0,0
0,1,1,1,0.9859154929577465,1,1,0.6799999999999999,0.7109393030233094,0,1,0,1,1,1,0,0,0,1,0,0,0,0
1,0,1,1,0.7464788732394366,1,1,0.06,0.1527809831525502,1,0,1,0,0,0,0,0,0,1,0,0,0,0
1,0,0,0,0.5492957746478874,1,0,0.010000000000000009,0.09369951534733442,0,0,1,0,0,0,0,0,0,0,1,1,0,0
0,1,1,0,0.9154929577464789,1,1,0.8900000000000001,0.8115624278790676,1,1,0,0,1,1,1,1,1,1,0,0,0,0
1,0,1,1,1.0,1,1,0.52,0.5939303023309485,1,0,0,1,1,1,1,0,0,0,1,0,0,0
0,1,0,0,0.28169014084507044,1,1,0.78,0.23217170551580893,0,1,0,0,0,1,0,1,1,0,0,0,0,0
1,0,1,1,1.0,1,1,0.6000000000000001,0.6591276252019386,1,0,0,0,1,0,1,1,1,0,1,0,1,0
0,0,1,1,0.9154929577464789,1,1,0.8500000000000001,0.8092545580429263,0,1,0,1,1,1,0,1,1,1,0,0,0,0
1,1,1,0,0.9859154929577465,1,0,0.71,0.7404800369259174,0,1,0,0,1,1,0,0,1,0,1,1,0,0
1,1,0,0,0.16901408450704225,1,1,0.6400000000000001,0.12797138241403186,1,1,0,0,0,0,0,0,1,0,0,0,1,0
0,0,0,1,0.0,0,0,0.06,0.0006923609508423727,0,0,0,0,0,0,0,0,0,0,0,0,0,1
1,0,0,0,0.676056338028169,1,1,0.56,0.4273021001615509,0,0,0,0,0,1,1,1,1,0,1,0,0,0
0,1,1,0,0.4084507042253521,1,1,0.8700000000000001,0.36498961458573737,1,1,0,1,1,1,1,1,0,0,0,0,0,0
0,0,0,0,0.8450704225352113,1,0,0.8600000000000001,0.7321717055158089,1,1,0,1,0,1,0,1,1,1,0,0,1,0
1,0,0,0,0.4084507042253521,1,0,0.6699999999999999,0.28986845141934,0,0,0,1,1,1,1,1,1,1,0,0,0,0
1,0,0,0,0.0,1,1,0.32,0.003692591737825987,1,0,0,0,0,0,0,0,0,0,0,0,0,1
1,0,1,1,0.8450704225352113,1,1,0.6100000000000001,0.5541195476575121,1,0,0,1,1,1,1,0,1,1,0,0,1,0
0,0,0,0,0.9014084507042254,1,1,0.010000000000000009,0.1384721901684745,0,0,1,0,0,0,0,0,0,0,1,1,0,0
0,0,1,1,0.943661971830986,1,1,0.54,0.5694668820678513,0,0,0,0,0,1,1,1,1,0,1,0,0,0
1,0,0,0,0.0,1,0,0.26,0.003000230786983614,0,0,0,0,0,0,0,0,0,0,0,0,0,1
0,0,0,0,0.8732394366197184,1,0,0.07,0.1778213708746827,1,0,1,0,0,0,0,0,0,0,1,0,0,1
0,1,1,1,0.46478873239436624,1,1,0.9000000000000001,0.41622432494807293,1,1,0,0,1,1,1,1,1,0,0,0,1,0
0,0,1,1,0.7183098591549296,1,1,0.5,0.3997230556196631,0,0,0,0,1,1,1,1,0,1,0,0,1,0
0,0,1,0,0.9154929577464789,1,0,0.77,0.7217862912531733,1,1,0,0,1,1,0,0,1,1,0,0,1,0
0,0,0,0,0.0,1,1,0.41,0.004731133164089546,1,0,0,0,0,0,0,1,0,0,0,0,1,0
1,1,1,0,0.3802816901408451,1,1,0.8300000000000001,0.3224094161089315,1,1,0,0,0,0,1,1,1,0,0,1,0,0
0,0,0,0,0.056338028169014086,1,0,0.78,0.05561966305100392,1,1,0,0,1,1,0,0,1,0,0,0,1,0
0,0,0,0,0.1267605633802817,1,0,0.44,0.06854373413339489,0,0,0,1,0,0,1,1,0,0,0,0,0,0
1,0,0,0,0.4366197183098592,1,0,0.56,0.2612508654511886,1,0,0,1,0,0,0,1,1,1,0,0,0,1
0,1,0,0,0.22535211267605634,1,1,0.8300000000000001,0.20009231479344566,0,1,0,0,1,1,0,1,1,0,0,0,1,0
1,0,1,1,0.35211267605633806,1,1,0.42,0.1843987999076852,1,0,0,0,1,0,1,0,0,0,0,0,1,0
0,0,1,1,0.9859154929577465,1,1,0.8800000000000001,0.8891068543734133,1,1,0,0,1,1,0,1,1,0,1,0,0,0
1,0,0,0,0.8732394366197184,1,0,0.06,0.18462958689129935,1,0,1,0,0,0,0,0,0,0,1,0,0,1
1,0,1,1,0.36619718309859156,1,1,0.020000000000000018,0.06519732287099009,0,0,1,0,0,0,0,0,0,1,0,0,0,1
1,1,1,0,0.5070422535211268,1,0,0.010000000000000009,0.08181398569120703,0,0,1,0,0,0,0,0,0,1,0,0,0,1
0,0,1,0,0.9577464788732395,0,1,0.42,0.48984537272097856,0,0,0,0,1,1,1,1,1,1,0,1,0,0
1,0,0,0,0.0,1,0,0.010000000000000009,0.00011539349180706218,0,0,1,0,0,0,0,0,0,0,0,0,1,0
0,0,0,0,0.08450704225352114,1,0,0.46,0.049273021001615507,0,0,0,0,0,1,1,1,0,0,0,0,0,0
1,0,1,1,0.8591549295774649,1,1,0.8800000000000001,0.77140549273021,1,1,0,0,1,0,1,1,1,1,0,1,0,0
0,0,1,0,0.04225352112676056,1,1,0.6200000000000001,0.034733441033925685,0,1,0,0,0,1,1,0,0,0,0,0,0,1
0,1,0,0,0.25352112676056343,1,1,0.7,0.2027463651050081,1,1,0,0,1,0,0,1,0,0,0,0,1,0
0,0,0,1,0.7183098591549296,1,0,0.010000000000000009,0.10500807754442651,0,0,1,0,0,0,0,0,0,1,0,1,0,0
0,1,1,0,0.5633802816901409,1,1,0.76,0.442303254096469,0,1,0,0,1,0,0,1,1,0,0,0,1,0
0,0,1,1,1.0,0,1,0.37000000000000005,0.48015231940918535,0,0,0,1,1,1,1,0,1,0,1,1,0,0
1,0,0,0,0.09859154929577466,1,0,0.48000000000000004,0.06415878144472653,0,0,0,1,0,0,1,0,1,0,0,0,0,0
0,0,0,1,0.9154929577464789,1,0,0.010000000000000009,0.14435725825063467,0,0,1,0,0,0,0,0,0,0,1,1,0,0
1,1,0,0,0.971830985915493,1,1,0.5700000000000001,0.5993537964458804,1,0,0,0,1,1,1,1,0,0,1,0,0,0
1,0,1,1,0.7183098591549296,1,1,0.6599999999999999,0.4971151627048235,0,1,0,1,0,1,1,0,0,0,0,0,0,0
1,1,0,0,0.09859154929577466,1,1,0.74,0.08204477267482115,0,1,0,0,0,1,0,1,1,0,0,0,1,0
0,0,1,0,0.8450704225352113,1,1,0.9600000000000002,0.8209093007154397,1,1,0,0,1,1,1,1,1,0,0,0,1,0
1,0,0,0,0.47887323943661975,0,0,0.06,0.0916224324948073,0,0,0,0,0,0,0,0,0,0,0,0,1,0
0,0,0,0,0.07042253521126761,1,1,0.6200000000000001,0.05481190860835449,0,0,0,1,0,1,1,1,1,0,1,0,0,1
0,0,0,1,0.33802816901408456,1,0,0.020000000000000018,0.05100392337872144,0,0,1,0,0,0,0,0,0,0,0,0,0,1
1,0,1,1,0.5774647887323944,1,1,0.74,0.4450726978998385,0,1,0,0,0,1,0,1,1,0,0,0,1,0
1,0,0,0,0.08450704225352114,1,1,0.41,0.04581121624740365,0,0,0,0,0,0,1,1,0,0,0,0,0,1
1,0,0,1,0.04225352112676056,1,1,0.8,0.04361873990306947,0,1,0,0,0,1,1,1,1,0,0,0,0,0
1,0,0,0,0.7464788732394366,1,1,0.76,0.581813985691207,0,1,0,0,0,1,0,1,1,1,0,1,0,0
0,0,0,0,0.9154929577464789,1,0,0.5,0.511077775213478,1,0,0,1,1,1,1,0,0,0,1,0,0,0
1,0,0,0,0.014084507042253521,1,1,0.27,0.006462035541195477,0,0,0,0,0,0,0,0,0,0,0,0,0,1
0,0,0,0,0.23943661971830985,1,0,0.37000000000000005,0.12000923147934457,0,0,0,0,0,1,1,0,0,0,0,1,0,0
0,0,1,1,0.056338028169014086,1,1,0.07,0.013501038541426265,1,0,1,0,0,0,0,0,0,0,0,0,0,0
0,0,1,0,0.9295774647887325,1,0,0.9100000000000001,0.8439879990768521,1,1,0,1,1,1,0,1,1,1,0,1,0,0
1,0,0,0,0.0,1,1,0.5900000000000001,0.0068082160166166635,1,1,0,0,0,0,0,0,0,0,0,0,1,0
1,0,0,0,0.014084507042253521,1,1,0.020000000000000018,0.002423263327948304,0,0,1,0,0,0,0,0,0,0,0,0,0,0
1,1,0,0,0.6056338028169015,1,0,0.71,0.45834294945765064,0,1,0,0,1,1,0,0,1,1,0,1,0,0
0,1,1,0,0.7887323943661972,1,1,0.53,0.47565197322870995,1,0,0,0,1,1,0,1,0,1,0,1,0,0
0,0,0,0,0.19718309859154928,1,0,0.010000000000000009,0.033002538656819756,0,0,1,0,0,0,0,0,0,1,0,0,0,1
1,0,1,0,0.36619718309859156,1,1,0.8300000000000001,0.30729286868220634,0,1,0,1,0,0,1,1,1,1,0,1,0,0
1,0,0,0,0.056338028169014086,1,0,0.5700000000000001,0.045580429263789524,1,1,0,0,0,0,0,0,0,0,0,0,1,0
0,0,1,1,1.0,1,1,0.8500000000000001,0.8486037387491345,1,1,0,0,1,1,0,1,1,0,1,0,1,0
0,1,0,0,0.6338028169014085,1,0,0.6699999999999999,0.4559196861297023,0,1,0,1,0,0,0,0,1,0,0,0,1,0
1,0,0,0,0.056338028169014086,1,1,0.6699999999999999,0.046388183706438955,0,1,0,0,1,0,0,1,0,0,0,0,0,1
0,0,0,0,0.8169014084507042,0,1,0.33,0.3446803600276945,0,0,0,0,0,0,1,1,1,0,0,0,1,0
0,0,0,0,0.9577464788732395,1,1,0.010000000000000009,0.1442418647588276,0,0,1,0,0,0,0,0,0,0,1,0,0,1
1,0,0,1,0.23943661971830985,1,0,0.07,0.05031156242787907,1,0,1,0,0,0,0,0,0,0,1,1,0,0
1,0,0,1,0.6901408450704226,1,0,0.52,0.40560812370182325,0,1,0,0,0,0,0,0,0,0,1,1,0,0
1,0,1,0,0.9859154929577465,1,1,0.8700000000000001,0.8697207477498269,1,1,0,0,1,1,0,1,1,0,1,0,0,0
0,0,0,1,0.0,1,1,0.26,0.003000230786983614,0,0,0,0,0,0,0,0,0,0,0,0,1,0
0,1,1,0,0.36619718309859156,1,1,0.6599999999999999,0.2643664897299792,1,0,0,0,1,1,1,1,1,0,0,0,0,0
0,0,1,0,0.7887323943661972,1,0,0.37000000000000005,0.3638356796676668,0,0,0,1,0,0,1,0,0,0,0,0,1,0
0,0,0,0,0.07042253521126761,1,0,0.020000000000000018,0.01050080775444265,0,0,1,0,0,0,0,0,0,0,0,0,0,1
1,0,1,1,0.7746478873239437,1,1,0.9100000000000001,0.6848603738749134,1,1,0,1,0,1,1,1,1,0,0,0,0,1
1,1,0,0,0.619718309859155,1,1,0.8400000000000001,0.5443111008539118,1,1,0,0,0,1,0,1,1,1,0,0,0,0
1,0,1,0,1.0,1,0,0.07,0.21567043618739903,1,0,1,0,0,0,0,0,0,0,1,0,0,0
1,1,0,0,0.0,1,1,0.52,0.006000461573967228,0,1,0,0,0,0,0,0,0,0,0,0,0,1
0,0,1,1,0.9577464788732395,1,0,0.6799999999999999,0.7126702054004154,1,0,0,1,0,1,1,1,1,0,1,0,0,0
1,0,1,0,0.7605633802816901,1,1,0.5900000000000001,0.5123471036233557,1,1,0,0,0,1,0,0,0,0,0,0,1,0
1,1,1,1,0.4225352112676057,1,1,0.8,0.3338333717978306,0,1,0,0,0,1,1,1,1,0,0,0,1,0
1,0,0,0,0.11267605633802817,1,0,0.76,0.09681513962612509,1,1,0,0,0,0,0,1,1,0,0,0,1,0
1,0,1,1,0.47887323943661975,1,0,0.010000000000000009,0.07962150934687284,0,0,1,0,0,0,0,0,0,1,0,0,0,1
0,0,0,1,0.5352112676056339,1,0,0.010000000000000009,0.08781444726517425,0,0,1,0,0,0,0,0,0,1,0,0,0,0
1,0,0,0,0.7887323943661972,0,1,0.23000000000000004,0.25848142164781907,0,0,0,1,0,1,1,0,0,1,0,1,0,0
0,1,1,0,0.8450704225352113,1,0,0.46,0.44818832217862914,1,0,0,0,1,0,0,0,1,1,0,0,0,0
0,0,0,0,0.22535211267605634,1,0,0.6799999999999999,0.16062774059543042,1,1,0,0,0,1,1,0,0,1,0,0,1,0
1,0,0,0,0.943661971830986,1,0,0.9200000000000002,0.8378721440110778,1,1,0,1,1,0,1,1,1,0,1,1,0,0
0,0,1,0,0.4225352112676057,1,1,0.41,0.21509346872836374,1,0,0,0,0,0,0,1,0,0,0,1,0,0
1,0,1,0,0.1267605633802817,1,0,0.020000000000000018,0.01915531963997231,0,0,1,0,0,0,0,0,0,1,0,0,0,1
0,0,0,0,0.8732394366197184,1,1,0.6799999999999999,0.6105469651511655,0,0,0,1,1,1,1,1,1,0,1,0,0,0
1,0,1,1,1.0,1,1,0.77,0.8003692591737825,1,1,0,1,1,0,0,1,0,0,1,0,0,0
0,0,0,0,0.4366197183098592,1,1,0.020000000000000018,0.068774521117009,0,0,1,0,0,0,0,0,0,0,1,0,0,0
0,0,0,0,0.1267605633802817,1,1,0.9200000000000002,0.11827832910223865,0,1,0,1,1,1,1,1,1,0,0,0,1,0
1,0,0,0,0.943661971830986,1,1,0.7,0.7073621047772906,1,0,0,1,1,1,1,1,1,0,1,0,1,0
0,0,1,1,0.7464788732394366,0,0,0.28,0.27763674128779137,0,0,0,0,0,1,1,0,1,0,1,1,0,0
0,0,1,0,0.8169014084507042,1,1,0.51,0.4705746595891992,1,0,0,1,0,0,1,0,1,1,0,0,0,1
1,0,1,1,0.5352112676056339,1,0,0.33,0.23632587122086315,0,0,0,1,0,0,0,0,0,0,0,1,0,0
1,1,1,0,1.0,1,1,0.9600000000000002,0.9576505885068082,1,1,0,1,1,1,1,1,1,0,1,0,0,0
0,0,1,1,0.9577464788732395,1,1,0.8700000000000001,0.8399492268636048,1,1,0,0,1,1,0,1,1,0,1,0,1,0
0,0,0,0,0.08450704225352114,1,1,0.0,0.012924071082390954,0,0,1,0,0,0,0,0,0,0,0,0,0,1
1,0,1,1,0.04225352112676056,1,0,0.32,0.025501961689360718,1,0,0,0,0,0,0,0,0,0,0,0,0,1
1,0,0,0,0.0,1,1,0.26,0.003000230786983614,0,0,0,0,0,0,0,0,0,0,0,1,0,0
1,0,1,1,0.25352112676056343,1,1,0.06,0.051811677821370875,1,0,1,0,0,0,0,0,0,0,1,0,0,0
0,0,0,0,0.014084507042253521,1,0,0.52,0.013154858066005078,0,0,0,0,0,0,1,1,1,0,0,0,1,0
0,0,1,1,0.619718309859155,1,0,0.6000000000000001,0.4133394876528964,1,0,0,0,1,1,0,1,1,1,0,1,0,0
0,1,0,0,0.323943661971831,1,1,0.8300000000000001,0.27948303715670436,1,1,0,0,1,0,0,1,1,0,0,0,1,0
1,0,1,0,0.26760563380281693,1,0,0.6400000000000001,0.18162935610431574,1,1,0,1,0,0,0,0,0,0,0,0,1,0
0,0,1,0,0.295774647887324,1,1,0.36000000000000004,0.1308562197092084,0,0,0,1,0,0,1,0,0,0,0,0,1,0
0,0,0,1,0.4084507042253521,0,1,0.26,0.14874221093930304,0,0,0,0,0,0,0,1,1,0,0,0,1,0
1,0,0,0,0.46478873239436624,1,0,0.37000000000000005,0.21543964920378492,0,0,0,1,1,0,0,0,0,1,0,0,0,1
1,0,0,0,0.0,1,0,0.010000000000000009,0.00011539349180706218,0,0,1,0,0,0,0,0,0,0,0,0,0,1
1,1,1,1,0.3098591549295775,1,1,0.7,0.24371105469651513,0,1,0,0,1,1,0,0,1,0,0,0,0,0
1,0,0,0,0.7464788732394366,1,1,0.76,0.5888529886914378,1,1,0,0,1,1,0,1,0,1,0,0,0,0
1,0,1,1,0.971830985915493,1,1,0.020000000000000018,0.1607431340872375,0,0,1,0,0,0,0,0,0,0,1,1,0,0
1,0,0,1,0.014084507042253521,1,0,0.6200000000000001,0.019616893607200557,1,1,0,1,0,0,0,0,0,0,0,1,0,0
1,0,1,1,0.014084507042253521,1,0,0.020000000000000018,0.001500115393491807,0,0,1,0,0,0,0,0,0,1,0,0,0,1
1,1,1,0,0.8309859154929577,1,1,0.9200000000000002,0.7673667205169629,0,1,0,1,1,1,1,1,1,0,1,0,0,0
0,0,0,0,0.02816901408450704,1,1,0.8700000000000001,0.035195015001153934,1,1,0,0,1,1,0,1,1,0,0,0,0,0
0,0,0,0,0.8169014084507042,1,1,0.43,0.4185321947842142,0,0,0,0,0,1,0,0,1,1,0,0,0,0
0,0,1,1,0.04225352112676056,1,0,0.0,0.007615970459266097,0,0,1,0,0,0,0,0,0,0,0,0,0,1
0,0,0,0,0.323943661971831,1,1,0.31,0.137549042234018,0,0,0,1,0,0,0,0,0,0,0,0,0,0
0,0,0,0,0.4225352112676057,1,1,0.8300000000000001,0.360604661897069,0,1,0,0,1,1,0,1,1,0,0,0,1,0
0,0,1,1,0.6056338028169015,1,1,0.74,0.47357489037618283,0,1,0,0,0,1,0,1,1,0,0,0,0,0
0,1,0,0,0.0,1,0,0.27,0.0031156242787906763,0,0,0,0,0,0,0,0,0,0,0,0,0,0
1,0,0,1,0.056338028169014086,1,1,0.33,0.030925455804292637,0,0,0,0,0,0,1,0,0,0,0,0,0,1
0,0,0,0,0.014084507042253521,1,1,0.6400000000000001,0.01915531963997231,1,1,0,0,1,0,0,0,0,0,0,0,1,0
1,0,1,1,0.9014084507042254,1,0,0.73,0.6860143087929841,1,0,0,1,1,1,1,1,1,0,1,0,0,0
0,1,0,0,0.295774647887324,1,1,0.78,0.23817216708977615,1,1,0,0,0,0,0,1,1,0,0,0,1,0
1,0,0,0,0.3802816901408451,1,1,0.41,0.18878375259635358,0,0,0,1,1,0,1,0,0,1,0,0,1,0
1,0,1,0,0.02816901408450704,1,1,0.010000000000000009,0.0031156242787906763,0,0,1,0,0,0,0,0,0,0,0,0,0,1
1,0,0,0,0.36619718309859156,1,1,0.020000000000000018,0.060004615739672286,0,0,1,0,0,0,0,0,0,0,1,0,0,0
0,1,1,1,0.3802816901408451,1,1,0.33,0.15728132933302563,1,0,0,0,0,0,0,0,0,1,0,0,1,0
1,1,0,0,0.9154929577464789,1,1,0.45,0.47957535195015005,1,0,0,1,1,0,1,0,0,1,0,1,0,0
1,0,1,1,0.9577464788732395,1,0,0.010000000000000009,0.15324255711977847,0,0,1,0,0,0,0,0,0,0,1,0,0,1
0,0,0,0,1.0,1,0,0.9100000000000001,0.9069928456035079,1,1,0,0,1,1,1,1,1,0,1,0,0,0
1,0,1,1,0.9295774647887325,1,0,0.76,0.7251327025155782,1,1,0,0,1,0,1,1,0,0,1,1,0,0
1,0,1,1,0.9154929577464789,1,1,0.31,0.37306715901223175,0,0,0,0,0,0,1,0,0,1,0,1,0,0
0,0,0,0,0.014084507042253521,1,0,0.010000000000000009,0.0033464112624048007,0,0,1,0,0,0,0,0,0,1,0,0,0,1
1,0,1,1,0.36619718309859156,1,0,0.56,0.22547888299099933,0,1,0,1,0,0,0,0,0,0,0,0,0,1
1,0,0,0,0.19718309859154928,1,1,0.76,0.17159012231710133,0,1,0,0,0,1,0,1,1,0,0,1,0,0
1,0,0,1,0.9295774647887325,1,1,0.8600000000000001,0.8101777059773828,1,1,0,0,1,0,1,1,1,0,1,0,1,0
1,1,1,1,0.0,1,1,0.51,0.005885068082160166,0,1,0,0,0,0,0,0,0,0,0,0,1,0
0,0,1,1,0.09859154929577466,1,0,0.020000000000000018,0.016962843295638123,0,0,1,0,0,0,0,0,0,0,1,0,0,1
0,0,1,1,0.6901408450704226,1,1,0.51,0.3951073159473806,1,0,0,0,0,1,1,1,0,1,0,0,1,0
1,0,1,0,0.0,1,0,0.6000000000000001,0.006923609508423726,0,1,0,0,0,0,0,1,0,0,0,0,1,0
0,0,1,1,0.2112676056338028,1,0,0.020000000000000018,0.031387029771520886,0,0,1,0,0,0,0,0,0,0,1,0,0,1
0,1,0,0,0.7042253521126761,1,1,0.6100000000000001,0.45649665358873764,1,1,0,0,1,0,0,0,0,1,0,0,0,0
0,0,1,1,0.9577464788732395,1,1,0.5700000000000001,0.6196630510039234,0,0,0,1,1,1,1,1,0,0,1,0,0,0
0,0,1,1,0.056338028169014086,1,0,0.010000000000000009,0.007846757442880221,0,0,1,0,0,0,0,0,0,0,0,0,0,1
0,0,0,0,0.9577464788732395,1,0,0.010000000000000009,0.15935841218555274,0,0,1,0,0,0,0,0,0,0,1,1,0,0
0,0,1,0,0.1267605633802817,1,1,0.81,0.11216247403646436,0,1,0,0,1,0,1,1,1,0,0,0,1,0
1,0,1,1,0.23943661971830985,1,1,0.43,0.12335564274174937,0,0,0,1,1,0,1,0,0,1,0,0,0,1
0,1,1,0,0.0,1,1,0.6799999999999999,0.007846757442880221,1,1,0,0,0,0,0,1,0,0,0,0,1,0
1,0,1,0,0.5492957746478874,1,0,0.38000000000000006,0.2724440341564736,1,0,0,0,1,0,0,0,0,0,0,1,0,0
1,0,1,0,1.0,1,0,0.020000000000000018,0.17124394184168015,0,0,1,0,0,0,0,0,0,0,1,1,0,0
1,0,1,1,0.47887323943661975,1,1,0.36000000000000004,0.21901684744980385,0,0,0,1,0,0,1,0,0,1,0,0,0,0
0,0,0,0,0.056338028169014086,1,0,0.020000000000000018,0.01050080775444265,0,0,1,0,0,0,0,0,0,0,0,0,0,1
1,0,1,0,0.295774647887324,1,1,0.6100000000000001,0.19893837987537505,1,0,0,1,0,0,1,1,1,0,0,0,1,0
0,0,1,1,0.19718309859154928,1,0,0.010000000000000009,0.03000230786983614,0,0,1,0,0,0,0,0,0,0,1,0,0,1
0,0,0,0,0.4366197183098592,1,0,0.69,0.3171013154858066,1,1,0,1,0,0,1,0,0,0,0,0,0,0
1,0,1,1,0.0,1,1,0.56,0.006462035541195477,0,1,0,0,1,0,0,0,0,0,0,0,1,0
0,0,0,0,0.7042253521126761,0,1,0.26,0.24959612277867532,0,0,0,1,0,0,1,0,1,0,0,1,0,0
1,0,0,0,0.014084507042253521,1,1,0.52,0.013731825525040387,0,1,0,0,0,0,0,0,0,0,0,0,1,0
0,0,1,0,0.4366197183098592,1,1,0.6100000000000001,0.3001384721901685,1,1,0,0,0,0,1,0,0,1,0,0,1,0
1,0,1,0,0.7605633802816901,1,1,0.8500000000000001,0.6528963766443573,1,1,0,0,1,1,0,1,1,0,0,1,0,0
1,0,0,0,0.5774647887323944,1,1,0.6000000000000001,0.3871451650126933,1,0,0,0,0,1,1,1,1,0,1,1,0,0
1,1,1,0,1.0,1,1,0.8700000000000001,0.8782598661435495,1,1,0,0,1,1,0,1,1,1,0,1,0,0
0,0,0,0,0.02816901408450704,1,0,0.6699999999999999,0.02746365105008078,0,1,0,0,0,1,0,0,1,0,0,1,0,0
0,0,0,1,0.4225352112676057,1,1,0.6100000000000001,0.2964458804523425,1,0,0,0,1,0,1,1,1,1,0,0,0,1
0,0,0,1,0.47887323943661975,1,1,0.6699999999999999,0.347565197322871,0,1,0,0,0,1,0,1,0,1,0,0,1,0
0,0,1,1,0.6056338028169015,0,1,0.36000000000000004,0.2719824601892453,0,0,0,1,1,1,1,0,1,0,1,1,0,0
1,0,1,1,1.0,1,0,0.9100000000000001,0.9080313870297715,1,1,0,1,1,1,0,1,1,0,1,1,0,0
1,0,1,1,1.0,1,1,0.56,0.602238633741057,0,0,0,1,1,1,1,0,1,0,1,0,1,0
0,0,0,0,0.8028169014084507,1,0,0.020000000000000018,0.12843295638126012,0,0,1,0,0,0,0,0,0,0,1,1,0,0
0,1,0,1,0.14084507042253522,1,1,0.36000000000000004,0.0672744057235172,0,0,0,0,1,0,1,0,0,0,0,0,1,0
0,0,0,0,0.19718309859154928,1,1,0.75,0.16455111931687055,1,1,0,0,0,0,0,1,1,0,0,0,1,0
0,0,1,0,1.0,1,0,0.9600000000000002,0.9643434110316178,1,1,0,1,1,1,1,1,1,0,1,1,0,0
1,0,0,0,0.16901408450704225,1,1,0.6699999999999999,0.13812600969305333,1,1,0,0,0,0,0,0,1,0,0,0,1,0
1,1,0,1,0.4507042253521127,1,1,0.8700000000000001,0.39776136625894304,1,1,0,0,1,1,0,1,1,0,0,0,0,0
0,1,1,0,0.02816901408450704,0,1,0.18,0.008654511885529657,0,0,0,0,0,0,0,1,0,0,0,0,0,1
1,0,0,0,0.35211267605633806,1,1,0.7,0.26032771751673206,0,1,0,0,0,0,0,1,1,0,0,0,0,0
1,0,1,0,0.8309859154929577,1,1,0.79,0.6453957996768982,0,1,0,1,0,0,1,1,1,0,1,0,1,0
0,0,1,0,0.11267605633802817,1,1,0.76,0.10062312485575814,0,1,0,0,1,1,1,1,0,0,0,0,0,1
1,0,0,0,0.02816901408450704,1,0,0.010000000000000009,0.005192707131317794,0,0,1,0,0,0,0,0,0,0,0,0,0,1
1,0,0,1,0.0,1,1,0.71,0.008192937918301408,0,1,0,0,0,0,0,1,1,0,0,0,1,0
0,1,1,0,0.8873239436619719,1,0,0.8400000000000001,0.7523655665820448,1,1,0,0,0,1,1,1,1,0,1,0,1,0
0,0,0,0,0.9295774647887325,1,0,0.98,0.8924532656358182,1,1,0,1,1,1,1,1,1,0,1,1,0,0
1,0,0,0,0.7323943661971831,1,0,0.010000000000000009,0.11897069005308102,0,0,1,0,0,0,0,0,0,0,1,1,0,0
0,1,0,0,0.11267605633802817,1,1,0.56,0.07615970459266098,1,1,0,0,0,0,0,0,0,0,0,0,1,0
1,0,0,0,0.8028169014084507,1,1,0.77,0.669166858989153,0,1,0,0,0,0,1,1,1,0,0,0,1,0
0,0,1,0,0.7323943661971831,0,1,0.42,0.3653357950611586,0,0,0,0,1,1,1,1,1,1,0,0,1,0
1,0,0,0,0.014084507042253521,1,1,0.6100000000000001,0.016847449803831065,0,1,0,0,0,0,0,1,0,0,0,0,1,0
1,0,1,0,0.8873239436619719,1,1,0.81,0.7335564274174936,0,1,0,1,0,1,0,1,1,0,1,0,0,0
0,1,1,0,0.26760563380281693,1,1,0.55,0.16674359566120472,0,1,0,0,1,0,0,0,0,0,0,0,1,0
